settlementNameHeb,neighborhood,streetNameHeb,houseNum,dealAmount,assetArea,assetRoomNum,floor_num,deal_year,deal_month,X,Y,E,N,socio_index_avg,socio_rank_avg
ראשון לציון,נווה חוף,,,671000,78,4.0,3.0,2004,2,175522.62,655997.56,34.739527,31.996255,0.763,1102.0
בת ים,אזור תעשיה,האורגים,12.0,300000,60,3.0,4.0,2025,7,176018.48,657489.49,34.744707,32.009728,-0.115,605.6
בת ים,אזור תעשיה,האורגים,12.0,1760000,55,3.0,3.0,2025,6,176018.48,657489.49,34.744707,32.009728,-0.115,605.6
בת ים,אזור תעשיה,האורגים,12.0,1230000,50,3.0,3.0,2021,2,176018.48,657489.49,34.744707,32.009728,-0.115,605.6
בת ים,אזור תעשיה,האורגים,12.0,994000,66,3.0,3.0,2019,12,176018.48,657489.49,34.744707,32.009728,-0.115,605.6
בת ים,אזור תעשיה,האורגים,12.0,388000,65,3.0,5.0,2014,12,176018.48,657489.49,34.744707,32.009728,-0.115,605.6
בת ים,אזור תעשיה,האורגים,12.0,650000,49,3.0,4.0,2010,3,176018.48,657489.49,34.744707,32.009728,-0.115,605.6
בת ים,אזור תעשיה,האורגים,12.0,119000,65,3.0,3.0,2010,1,176018.48,657489.49,34.744707,32.009728,-0.115,605.6
בת ים,אזור תעשיה,האורגים,12.0,570000,49,3.0,3.0,2009,4,176018.48,657489.49,34.744707,32.009728,-0.115,605.6
בת ים,אזור תעשיה,האורגים,12.0,132000,65,3.0,5.0,2007,6,176018.48,657489.49,34.744707,32.009728,-0.115,605.6
בת ים,אזור תעשיה,האורגים,12.0,342000,49,3.0,3.0,2006,5,176018.48,657489.49,34.744707,32.009728,-0.115,605.6
בת ים,אזור תעשיה,האורגים,2.0,1500000,59,2.0,4.0,2025,7,176130.14,657617.87,34.745883,32.01089,-0.115,605.6
בת ים,אזור תעשיה,האורגים,2.0,200000,45,2.0,3.0,2025,2,176130.14,657617.87,34.745883,32.01089,-0.115,605.6
בת ים,אזור תעשיה,האורגים,8.0,2560000,93,4.0,0.0,2024,12,176058.41,657524.25,34.745128,32.010043,-0.115,605.6
בת ים,אזור תעשיה,האורגים,6.0,2039000,86,4.0,5.0,2024,10,176081.19,657572.39,34.745367,32.010478,-0.115,605.6
בת ים,אזור תעשיה,האורגים,2.0,1490000,41,2.5,4.0,2024,10,176130.14,657617.87,34.745883,32.01089,-0.115,605.6
בת ים,אזור תעשיה,האורגים,24.0,1800000,58,3.0,4.0,2024,7,175896.21,657311.58,34.743421,32.008119,-0.115,605.6
בת ים,אזור תעשיה,האורגים,10.0,2080000,72,3.0,4.0,2024,4,176043.09,657499.7,34.744967,32.009821,-0.115,605.6
בת ים,אזור תעשיה,האורגים,24.0,2050000,62,3.0,3.0,2024,3,175896.21,657311.58,34.743421,32.008119,-0.115,605.6
בת ים,אזור תעשיה,האורגים,6.0,2200000,85,4.0,6.0,2024,2,176081.19,657572.39,34.745367,32.010478,-0.115,605.6
בת ים,אזור תעשיה,האורגים,16.0,2200000,88,4.0,6.0,2024,2,175976.45,657405.83,34.744266,32.008972,-0.115,605.6
בת ים,אזור תעשיה,האורגים,2.0,1368600,45,2.0,1.0,2023,12,176130.14,657617.87,34.745883,32.01089,-0.115,605.6
בת ים,אזור תעשיה,האורגים,4.0,1411000,64,2.0,4.0,2023,9,176105.27,657590.48,34.745621,32.010642,-0.115,605.6
בת ים,אזור תעשיה,האורגים,16.0,2330000,103,5.0,5.0,2023,8,175976.45,657405.83,34.744266,32.008972,-0.115,605.6
בת ים,אזור תעשיה,האורגים,6.0,2400000,115,5.0,7.0,2023,3,176081.19,657572.39,34.745367,32.010478,-0.115,605.6
בת ים,אזור תעשיה,האורגים,16.0,2975000,91,4.0,7.0,2022,11,175976.45,657405.83,34.744266,32.008972,-0.115,605.6
בת ים,אזור תעשיה,האורגים,6.0,2320000,91,4.0,8.0,2022,11,176081.19,657572.39,34.745367,32.010478,-0.115,605.6
בת ים,אזור תעשיה,האורגים,4.0,1555000,59,2.0,4.0,2022,11,176105.27,657590.48,34.745621,32.010642,-0.115,605.6
בת ים,אזור תעשיה,האורגים,8.0,2180000,99,4.0,0.0,2022,6,176058.41,657524.25,34.745128,32.010043,-0.115,605.6
בת ים,אזור תעשיה,האורגים,18.0,1720000,77,4.0,3.0,2022,5,175958.98,657384.06,34.744082,32.008775,-0.115,605.6
בת ים,אזור תעשיה,האורגים,2.0,1385000,41,2.0,3.0,2022,5,176130.14,657617.87,34.745883,32.01089,-0.115,605.6
בת ים,אזור תעשיה,האורגים,24.0,1830000,77,3.0,3.0,2022,4,175896.21,657311.58,34.743421,32.008119,-0.115,605.6
בת ים,אזור תעשיה,האורגים,4.0,1375000,77,2.0,1.0,2022,2,176105.27,657590.48,34.745621,32.010642,-0.115,605.6
בת ים,אזור תעשיה,האורגים,10.0,1480000,72,3.0,3.0,2021,11,176043.09,657499.7,34.744967,32.009821,-0.115,605.6
בת ים,אזור תעשיה,האורגים,8.0,1590000,72,3.0,4.0,2021,8,176058.41,657524.25,34.745128,32.010043,-0.115,605.6
בת ים,אזור תעשיה,האורגים,2.0,1200000,50,2.0,1.0,2021,7,176130.14,657617.87,34.745883,32.01089,-0.115,605.6
בת ים,אזור תעשיה,האורגים,16.0,2100000,97,4.0,4.0,2021,5,175976.45,657405.83,34.744266,32.008972,-0.115,605.6
בת ים,אזור תעשיה,האורגים,4.0,1060000,59,2.0,4.0,2021,4,176105.27,657590.48,34.745621,32.010642,-0.115,605.6
בת ים,אזור תעשיה,האורגים,10.0,2000000,72,3.0,3.0,2021,4,176043.09,657499.7,34.744967,32.009821,-0.115,605.6
בת ים,אזור תעשיה,האורגים,8.0,1799000,91,3.0,3.0,2021,4,176058.41,657524.25,34.745128,32.010043,-0.115,605.6
בת ים,אזור תעשיה,האורגים,10.0,1799000,91,4.0,3.0,2021,4,176043.09,657499.7,34.744967,32.009821,-0.115,605.6
בת ים,אזור תעשיה,האורגים,4.0,1100000,84,2.0,3.0,2021,3,176105.27,657590.48,34.745621,32.010642,-0.115,605.6
בת ים,אזור תעשיה,האורגים,18.0,2530000,135,5.0,3.0,2021,2,175958.98,657384.06,34.744082,32.008775,-0.115,605.6
בת ים,אזור תעשיה,האורגים,18.0,670000,64,3.0,1.0,2021,1,175958.98,657384.06,34.744082,32.008775,-0.115,605.6
בת ים,אזור תעשיה,האורגים,6.0,2600000,90,4.0,8.0,2020,12,176081.19,657572.39,34.745367,32.010478,-0.115,605.6
בת ים,אזור תעשיה,האורגים,2.0,600000,42,2.5,1.0,2020,4,176130.14,657617.87,34.745883,32.01089,-0.115,605.6
בת ים,אזור תעשיה,האורגים,10.0,1760000,98,4.0,3.0,2020,3,176043.09,657499.7,34.744967,32.009821,-0.115,605.6
בת ים,אזור תעשיה,האורגים,2.0,1200000,47,2.0,4.0,2020,3,176130.14,657617.87,34.745883,32.01089,-0.115,605.6
בת ים,אזור תעשיה,האורגים,24.0,1340000,72,3.0,3.0,2020,2,175896.21,657311.58,34.743421,32.008119,-0.115,605.6
בת ים,אזור תעשיה,האורגים,8.0,1330000,52,3.0,3.0,2019,10,176058.41,657524.25,34.745128,32.010043,-0.115,605.6
בת ים,אזור תעשיה,האורגים,24.0,580000,58,3.0,3.0,2019,6,175896.21,657311.58,34.743421,32.008119,-0.115,605.6
בת ים,אזור תעשיה,האורגים,6.0,2300000,120,5.0,7.0,2019,4,176081.19,657572.39,34.745367,32.010478,-0.115,605.6
בת ים,אזור תעשיה,האורגים,8.0,2600000,93,3.0,3.0,2018,11,176058.41,657524.25,34.745128,32.010043,-0.115,605.6
בת ים,אזור תעשיה,האורגים,16.0,2179000,89,4.0,7.0,2018,10,175976.45,657405.83,34.744266,32.008972,-0.115,605.6
בת ים,אזור תעשיה,האורגים,18.0,2450000,135,5.0,3.0,2018,9,175958.98,657384.06,34.744082,32.008775,-0.115,605.6
בת ים,אזור תעשיה,האורגים,2.0,1300000,42,2.0,3.0,2018,8,176130.14,657617.87,34.745883,32.01089,-0.115,605.6
בת ים,אזור תעשיה,האורגים,8.0,473000,76,3.0,4.0,2018,8,176058.41,657524.25,34.745128,32.010043,-0.115,605.6
בת ים,אזור תעשיה,האורגים,2.0,1200000,39,2.0,3.0,2018,2,176130.14,657617.87,34.745883,32.01089,-0.115,605.6
בת ים,אזור תעשיה,האורגים,6.0,2500000,120,5.0,7.0,2017,11,176081.19,657572.39,34.745367,32.010478,-0.115,605.6
בת ים,אזור תעשיה,האורגים,24.0,1320000,72,2.5,3.0,2017,11,175896.21,657311.58,34.743421,32.008119,-0.115,605.6
בת ים,אזור תעשיה,האורגים,24.0,1250000,58,3.0,3.0,2017,10,175896.21,657311.58,34.743421,32.008119,-0.115,605.6
בת ים,אזור תעשיה,האורגים,16.0,1500000,100,3.0,1.0,2017,8,175976.45,657405.83,34.744266,32.008972,-0.115,605.6
בת ים,אזור תעשיה,האורגים,2.0,1000000,45,2.5,3.0,2017,6,176130.14,657617.87,34.745883,32.01089,-0.115,605.6
בת ים,אזור תעשיה,האורגים,2.0,1050000,41,2.5,4.0,2017,5,176130.14,657617.87,34.745883,32.01089,-0.115,605.6
בת ים,אזור תעשיה,האורגים,16.0,1750000,105,5.0,5.0,2017,5,175976.45,657405.83,34.744266,32.008972,-0.115,605.6
בת ים,אזור תעשיה,האורגים,16.0,1799000,103,5.0,5.0,2017,3,175976.45,657405.83,34.744266,32.008972,-0.115,605.6
בת ים,אזור תעשיה,האורגים,6.0,3300000,127,5.0,7.0,2017,2,176081.19,657572.39,34.745367,32.010478,-0.115,605.6
בת ים,אזור תעשיה,האורגים,16.0,1720000,88,4.0,6.0,2016,11,175976.45,657405.83,34.744266,32.008972,-0.115,605.6
בת ים,אזור תעשיה,האורגים,16.0,616000,39,3.0,7.0,2016,11,175976.45,657405.83,34.744266,32.008972,-0.115,605.6
בת ים,אזור תעשיה,האורגים,6.0,500000,49,3.0,5.0,2016,10,176081.19,657572.39,34.745367,32.010478,-0.115,605.6
בת ים,אזור תעשיה,האורגים,4.0,1013000,42,2.0,4.0,2016,9,176105.27,657590.48,34.745621,32.010642,-0.115,605.6
בת ים,אזור תעשיה,האורגים,2.0,950000,45,2.0,1.0,2016,9,176130.14,657617.87,34.745883,32.01089,-0.115,605.6
בת ים,אזור תעשיה,האורגים,2.0,1100000,45,2.0,3.0,2016,9,176130.14,657617.87,34.745883,32.01089,-0.115,605.6
בת ים,אזור תעשיה,האורגים,2.0,1000000,39,2.0,3.0,2016,7,176130.14,657617.87,34.745883,32.01089,-0.115,605.6
בת ים,אזור תעשיה,האורגים,16.0,468000,89,3.0,7.0,2016,6,175976.45,657405.83,34.744266,32.008972,-0.115,605.6
בת ים,אזור תעשיה,האורגים,10.0,1294000,52,3.0,4.0,2016,5,176043.09,657499.7,34.744967,32.009821,-0.115,605.6
בת ים,אזור תעשיה,האורגים,16.0,1750000,90,4.0,6.0,2016,5,175976.45,657405.83,34.744266,32.008972,-0.115,605.6
בת ים,אזור תעשיה,האורגים,18.0,700000,77,3.0,1.0,2016,5,175958.98,657384.06,34.744082,32.008775,-0.115,605.6
בת ים,אזור תעשיה,האורגים,4.0,1050000,78,2.0,3.0,2016,2,176105.27,657590.48,34.745621,32.010642,-0.115,605.6
בת ים,אזור תעשיה,האורגים,16.0,1750000,91,4.0,6.0,2016,1,175976.45,657405.83,34.744266,32.008972,-0.115,605.6
בת ים,אזור תעשיה,האורגים,16.0,1730000,88,4.0,6.0,2015,12,175976.45,657405.83,34.744266,32.008972,-0.115,605.6
בת ים,אזור תעשיה,האורגים,2.0,890000,41,2.5,3.0,2015,12,176130.14,657617.87,34.745883,32.01089,-0.115,605.6
בת ים,אזור תעשיה,האורגים,16.0,1650000,102,5.0,4.0,2015,11,175976.45,657405.83,34.744266,32.008972,-0.115,605.6
בת ים,אזור תעשיה,האורגים,16.0,1650000,102,5.0,1.0,2015,11,175976.45,657405.83,34.744266,32.008972,-0.115,605.6
בת ים,אזור תעשיה,האורגים,24.0,940000,75,3.0,3.0,2015,8,175896.21,657311.58,34.743421,32.008119,-0.115,605.6
בת ים,אזור תעשיה,האורגים,24.0,1100000,58,3.0,1.0,2015,8,175896.21,657311.58,34.743421,32.008119,-0.115,605.6
בת ים,אזור תעשיה,האורגים,16.0,1225000,57,3.0,4.0,2015,7,175976.45,657405.83,34.744266,32.008972,-0.115,605.6
בת ים,אזור תעשיה,האורגים,16.0,1730000,97,4.0,4.0,2015,6,175976.45,657405.83,34.744266,32.008972,-0.115,605.6
בת ים,אזור תעשיה,האורגים,16.0,1740000,97,4.0,4.0,2015,6,175976.45,657405.83,34.744266,32.008972,-0.115,605.6
בת ים,אזור תעשיה,האורגים,6.0,1541000,83,4.0,6.0,2015,6,176081.19,657572.39,34.745367,32.010478,-0.115,605.6
בת ים,אזור תעשיה,האורגים,24.0,825000,58,2.5,1.0,2015,5,175896.21,657311.58,34.743421,32.008119,-0.115,605.6
בת ים,אזור תעשיה,האורגים,16.0,1688000,96,3.0,4.0,2015,4,175976.45,657405.83,34.744266,32.008972,-0.115,605.6
בת ים,אזור תעשיה,האורגים,6.0,1520000,85,4.0,6.0,2015,3,176081.19,657572.39,34.745367,32.010478,-0.115,605.6
בת ים,אזור תעשיה,האורגים,6.0,1400000,86,4.0,5.0,2015,3,176081.19,657572.39,34.745367,32.010478,-0.115,605.6
בת ים,אזור תעשיה,האורגים,16.0,1350000,52,3.0,7.0,2015,1,175976.45,657405.83,34.744266,32.008972,-0.115,605.6
בת ים,אזור תעשיה,האורגים,16.0,1350000,52,3.0,4.0,2015,1,175976.45,657405.83,34.744266,32.008972,-0.115,605.6
בת ים,אזור תעשיה,האורגים,16.0,1360000,52,3.0,4.0,2015,1,175976.45,657405.83,34.744266,32.008972,-0.115,605.6
בת ים,אזור תעשיה,האורגים,16.0,1360000,52,3.0,4.0,2015,1,175976.45,657405.83,34.744266,32.008972,-0.115,605.6
בת ים,אזור תעשיה,האורגים,16.0,1750000,100,5.0,4.0,2014,12,175976.45,657405.83,34.744266,32.008972,-0.115,605.6
בת ים,אזור תעשיה,האורגים,16.0,1750000,100,3.0,3.0,2014,12,175976.45,657405.83,34.744266,32.008972,-0.115,605.6
בת ים,אזור תעשיה,האורגים,2.0,325000,39,2.0,3.0,2014,10,176130.14,657617.87,34.745883,32.01089,-0.115,605.6
בת ים,אזור תעשיה,האורגים,4.0,350000,45,2.0,3.0,2014,10,176105.27,657590.48,34.745621,32.010642,-0.115,605.6
בת ים,אזור תעשיה,האורגים,18.0,1270000,88,3.5,3.0,2014,9,175958.98,657384.06,34.744082,32.008775,-0.115,605.6
בת ים,אזור תעשיה,האורגים,8.0,920000,52,3.0,3.0,2014,8,176058.41,657524.25,34.745128,32.010043,-0.115,605.6
בת ים,אזור תעשיה,האורגים,24.0,900000,58,3.0,3.0,2014,3,175896.21,657311.58,34.743421,32.008119,-0.115,605.6
בת ים,אזור תעשיה,האורגים,4.0,480000,48,2.0,1.0,2013,12,176105.27,657590.48,34.745621,32.010642,-0.115,605.6
בת ים,אזור תעשיה,האורגים,10.0,860000,52,3.0,4.0,2013,12,176043.09,657499.7,34.744967,32.009821,-0.115,605.6
בת ים,אזור תעשיה,האורגים,24.0,900000,58,3.5,1.0,2013,12,175896.21,657311.58,34.743421,32.008119,-0.115,605.6
בת ים,אזור תעשיה,האורגים,2.0,700000,52,2.0,3.0,2013,12,176130.14,657617.87,34.745883,32.01089,-0.115,605.6
בת ים,אזור תעשיה,האורגים,4.0,740000,44,2.0,3.0,2013,4,176105.27,657590.48,34.745621,32.010642,-0.115,605.6
בת ים,אזור תעשיה,האורגים,4.0,700000,40,2.0,4.0,2012,11,176105.27,657590.48,34.745621,32.010642,-0.115,605.6
בת ים,אזור תעשיה,האורגים,4.0,660000,42,2.0,3.0,2012,6,176105.27,657590.48,34.745621,32.010642,-0.115,605.6
בת ים,אזור תעשיה,האורגים,4.0,730000,40,2.0,3.0,2012,6,176105.27,657590.48,34.745621,32.010642,-0.115,605.6
בת ים,אזור תעשיה,האורגים,24.0,750000,58,3.0,4.0,2011,8,175896.21,657311.58,34.743421,32.008119,-0.115,605.6
בת ים,אזור תעשיה,האורגים,8.0,680000,58,3.0,4.0,2011,8,176058.41,657524.25,34.745128,32.010043,-0.115,605.6
בת ים,אזור תעשיה,האורגים,24.0,700000,58,3.0,4.0,2011,7,175896.21,657311.58,34.743421,32.008119,-0.115,605.6
בת ים,אזור תעשיה,האורגים,18.0,1200000,135,5.0,3.0,2011,2,175958.98,657384.06,34.744082,32.008775,-0.115,605.6
בת ים,אזור תעשיה,האורגים,18.0,1152000,135,5.0,3.0,2009,7,175958.98,657384.06,34.744082,32.008775,-0.115,605.6
בת ים,אזור תעשיה,האורגים,4.0,485000,40,2.0,4.0,2009,7,176105.27,657590.48,34.745621,32.010642,-0.115,605.6
בת ים,אזור תעשיה,האורגים,4.0,900000,42,2.0,1.0,2009,6,176105.27,657590.48,34.745621,32.010642,-0.115,605.6
בת ים,אזור תעשיה,האורגים,4.0,460000,40,2.0,4.0,2009,5,176105.27,657590.48,34.745621,32.010642,-0.115,605.6
בת ים,אזור תעשיה,האורגים,16.0,590000,52,3.0,1.0,2009,4,175976.45,657405.83,34.744266,32.008972,-0.115,605.6
בת ים,אזור תעשיה,האורגים,24.0,460000,58,3.0,4.0,2009,2,175896.21,657311.58,34.743421,32.008119,-0.115,605.6
בת ים,אזור תעשיה,האורגים,18.0,700000,85,4.0,3.0,2008,3,175958.98,657384.06,34.744082,32.008775,-0.115,605.6
בת ים,אזור תעשיה,האורגים,2.0,360000,39,2.0,3.0,2008,2,176130.14,657617.87,34.745883,32.01089,-0.115,605.6
בת ים,אזור תעשיה,האורגים,2.0,360000,39,2.0,3.0,2007,11,176130.14,657617.87,34.745883,32.01089,-0.115,605.6
בת ים,אזור תעשיה,האורגים,4.0,370000,42,2.0,3.0,2007,5,176105.27,657590.48,34.745621,32.010642,-0.115,605.6
בת ים,אזור תעשיה,האורגים,2.0,256000,42,2.0,4.0,2006,10,176130.14,657617.87,34.745883,32.01089,-0.115,605.6
בת ים,אזור תעשיה,האורגים,8.0,416000,52,3.0,1.0,2006,10,176058.41,657524.25,34.745128,32.010043,-0.115,605.6
בת ים,אזור תעשיה,האורגים,16.0,356000,52,3.0,3.0,2006,5,175976.45,657405.83,34.744266,32.008972,-0.115,605.6
בת ים,אזור תעשיה,האורגים,10.0,404000,52,3.5,4.0,2005,11,176043.09,657499.7,34.744967,32.009821,-0.115,605.6
בת ים,אזור תעשיה,האורגים,10.0,342000,52,3.0,4.0,2005,3,176043.09,657499.7,34.744967,32.009821,-0.115,605.6
בת ים,אזור תעשיה,האורגים,4.0,279000,40,2.0,3.0,2004,11,176105.27,657590.48,34.745621,32.010642,-0.115,605.6
בת ים,אזור תעשיה,האורגים,2.0,324000,39,2.0,3.0,2004,10,176130.14,657617.87,34.745883,32.01089,-0.115,605.6
בת ים,אזור תעשיה,האורגים,2.0,327000,45,2.0,1.0,2004,9,176130.14,657617.87,34.745883,32.01089,-0.115,605.6
בת ים,אזור תעשיה,האורגים,4.0,136000,54,2.0,1.0,2004,8,176105.27,657590.48,34.745621,32.010642,-0.115,605.6
בת ים,אזור תעשיה,האורגים,4.0,292000,42,2.0,4.0,2004,6,176105.27,657590.48,34.745621,32.010642,-0.115,605.6
בת ים,אזור תעשיה,האורגים,16.0,312000,63,3.0,3.0,2004,2,175976.45,657405.83,34.744266,32.008972,-0.115,605.6
בת ים,אזור תעשיה,האורגים,2.0,267000,42,2.0,3.0,2004,1,176130.14,657617.87,34.745883,32.01089,-0.115,605.6
בת ים,אזור תעשיה,האורגים,24.0,377000,58,3.0,3.0,2003,12,175896.21,657311.58,34.743421,32.008119,-0.115,605.6
בת ים,אזור תעשיה,האורגים,4.0,380000,42,2.0,1.0,2003,11,176105.27,657590.48,34.745621,32.010642,-0.115,605.6
בת ים,אזור תעשיה,האורגים,4.0,295000,40,2.0,4.0,2003,8,176105.27,657590.48,34.745621,32.010642,-0.115,605.6
בת ים,אזור תעשיה,האורגים,16.0,391000,52,3.0,3.0,2003,5,175976.45,657405.83,34.744266,32.008972,-0.115,605.6
בת ים,רמת הנשיא,קרן היסוד,7.0,635000,37,2.0,5.0,2010,12,176476.77,657002.84,34.749579,32.005357,-0.115,605.6
בת ים,רמת הנשיא,קרן היסוד,17.0,2000000,69,3.0,3.0,2025,8,176666.06,656962.68,34.751584,32.005002,-0.115,605.6
בת ים,רמת הנשיא,קרן היסוד,8.0,2200000,96,4.0,4.0,2025,8,176516.35,656931.37,34.750001,32.004714,-0.115,605.6
בת ים,רמת הנשיא,קרן היסוד,19.0,2350000,81,4.0,3.0,2025,6,176666.06,656962.68,34.751584,32.005002,-0.115,605.6
בת ים,רמת הנשיא,קרן היסוד,17.0,2370000,100,4.0,4.0,2025,5,176666.06,656962.68,34.751584,32.005002,-0.115,605.6
בת ים,רמת הנשיא,קרן היסוד,16.0,2143000,88,4.0,6.0,2025,4,176746.69,656878.51,34.752441,32.004246,-0.115,605.6
בת ים,רמת הנשיא,קרן היסוד,17.0,2100000,81,3.5,1.0,2025,3,176666.06,656962.68,34.751584,32.005002,-0.115,605.6
בת ים,רמת הנשיא,קרן היסוד,16.0,2200000,99,4.0,4.0,2025,2,176746.69,656878.51,34.752441,32.004246,-0.115,605.6
בת ים,רמת הנשיא,קרן היסוד,16.0,2100000,88,4.0,5.0,2025,1,176746.69,656878.51,34.752441,32.004246,-0.115,605.6
בת ים,רמת הנשיא,קרן היסוד,9.0,2083300,62,3.0,5.0,2024,12,176527.27,656988.77,34.750114,32.005232,-0.115,605.6
בת ים,רמת הנשיא,קרן היסוד,9.0,2000000,62,3.0,5.0,2024,12,176527.27,656988.77,34.750114,32.005232,-0.115,605.6
בת ים,רמת הנשיא,קרן היסוד,25.0,3125000,112,4.5,1.0,2024,9,176778.76,656932.82,34.752778,32.004737,-0.115,605.6
בת ים,רמת הנשיא,קרן היסוד,23.0,2270000,69,3.0,3.0,2024,6,176719.97,656951.37,34.752155,32.004902,-0.115,605.6
בת ים,רמת הנשיא,קרן היסוד,21.0,1999000,72,4.0,6.0,2023,6,176719.97,656951.37,34.752155,32.004902,-0.115,605.6
בת ים,רמת הנשיא,קרן היסוד,23.0,1500000,82,4.0,7.0,2023,4,176719.97,656951.37,34.752155,32.004902,-0.115,605.6
בת ים,רמת הנשיא,קרן היסוד,8.0,2063000,99,4.0,7.0,2023,2,176516.35,656931.37,34.750001,32.004714,-0.115,605.6
בת ים,רמת הנשיא,קרן היסוד,21.0,2305000,65,3.0,5.0,2022,12,176719.97,656951.37,34.752155,32.004902,-0.115,605.6
בת ים,רמת הנשיא,קרן היסוד,17.0,1800000,64,3.0,5.0,2022,11,176666.06,656962.68,34.751584,32.005002,-0.115,605.6
בת ים,רמת הנשיא,קרן היסוד,18.0,2740000,85,4.0,7.0,2022,10,176746.69,656878.51,34.752441,32.004246,-0.115,605.6
בת ים,רמת הנשיא,קרן היסוד,25.0,2930000,112,4.5,9.0,2022,9,176778.76,656932.82,34.752778,32.004737,-0.115,605.6
בת ים,רמת הנשיא,קרן היסוד,8.0,2280000,88,4.0,3.0,2022,6,176516.35,656931.37,34.750001,32.004714,-0.115,605.6
בת ים,רמת הנשיא,קרן היסוד,16.0,1640000,92,4.0,3.0,2022,1,176746.69,656878.51,34.752441,32.004246,-0.115,605.6
בת ים,רמת הנשיא,קרן היסוד,17.0,1677000,69,3.0,3.0,2021,10,176666.06,656962.68,34.751584,32.005002,-0.115,605.6
בת ים,רמת הנשיא,קרן היסוד,17.0,1860000,81,4.0,3.0,2021,7,176666.06,656962.68,34.751584,32.005002,-0.115,605.6
בת ים,רמת הנשיא,קרן היסוד,10.0,2000000,88,4.0,3.0,2021,4,176516.35,656931.37,34.750001,32.004714,-0.115,605.6
בת ים,רמת הנשיא,קרן היסוד,8.0,1800000,85,4.0,3.0,2021,3,176516.35,656931.37,34.750001,32.004714,-0.115,605.6
בת ים,רמת הנשיא,קרן היסוד,17.0,1835000,81,4.0,4.0,2021,2,176666.06,656962.68,34.751584,32.005002,-0.115,605.6
בת ים,רמת הנשיא,קרן היסוד,15.0,1930000,81,4.0,5.0,2021,2,176617.89,656966.65,34.751074,32.005036,-0.115,605.6
בת ים,רמת הנשיא,קרן היסוד,19.0,1660000,70,3.0,3.0,2020,12,176666.06,656962.68,34.751584,32.005002,-0.115,605.6
בת ים,רמת הנשיא,קרן היסוד,9.0,1700000,82,4.0,3.0,2020,12,176527.27,656988.77,34.750114,32.005232,-0.115,605.6
בת ים,רמת הנשיא,קרן היסוד,25.0,2385000,132,5.0,9.0,2020,11,176778.76,656932.82,34.752778,32.004737,-0.115,605.6
בת ים,רמת הנשיא,קרן היסוד,15.0,1750000,82,3.5,5.0,2020,11,176617.89,656966.65,34.751074,32.005036,-0.115,605.6
בת ים,רמת הנשיא,קרן היסוד,9.0,1430000,62,3.0,1.0,2020,10,176527.27,656988.77,34.750114,32.005232,-0.115,605.6
בת ים,רמת הנשיא,קרן היסוד,19.0,1400000,63,3.0,7.0,2020,3,176666.06,656962.68,34.751584,32.005002,-0.115,605.6
בת ים,רמת הנשיא,קרן היסוד,10.0,1635000,90,3.5,3.0,2020,2,176516.35,656931.37,34.750001,32.004714,-0.115,605.6
בת ים,רמת הנשיא,קרן היסוד,17.0,1415000,64,3.0,5.0,2020,2,176666.06,656962.68,34.751584,32.005002,-0.115,605.6
בת ים,רמת הנשיא,קרן היסוד,21.0,1400000,70,3.0,1.0,2019,9,176719.97,656951.37,34.752155,32.004902,-0.115,605.6
בת ים,רמת הנשיא,קרן היסוד,18.0,1820000,94,4.0,4.0,2019,9,176746.69,656878.51,34.752441,32.004246,-0.115,605.6
בת ים,רמת הנשיא,קרן היסוד,19.0,1650000,70,3.5,3.0,2019,6,176666.06,656962.68,34.751584,32.005002,-0.115,605.6
בת ים,רמת הנשיא,קרן היסוד,18.0,265000,94,4.0,1.0,2019,6,176746.69,656878.51,34.752441,32.004246,-0.115,605.6
בת ים,רמת הנשיא,קרן היסוד,9.0,1475000,70,3.0,4.0,2019,5,176527.27,656988.77,34.750114,32.005232,-0.115,605.6
בת ים,רמת הנשיא,קרן היסוד,10.0,1620000,92,4.0,7.0,2019,4,176516.35,656931.37,34.750001,32.004714,-0.115,605.6
בת ים,רמת הנשיא,קרן היסוד,17.0,1380000,70,3.0,5.0,2019,3,176666.06,656962.68,34.751584,32.005002,-0.115,605.6
בת ים,רמת הנשיא,קרן היסוד,17.0,1865000,72,4.0,6.0,2019,2,176666.06,656962.68,34.751584,32.005002,-0.115,605.6
בת ים,רמת הנשיא,קרן היסוד,21.0,1580000,60,3.0,3.0,2019,2,176719.97,656951.37,34.752155,32.004902,-0.115,605.6
בת ים,רמת הנשיא,קרן היסוד,25.0,2480000,112,4.5,5.0,2019,1,176778.76,656932.82,34.752778,32.004737,-0.115,605.6
בת ים,רמת הנשיא,קרן היסוד,16.0,1580000,105,4.0,3.0,2018,7,176746.69,656878.51,34.752441,32.004246,-0.115,605.6
בת ים,רמת הנשיא,קרן היסוד,8.0,1540000,96,3.5,1.0,2018,7,176516.35,656931.37,34.750001,32.004714,-0.115,605.6
בת ים,רמת הנשיא,קרן היסוד,17.0,1390000,65,3.0,3.0,2018,6,176666.06,656962.68,34.751584,32.005002,-0.115,605.6
בת ים,רמת הנשיא,קרן היסוד,21.0,1410000,72,3.0,7.0,2018,6,176719.97,656951.37,34.752155,32.004902,-0.115,605.6
בת ים,רמת הנשיא,קרן היסוד,8.0,1570000,88,4.0,4.0,2018,2,176516.35,656931.37,34.750001,32.004714,-0.115,605.6
בת ים,רמת הנשיא,קרן היסוד,9.0,1410000,61,3.0,4.0,2018,2,176527.27,656988.77,34.750114,32.005232,-0.115,605.6
בת ים,רמת הנשיא,קרן היסוד,21.0,1600000,83,4.0,1.0,2018,1,176719.97,656951.37,34.752155,32.004902,-0.115,605.6
בת ים,רמת הנשיא,קרן היסוד,10.0,1619000,93,4.0,6.0,2018,1,176516.35,656931.37,34.750001,32.004714,-0.115,605.6
בת ים,רמת הנשיא,קרן היסוד,17.0,1800000,87,4.0,6.0,2017,3,176666.06,656962.68,34.751584,32.005002,-0.115,605.6
בת ים,רמת הנשיא,קרן היסוד,19.0,1425000,63,3.0,4.0,2016,11,176666.06,656962.68,34.751584,32.005002,-0.115,605.6
בת ים,רמת הנשיא,קרן היסוד,23.0,1350000,63,3.0,3.0,2016,5,176719.97,656951.37,34.752155,32.004902,-0.115,605.6
בת ים,רמת הנשיא,קרן היסוד,23.0,1400000,70,3.0,3.0,2016,4,176719.97,656951.37,34.752155,32.004902,-0.115,605.6
בת ים,רמת הנשיא,קרן היסוד,9.0,1340000,73,4.0,3.0,2016,3,176527.27,656988.77,34.750114,32.005232,-0.115,605.6
בת ים,רמת הנשיא,קרן היסוד,10.0,1416000,88,4.0,4.0,2016,3,176516.35,656931.37,34.750001,32.004714,-0.115,605.6
בת ים,רמת הנשיא,קרן היסוד,23.0,1470000,72,4.0,5.0,2016,1,176719.97,656951.37,34.752155,32.004902,-0.115,605.6
בת ים,רמת הנשיא,קרן היסוד,10.0,1480000,88,4.0,7.0,2015,10,176516.35,656931.37,34.750001,32.004714,-0.115,605.6
בת ים,רמת הנשיא,קרן היסוד,17.0,1384000,72,4.0,7.0,2015,10,176666.06,656962.68,34.751584,32.005002,-0.115,605.6
בת ים,רמת הנשיא,קרן היסוד,19.0,1354000,72,4.0,3.0,2015,9,176666.06,656962.68,34.751584,32.005002,-0.115,605.6
בת ים,רמת הנשיא,קרן היסוד,9.0,1250000,61,3.0,7.0,2015,9,176527.27,656988.77,34.750114,32.005232,-0.115,605.6
בת ים,רמת הנשיא,קרן היסוד,15.0,634000,74,4.0,7.0,2015,8,176617.89,656966.65,34.751074,32.005036,-0.115,605.6
בת ים,רמת הנשיא,קרן היסוד,15.0,1200000,65,3.0,3.0,2015,7,176617.89,656966.65,34.751074,32.005036,-0.115,605.6
בת ים,רמת הנשיא,קרן היסוד,8.0,1175000,88,4.0,7.0,2015,5,176516.35,656931.37,34.750001,32.004714,-0.115,605.6
בת ים,רמת הנשיא,קרן היסוד,9.0,1310000,73,4.0,1.0,2015,5,176527.27,656988.77,34.750114,32.005232,-0.115,605.6
בת ים,רמת הנשיא,קרן היסוד,23.0,1405000,72,4.0,4.0,2015,3,176719.97,656951.37,34.752155,32.004902,-0.115,605.6
בת ים,רמת הנשיא,קרן היסוד,9.0,1189000,61,3.0,3.0,2015,3,176527.27,656988.77,34.750114,32.005232,-0.115,605.6
בת ים,רמת הנשיא,קרן היסוד,9.0,1345000,73,4.0,5.0,2015,1,176527.27,656988.77,34.750114,32.005232,-0.115,605.6
בת ים,רמת הנשיא,קרן היסוד,19.0,1150000,63,3.0,3.0,2014,10,176666.06,656962.68,34.751584,32.005002,-0.115,605.6
בת ים,רמת הנשיא,קרן היסוד,21.0,1110000,84,4.0,4.0,2014,10,176719.97,656951.37,34.752155,32.004902,-0.115,605.6
בת ים,רמת הנשיא,קרן היסוד,25.0,2255000,109,5.0,1.0,2014,8,176778.76,656932.82,34.752778,32.004737,-0.115,605.6
בת ים,רמת הנשיא,קרן היסוד,16.0,1380000,89,4.0,5.0,2014,6,176746.69,656878.51,34.752441,32.004246,-0.115,605.6
בת ים,רמת הנשיא,קרן היסוד,18.0,1389000,89,4.0,7.0,2014,5,176746.69,656878.51,34.752441,32.004246,-0.115,605.6
בת ים,רמת הנשיא,קרן היסוד,19.0,1149000,64,3.0,3.0,2014,4,176666.06,656962.68,34.751584,32.005002,-0.115,605.6
בת ים,רמת הנשיא,קרן היסוד,16.0,1260000,88,3.5,5.0,2014,1,176746.69,656878.51,34.752441,32.004246,-0.115,605.6
בת ים,רמת הנשיא,קרן היסוד,9.0,1310000,73,4.0,3.0,2014,1,176527.27,656988.77,34.750114,32.005232,-0.115,605.6
בת ים,רמת הנשיא,קרן היסוד,9.0,1099000,62,3.0,3.0,2013,11,176527.27,656988.77,34.750114,32.005232,-0.115,605.6
בת ים,רמת הנשיא,קרן היסוד,17.0,1220000,87,4.0,1.0,2013,10,176666.06,656962.68,34.751584,32.005002,-0.115,605.6
בת ים,רמת הנשיא,קרן היסוד,15.0,1200000,80,4.0,1.0,2013,6,176617.89,656966.65,34.751074,32.005036,-0.115,605.6
בת ים,רמת הנשיא,קרן היסוד,15.0,1200000,73,4.0,5.0,2013,6,176617.89,656966.65,34.751074,32.005036,-0.115,605.6
בת ים,רמת הנשיא,קרן היסוד,15.0,1230000,73,4.0,4.0,2013,3,176617.89,656966.65,34.751074,32.005036,-0.115,605.6
בת ים,רמת הנשיא,קרן היסוד,15.0,1210000,73,4.0,7.0,2013,3,176617.89,656966.65,34.751074,32.005036,-0.115,605.6
בת ים,רמת הנשיא,קרן היסוד,21.0,1015000,63,3.0,4.0,2013,2,176719.97,656951.37,34.752155,32.004902,-0.115,605.6
בת ים,רמת הנשיא,קרן היסוד,23.0,872000,63,3.0,1.0,2012,12,176719.97,656951.37,34.752155,32.004902,-0.115,605.6
בת ים,רמת הנשיא,קרן היסוד,1.0,600000,65,2.0,6.0,2012,11,176457.64,657036.97,34.749375,32.005664,-0.115,605.6
בת ים,רמת הנשיא,קרן היסוד,9.0,1329000,73,4.0,4.0,2012,10,176527.27,656988.77,34.750114,32.005232,-0.115,605.6
בת ים,רמת הנשיא,קרן היסוד,17.0,1180000,72,4.0,3.0,2012,10,176666.06,656962.68,34.751584,32.005002,-0.115,605.6
בת ים,רמת הנשיא,קרן היסוד,9.0,1050000,61,3.0,7.0,2012,9,176527.27,656988.77,34.750114,32.005232,-0.115,605.6
בת ים,רמת הנשיא,קרן היסוד,15.0,1060000,70,3.0,6.0,2012,9,176617.89,656966.65,34.751074,32.005036,-0.115,605.6
בת ים,רמת הנשיא,קרן היסוד,17.0,1175000,72,4.0,7.0,2012,9,176666.06,656962.68,34.751584,32.005002,-0.115,605.6
בת ים,רמת הנשיא,קרן היסוד,19.0,1020000,63,3.0,3.0,2012,8,176666.06,656962.68,34.751584,32.005002,-0.115,605.6
בת ים,רמת הנשיא,קרן היסוד,23.0,1170000,72,4.0,7.0,2012,8,176719.97,656951.37,34.752155,32.004902,-0.115,605.6
בת ים,רמת הנשיא,קרן היסוד,16.0,1160000,98,3.5,5.0,2012,7,176746.69,656878.51,34.752441,32.004246,-0.115,605.6
בת ים,רמת הנשיא,קרן היסוד,16.0,1150000,88,3.5,4.0,2012,3,176746.69,656878.51,34.752441,32.004246,-0.115,605.6
בת ים,רמת הנשיא,קרן היסוד,16.0,1170000,85,3.5,6.0,2012,1,176746.69,656878.51,34.752441,32.004246,-0.115,605.6
בת ים,רמת הנשיא,קרן היסוד,17.0,1070000,72,4.0,6.0,2011,12,176666.06,656962.68,34.751584,32.005002,-0.115,605.6
בת ים,רמת הנשיא,קרן היסוד,19.0,970000,63,3.0,7.0,2011,9,176666.06,656962.68,34.751584,32.005002,-0.115,605.6
בת ים,רמת הנשיא,קרן היסוד,21.0,1170000,100,4.0,6.0,2011,8,176719.97,656951.37,34.752155,32.004902,-0.115,605.6
בת ים,רמת הנשיא,קרן היסוד,8.0,1300000,75,4.0,3.0,2011,7,176516.35,656931.37,34.750001,32.004714,-0.115,605.6
בת ים,רמת הנשיא,קרן היסוד,25.0,1800000,110,5.0,7.0,2011,6,176778.76,656932.82,34.752778,32.004737,-0.115,605.6
בת ים,רמת הנשיא,קרן היסוד,19.0,940000,63,3.0,3.0,2011,6,176666.06,656962.68,34.751584,32.005002,-0.115,605.6
בת ים,רמת הנשיא,קרן היסוד,10.0,1250000,89,4.0,7.0,2011,4,176516.35,656931.37,34.750001,32.004714,-0.115,605.6
בת ים,רמת הנשיא,קרן היסוד,9.0,880000,61,3.0,3.0,2011,4,176527.27,656988.77,34.750114,32.005232,-0.115,605.6
בת ים,רמת הנשיא,קרן היסוד,17.0,1022000,63,3.0,3.0,2010,11,176666.06,656962.68,34.751584,32.005002,-0.115,605.6
בת ים,רמת הנשיא,קרן היסוד,17.0,1000000,63,3.0,6.0,2010,11,176666.06,656962.68,34.751584,32.005002,-0.115,605.6
בת ים,רמת הנשיא,קרן היסוד,16.0,950000,92,3.5,1.0,2010,7,176746.69,656878.51,34.752441,32.004246,-0.115,605.6
בת ים,רמת הנשיא,קרן היסוד,18.0,1100000,85,3.5,7.0,2010,7,176746.69,656878.51,34.752441,32.004246,-0.115,605.6
בת ים,רמת הנשיא,קרן היסוד,23.0,960000,63,3.0,4.0,2010,6,176719.97,656951.37,34.752155,32.004902,-0.115,605.6
בת ים,רמת הנשיא,קרן היסוד,23.0,892000,64,3.0,3.0,2010,5,176719.97,656951.37,34.752155,32.004902,-0.115,605.6
בת ים,רמת הנשיא,קרן היסוד,19.0,900000,63,3.0,5.0,2010,3,176666.06,656962.68,34.751584,32.005002,-0.115,605.6
בת ים,רמת הנשיא,קרן היסוד,19.0,980000,72,4.0,3.0,2010,2,176666.06,656962.68,34.751584,32.005002,-0.115,605.6
בת ים,רמת הנשיא,קרן היסוד,16.0,995000,88,3.5,5.0,2009,11,176746.69,656878.51,34.752441,32.004246,-0.115,605.6
בת ים,רמת הנשיא,קרן היסוד,8.0,960000,89,3.5,5.0,2009,6,176516.35,656931.37,34.750001,32.004714,-0.115,605.6
בת ים,רמת הנשיא,קרן היסוד,18.0,930000,89,4.0,5.0,2009,5,176746.69,656878.51,34.752441,32.004246,-0.115,605.6
בת ים,רמת הנשיא,קרן היסוד,15.0,1015000,74,4.0,6.0,2009,5,176617.89,656966.65,34.751074,32.005036,-0.115,605.6
בת ים,רמת הנשיא,קרן היסוד,10.0,890000,85,4.0,7.0,2009,5,176516.35,656931.37,34.750001,32.004714,-0.115,605.6
בת ים,רמת הנשיא,קרן היסוד,10.0,850000,88,3.5,1.0,2009,3,176516.35,656931.37,34.750001,32.004714,-0.115,605.6
בת ים,רמת הנשיא,קרן היסוד,25.0,1162000,100,4.0,8.0,2009,1,176778.76,656932.82,34.752778,32.004737,-0.115,605.6
בת ים,רמת הנשיא,קרן היסוד,8.0,800000,86,3.5,1.0,2008,12,176516.35,656931.37,34.750001,32.004714,-0.115,605.6
בת ים,רמת הנשיא,קרן היסוד,25.0,1177000,110,4.0,9.0,2008,12,176778.76,656932.82,34.752778,32.004737,-0.115,605.6
בת ים,רמת הנשיא,קרן היסוד,9.0,890000,73,4.0,3.0,2008,12,176527.27,656988.77,34.750114,32.005232,-0.115,605.6
בת ים,רמת הנשיא,קרן היסוד,18.0,960000,88,3.5,7.0,2008,10,176746.69,656878.51,34.752441,32.004246,-0.115,605.6
בת ים,רמת הנשיא,קרן היסוד,25.0,1575000,130,5.0,1.0,2008,10,176778.76,656932.82,34.752778,32.004737,-0.115,605.6
בת ים,רמת הנשיא,קרן היסוד,25.0,1550000,120,5.0,1.0,2008,8,176778.76,656932.82,34.752778,32.004737,-0.115,605.6
בת ים,רמת הנשיא,קרן היסוד,25.0,1175000,110,4.5,8.0,2008,8,176778.76,656932.82,34.752778,32.004737,-0.115,605.6
בת ים,רמת הנשיא,קרן היסוד,21.0,717000,63,3.0,7.0,2008,8,176719.97,656951.37,34.752155,32.004902,-0.115,605.6
בת ים,רמת הנשיא,קרן היסוד,9.0,620000,61,3.0,3.0,2008,6,176527.27,656988.77,34.750114,32.005232,-0.115,605.6
בת ים,רמת הנשיא,קרן היסוד,8.0,775000,89,4.0,5.0,2008,4,176516.35,656931.37,34.750001,32.004714,-0.115,605.6
בת ים,רמת הנשיא,קרן היסוד,25.0,1085000,120,4.5,7.0,2008,4,176778.76,656932.82,34.752778,32.004737,-0.115,605.6
בת ים,רמת הנשיא,קרן היסוד,25.0,1108000,100,4.0,7.0,2008,4,176778.76,656932.82,34.752778,32.004737,-0.115,605.6
בת ים,רמת הנשיא,קרן היסוד,15.0,630000,61,3.0,3.0,2008,3,176617.89,656966.65,34.751074,32.005036,-0.115,605.6
בת ים,רמת הנשיא,קרן היסוד,25.0,1150000,120,5.0,3.0,2008,3,176778.76,656932.82,34.752778,32.004737,-0.115,605.6
בת ים,רמת הנשיא,קרן היסוד,25.0,1135000,130,5.0,3.0,2008,2,176778.76,656932.82,34.752778,32.004737,-0.115,605.6
בת ים,רמת הנשיא,קרן היסוד,25.0,1100000,110,4.0,0.0,2008,2,176778.76,656932.82,34.752778,32.004737,-0.115,605.6
בת ים,רמת הנשיא,קרן היסוד,25.0,1075000,110,4.5,6.0,2008,2,176778.76,656932.82,34.752778,32.004737,-0.115,605.6
בת ים,רמת הנשיא,קרן היסוד,25.0,1170000,125,5.0,9.0,2008,1,176778.76,656932.82,34.752778,32.004737,-0.115,605.6
בת ים,רמת הנשיא,קרן היסוד,15.0,680000,62,3.0,6.0,2008,1,176617.89,656966.65,34.751074,32.005036,-0.115,605.6
בת ים,רמת הנשיא,קרן היסוד,8.0,581000,85,3.5,3.0,2008,1,176516.35,656931.37,34.750001,32.004714,-0.115,605.6
בת ים,רמת הנשיא,קרן היסוד,19.0,595000,73,4.0,7.0,2008,1,176666.06,656962.68,34.751584,32.005002,-0.115,605.6
בת ים,רמת הנשיא,קרן היסוד,23.0,750000,72,4.0,6.0,2007,12,176719.97,656951.37,34.752155,32.004902,-0.115,605.6
בת ים,רמת הנשיא,קרן היסוד,25.0,1025000,110,4.5,4.0,2007,12,176778.76,656932.82,34.752778,32.004737,-0.115,605.6
בת ים,רמת הנשיא,קרן היסוד,17.0,650000,63,3.0,6.0,2007,12,176666.06,656962.68,34.751584,32.005002,-0.115,605.6
בת ים,רמת הנשיא,קרן היסוד,25.0,1015000,110,4.5,3.0,2007,11,176778.76,656932.82,34.752778,32.004737,-0.115,605.6
בת ים,רמת הנשיא,קרן היסוד,25.0,1090000,130,5.0,5.0,2007,11,176778.76,656932.82,34.752778,32.004737,-0.115,605.6
בת ים,רמת הנשיא,קרן היסוד,17.0,680000,72,4.0,3.0,2007,10,176666.06,656962.68,34.751584,32.005002,-0.115,605.6
בת ים,רמת הנשיא,קרן היסוד,25.0,1105000,125,5.0,8.0,2007,10,176778.76,656932.82,34.752778,32.004737,-0.115,605.6
בת ים,רמת הנשיא,קרן היסוד,25.0,1130000,125,5.0,8.0,2007,10,176778.76,656932.82,34.752778,32.004737,-0.115,605.6
בת ים,רמת הנשיא,קרן היסוד,25.0,1100000,130,5.0,4.0,2007,10,176778.76,656932.82,34.752778,32.004737,-0.115,605.6
בת ים,רמת הנשיא,קרן היסוד,25.0,1120000,120,5.0,6.0,2007,10,176778.76,656932.82,34.752778,32.004737,-0.115,605.6
בת ים,רמת הנשיא,קרן היסוד,25.0,1125000,130,5.0,6.0,2007,9,176778.76,656932.82,34.752778,32.004737,-0.115,605.6
בת ים,רמת הנשיא,קרן היסוד,25.0,990000,110,4.5,3.0,2007,9,176778.76,656932.82,34.752778,32.004737,-0.115,605.6
בת ים,רמת הנשיא,קרן היסוד,25.0,990000,120,4.5,4.0,2007,8,176778.76,656932.82,34.752778,32.004737,-0.115,605.6
בת ים,רמת הנשיא,קרן היסוד,25.0,965000,120,4.5,3.0,2007,8,176778.76,656932.82,34.752778,32.004737,-0.115,605.6
בת ים,רמת הנשיא,קרן היסוד,19.0,643000,64,3.0,3.0,2007,7,176666.06,656962.68,34.751584,32.005002,-0.115,605.6
בת ים,רמת הנשיא,קרן היסוד,21.0,645000,72,4.0,7.0,2007,7,176719.97,656951.37,34.752155,32.004902,-0.115,605.6
בת ים,רמת הנשיא,קרן היסוד,23.0,758000,72,4.0,4.0,2007,7,176719.97,656951.37,34.752155,32.004902,-0.115,605.6
בת ים,רמת הנשיא,קרן היסוד,9.0,597000,62,3.0,4.0,2007,6,176527.27,656988.77,34.750114,32.005232,-0.115,605.6
בת ים,רמת הנשיא,קרן היסוד,19.0,660000,72,4.0,3.0,2007,6,176666.06,656962.68,34.751584,32.005002,-0.115,605.6
בת ים,רמת הנשיא,קרן היסוד,25.0,1090000,130,5.0,7.0,2007,6,176778.76,656932.82,34.752778,32.004737,-0.115,605.6
בת ים,רמת הנשיא,קרן היסוד,25.0,1070000,130,5.0,5.0,2007,6,176778.76,656932.82,34.752778,32.004737,-0.115,605.6
בת ים,רמת הנשיא,קרן היסוד,25.0,1085000,130,5.0,7.0,2007,6,176778.76,656932.82,34.752778,32.004737,-0.115,605.6
בת ים,רמת הנשיא,קרן היסוד,23.0,660000,72,4.0,3.0,2007,6,176719.97,656951.37,34.752155,32.004902,-0.115,605.6
בת ים,רמת הנשיא,קרן היסוד,25.0,1070000,130,5.0,3.0,2007,6,176778.76,656932.82,34.752778,32.004737,-0.115,605.6
בת ים,רמת הנשיא,קרן היסוד,25.0,1060000,130,5.0,4.0,2007,6,176778.76,656932.82,34.752778,32.004737,-0.115,605.6
בת ים,רמת הנשיא,קרן היסוד,18.0,676000,89,3.5,4.0,2007,6,176746.69,656878.51,34.752441,32.004246,-0.115,605.6
בת ים,רמת הנשיא,קרן היסוד,18.0,630000,89,4.0,3.0,2007,5,176746.69,656878.51,34.752441,32.004246,-0.115,605.6
בת ים,רמת הנשיא,קרן היסוד,17.0,500000,72,4.0,1.0,2007,4,176666.06,656962.68,34.751584,32.005002,-0.115,605.6
בת ים,רמת הנשיא,קרן היסוד,23.0,566000,63,3.0,3.0,2007,3,176719.97,656951.37,34.752155,32.004902,-0.115,605.6
בת ים,רמת הנשיא,קרן היסוד,23.0,547000,80,4.0,7.0,2007,3,176719.97,656951.37,34.752155,32.004902,-0.115,605.6
בת ים,רמת הנשיא,קרן היסוד,21.0,563000,63,3.0,1.0,2007,2,176719.97,656951.37,34.752155,32.004902,-0.115,605.6
בת ים,רמת הנשיא,קרן היסוד,18.0,670000,85,3.5,5.0,2007,2,176746.69,656878.51,34.752441,32.004246,-0.115,605.6
בת ים,רמת הנשיא,קרן היסוד,19.0,662000,72,4.0,5.0,2007,1,176666.06,656962.68,34.751584,32.005002,-0.115,605.6
בת ים,רמת הנשיא,קרן היסוד,19.0,520000,63,3.0,7.0,2006,12,176666.06,656962.68,34.751584,32.005002,-0.115,605.6
בת ים,רמת הנשיא,קרן היסוד,16.0,636000,89,4.0,4.0,2006,11,176746.69,656878.51,34.752441,32.004246,-0.115,605.6
בת ים,רמת הנשיא,קרן היסוד,17.0,678000,72,4.0,6.0,2006,10,176666.06,656962.68,34.751584,32.005002,-0.115,605.6
בת ים,רמת הנשיא,קרן היסוד,15.0,580000,100,4.0,7.0,2006,9,176617.89,656966.65,34.751074,32.005036,-0.115,605.6
בת ים,רמת הנשיא,קרן היסוד,17.0,579000,63,3.0,3.0,2006,9,176666.06,656962.68,34.751584,32.005002,-0.115,605.6
בת ים,רמת הנשיא,קרן היסוד,19.0,670000,72,4.0,7.0,2006,8,176666.06,656962.68,34.751584,32.005002,-0.115,605.6
בת ים,רמת הנשיא,קרן היסוד,23.0,492000,70,3.0,3.0,2006,6,176719.97,656951.37,34.752155,32.004902,-0.115,605.6
בת ים,רמת הנשיא,קרן היסוד,21.0,648000,72,4.0,6.0,2006,6,176719.97,656951.37,34.752155,32.004902,-0.115,605.6
בת ים,רמת הנשיא,קרן היסוד,8.0,675000,86,4.0,3.0,2006,5,176516.35,656931.37,34.750001,32.004714,-0.115,605.6
בת ים,רמת הנשיא,קרן היסוד,15.0,499000,62,3.0,6.0,2006,3,176617.89,656966.65,34.751074,32.005036,-0.115,605.6
בת ים,רמת הנשיא,קרן היסוד,8.0,663000,85,4.0,1.0,2006,2,176516.35,656931.37,34.750001,32.004714,-0.115,605.6
בת ים,רמת הנשיא,קרן היסוד,10.0,686000,85,4.0,4.0,2006,2,176516.35,656931.37,34.750001,32.004714,-0.115,605.6
בת ים,רמת הנשיא,קרן היסוד,19.0,502000,72,3.0,4.0,2005,12,176666.06,656962.68,34.751584,32.005002,-0.115,605.6
בת ים,רמת הנשיא,קרן היסוד,9.0,711000,73,4.0,5.0,2005,11,176527.27,656988.77,34.750114,32.005232,-0.115,605.6
בת ים,רמת הנשיא,קרן היסוד,10.0,665000,89,4.0,7.0,2005,9,176516.35,656931.37,34.750001,32.004714,-0.115,605.6
בת ים,רמת הנשיא,קרן היסוד,15.0,512000,62,3.0,1.0,2005,8,176617.89,656966.65,34.751074,32.005036,-0.115,605.6
בת ים,רמת הנשיא,קרן היסוד,16.0,630000,86,3.5,3.0,2005,8,176746.69,656878.51,34.752441,32.004246,-0.115,605.6
בת ים,רמת הנשיא,קרן היסוד,18.0,565000,89,4.0,3.0,2005,7,176746.69,656878.51,34.752441,32.004246,-0.115,605.6
בת ים,רמת הנשיא,קרן היסוד,17.0,538000,63,3.0,3.0,2005,6,176666.06,656962.68,34.751584,32.005002,-0.115,605.6
בת ים,רמת הנשיא,קרן היסוד,17.0,593000,72,4.0,3.0,2005,3,176666.06,656962.68,34.751584,32.005002,-0.115,605.6
בת ים,רמת הנשיא,קרן היסוד,15.0,471000,75,3.0,3.0,2005,2,176617.89,656966.65,34.751074,32.005036,-0.115,605.6
בת ים,רמת הנשיא,קרן היסוד,17.0,581000,72,4.0,4.0,2004,12,176666.06,656962.68,34.751584,32.005002,-0.115,605.6
בת ים,רמת הנשיא,קרן היסוד,21.0,515000,63,3.0,5.0,2004,7,176719.97,656951.37,34.752155,32.004902,-0.115,605.6
בת ים,רמת הנשיא,קרן היסוד,9.0,633000,73,4.0,3.0,2004,6,176527.27,656988.77,34.750114,32.005232,-0.115,605.6
בת ים,רמת הנשיא,קרן היסוד,15.0,526000,73,4.0,6.0,2004,6,176617.89,656966.65,34.751074,32.005036,-0.115,605.6
בת ים,רמת הנשיא,קרן היסוד,18.0,505000,86,4.0,4.0,2004,5,176746.69,656878.51,34.752441,32.004246,-0.115,605.6
בת ים,רמת הנשיא,קרן היסוד,9.0,513000,62,3.0,3.0,2004,5,176527.27,656988.77,34.750114,32.005232,-0.115,605.6
בת ים,רמת הנשיא,קרן היסוד,23.0,561000,72,4.0,1.0,2004,1,176719.97,656951.37,34.752155,32.004902,-0.115,605.6
בת ים,רמת הנשיא,קרן היסוד,18.0,583000,88,4.0,4.0,2003,12,176746.69,656878.51,34.752441,32.004246,-0.115,605.6
בת ים,רמת הנשיא,קרן היסוד,9.0,538000,65,3.0,5.0,2003,10,176527.27,656988.77,34.750114,32.005232,-0.115,605.6
בת ים,רמת הנשיא,קרן היסוד,23.0,507000,63,3.0,1.0,2003,8,176719.97,656951.37,34.752155,32.004902,-0.115,605.6
בת ים,רמת הנשיא,קרן היסוד,9.0,555000,73,4.0,5.0,2003,8,176527.27,656988.77,34.750114,32.005232,-0.115,605.6
בת ים,רמת הנשיא,קרן היסוד,17.0,521000,63,3.0,6.0,2003,8,176666.06,656962.68,34.751584,32.005002,-0.115,605.6
בת ים,אזור תעשיה,החרושת,10.0,700000,65,2.0,3.0,2026,1,176474.46,658002.99,34.74951,32.014376,-0.115,605.6
בת ים,אזור תעשיה,החרושת,10.0,1850000,58,3.0,3.0,2025,11,176474.46,658002.99,34.74951,32.014376,-0.115,605.6
בת ים,אזור תעשיה,החרושת,10.0,1900000,66,3.0,1.0,2025,3,176474.46,658002.99,34.74951,32.014376,-0.115,605.6
בת ים,אזור תעשיה,החרושת,10.0,700000,75,3.0,4.0,2024,6,176474.46,658002.99,34.74951,32.014376,-0.115,605.6
בת ים,אזור תעשיה,החרושת,10.0,1550000,79,3.0,3.0,2022,7,176474.46,658002.99,34.74951,32.014376,-0.115,605.6
בת ים,אזור תעשיה,החרושת,10.0,1300000,88,3.0,3.0,2020,11,176474.46,658002.99,34.74951,32.014376,-0.115,605.6
בת ים,אזור תעשיה,החרושת,10.0,660000,60,2.0,1.0,2019,3,176474.46,658002.99,34.74951,32.014376,-0.115,605.6
בת ים,אזור תעשיה,החרושת,10.0,1050000,65,2.0,4.0,2018,7,176474.46,658002.99,34.74951,32.014376,-0.115,605.6
בת ים,אזור תעשיה,החרושת,10.0,400000,49,2.0,1.0,2017,11,176474.46,658002.99,34.74951,32.014376,-0.115,605.6
בת ים,אזור תעשיה,החרושת,10.0,1199000,58,3.0,3.0,2017,4,176474.46,658002.99,34.74951,32.014376,-0.115,605.6
בת ים,אזור תעשיה,החרושת,10.0,1100000,57,2.0,3.0,2015,9,176474.46,658002.99,34.74951,32.014376,-0.115,605.6
בת ים,אזור תעשיה,החרושת,10.0,1015000,57,3.0,3.0,2015,6,176474.46,658002.99,34.74951,32.014376,-0.115,605.6
בת ים,אזור תעשיה,החרושת,10.0,780000,58,3.0,3.0,2011,7,176474.46,658002.99,34.74951,32.014376,-0.115,605.6
בת ים,אזור תעשיה,החרושת,10.0,650000,67,2.5,1.0,2010,8,176474.46,658002.99,34.74951,32.014376,-0.115,605.6
בת ים,אזור תעשיה,החרושת,10.0,550000,57,2.5,1.0,2009,2,176474.46,658002.99,34.74951,32.014376,-0.115,605.6
בת ים,אזור תעשיה,החרושת,10.0,359000,58,2.0,4.0,2007,8,176474.46,658002.99,34.74951,32.014376,-0.115,605.6
בת ים,אזור תעשיה,החרושת,10.0,466000,58,3.0,3.0,2007,8,176474.46,658002.99,34.74951,32.014376,-0.115,605.6
בת ים,אזור תעשיה,החרושת,10.0,432000,58,2.0,1.0,2007,5,176474.46,658002.99,34.74951,32.014376,-0.115,605.6
בת ים,אזור תעשיה,החרושת,10.0,308000,58,2.5,4.0,2006,7,176474.46,658002.99,34.74951,32.014376,-0.115,605.6
בת ים,אזור תעשיה,החרושת,10.0,276000,57,3.0,4.0,2005,4,176474.46,658002.99,34.74951,32.014376,-0.115,605.6
בת ים,אזור תעשיה,החרושת,10.0,358000,57,3.0,4.0,2004,5,176474.46,658002.99,34.74951,32.014376,-0.115,605.6
בת ים,אזור תעשיה,החרושת,10.0,325000,58,2.0,1.0,2003,12,176474.46,658002.99,34.74951,32.014376,-0.115,605.6
בת ים,אזור תעשיה,החרושת,20.0,2335000,106,3.0,3.0,2026,1,176694.43,657893.06,34.751843,32.013393,-0.115,605.6
בת ים,אזור תעשיה,החרושת,20.0,2390000,87,3.0,3.0,2025,12,176694.43,657893.06,34.751843,32.013393,-0.115,605.6
בת ים,אזור תעשיה,החרושת,20.0,2650000,105,4.0,3.0,2025,12,176694.43,657893.06,34.751843,32.013393,-0.115,605.6
בת ים,אזור תעשיה,החרושת,20.0,1880000,60,2.0,3.0,2025,8,176694.43,657893.06,34.751843,32.013393,-0.115,605.6
בת ים,אזור תעשיה,החרושת,20.0,2559000,98,4.0,3.0,2025,4,176694.43,657893.06,34.751843,32.013393,-0.115,605.6
בת ים,אזור תעשיה,החרושת,20.0,3600000,118,5.0,3.0,2025,4,176694.43,657893.06,34.751843,32.013393,-0.115,605.6
בת ים,אזור תעשיה,החרושת,20.0,2380000,87,3.0,3.0,2025,3,176694.43,657893.06,34.751843,32.013393,-0.115,605.6
בת ים,אזור תעשיה,החרושת,20.0,1711000,54,2.0,3.0,2025,2,176694.43,657893.06,34.751843,32.013393,-0.115,605.6
בת ים,אזור תעשיה,החרושת,20.0,2950000,105,4.0,3.0,2025,1,176694.43,657893.06,34.751843,32.013393,-0.115,605.6
בת ים,אזור תעשיה,החרושת,20.0,435000,80,3.0,3.0,2024,7,176694.43,657893.06,34.751843,32.013393,-0.115,605.6
בת ים,אזור תעשיה,החרושת,20.0,2775000,102,4.0,12.0,2024,5,176694.43,657893.06,34.751843,32.013393,-0.115,605.6
בת ים,אזור תעשיה,החרושת,20.0,3050000,107,4.0,3.0,2024,5,176694.43,657893.06,34.751843,32.013393,-0.115,605.6
בת ים,אזור תעשיה,החרושת,20.0,9000000,115,5.0,3.0,2024,3,176694.43,657893.06,34.751843,32.013393,-0.115,605.6
בת ים,אזור תעשיה,החרושת,20.0,2395000,88,3.0,3.0,2024,2,176694.43,657893.06,34.751843,32.013393,-0.115,605.6
בת ים,אזור תעשיה,החרושת,20.0,3175000,105,4.0,3.0,2024,1,176694.43,657893.06,34.751843,32.013393,-0.115,605.6
בת ים,אזור תעשיה,החרושת,20.0,2344000,105,4.0,3.0,2024,1,176694.43,657893.06,34.751843,32.013393,-0.115,605.6
בת ים,אזור תעשיה,החרושת,20.0,2280000,80,3.0,14.0,2024,1,176694.43,657893.06,34.751843,32.013393,-0.115,605.6
בת ים,אזור תעשיה,החרושת,20.0,2720000,105,4.0,3.0,2023,8,176694.43,657893.06,34.751843,32.013393,-0.115,605.6
בת ים,אזור תעשיה,החרושת,20.0,2400000,89,3.0,5.0,2023,5,176694.43,657893.06,34.751843,32.013393,-0.115,605.6
בת ים,אזור תעשיה,החרושת,20.0,2750000,87,4.0,9.0,2023,1,176694.43,657893.06,34.751843,32.013393,-0.115,605.6
בת ים,אזור תעשיה,החרושת,20.0,3160000,105,4.0,3.0,2023,1,176694.43,657893.06,34.751843,32.013393,-0.115,605.6
בת ים,אזור תעשיה,החרושת,20.0,2585000,102,4.0,4.0,2022,11,176694.43,657893.06,34.751843,32.013393,-0.115,605.6
בת ים,אזור תעשיה,החרושת,20.0,3000000,105,4.0,3.0,2022,11,176694.43,657893.06,34.751843,32.013393,-0.115,605.6
בת ים,אזור תעשיה,החרושת,20.0,3180000,118,5.0,3.0,2022,8,176694.43,657893.06,34.751843,32.013393,-0.115,605.6
בת ים,אזור תעשיה,החרושת,20.0,2825000,105,4.0,3.0,2022,6,176694.43,657893.06,34.751843,32.013393,-0.115,605.6
בת ים,אזור תעשיה,החרושת,20.0,3050000,120,5.0,3.0,2022,5,176694.43,657893.06,34.751843,32.013393,-0.115,605.6
בת ים,אזור תעשיה,החרושת,20.0,2150000,87,3.0,10.0,2022,5,176694.43,657893.06,34.751843,32.013393,-0.115,605.6
בת ים,אזור תעשיה,החרושת,20.0,2500000,76,3.0,3.0,2022,2,176694.43,657893.06,34.751843,32.013393,-0.115,605.6
בת ים,אזור תעשיה,החרושת,20.0,2225000,87,3.0,3.0,2022,2,176694.43,657893.06,34.751843,32.013393,-0.115,605.6
בת ים,אזור תעשיה,החרושת,20.0,2285000,87,3.0,9.0,2022,1,176694.43,657893.06,34.751843,32.013393,-0.115,605.6
בת ים,אזור תעשיה,החרושת,20.0,2250000,88,3.0,3.0,2022,1,176694.43,657893.06,34.751843,32.013393,-0.115,605.6
בת ים,אזור תעשיה,החרושת,20.0,2400000,105,4.0,8.0,2022,1,176694.43,657893.06,34.751843,32.013393,-0.115,605.6
בת ים,אזור תעשיה,החרושת,20.0,2180000,87,3.0,10.0,2021,12,176694.43,657893.06,34.751843,32.013393,-0.115,605.6
בת ים,אזור תעשיה,החרושת,20.0,2150000,87,3.0,3.0,2021,12,176694.43,657893.06,34.751843,32.013393,-0.115,605.6
בת ים,אזור תעשיה,החרושת,20.0,2330000,102,4.0,12.0,2021,11,176694.43,657893.06,34.751843,32.013393,-0.115,605.6
בת ים,אזור תעשיה,החרושת,20.0,2685000,98,4.0,3.0,2021,11,176694.43,657893.06,34.751843,32.013393,-0.115,605.6
בת ים,אזור תעשיה,החרושת,20.0,2150000,87,3.0,3.0,2021,11,176694.43,657893.06,34.751843,32.013393,-0.115,605.6
בת ים,אזור תעשיה,החרושת,20.0,2625000,98,4.0,3.0,2021,8,176694.43,657893.06,34.751843,32.013393,-0.115,605.6
בת ים,אזור תעשיה,החרושת,20.0,2600000,98,4.0,3.0,2021,7,176694.43,657893.06,34.751843,32.013393,-0.115,605.6
בת ים,אזור תעשיה,החרושת,20.0,2605000,98,4.0,3.0,2021,7,176694.43,657893.06,34.751843,32.013393,-0.115,605.6
בת ים,אזור תעשיה,החרושת,20.0,3150000,110,4.0,3.0,2021,7,176694.43,657893.06,34.751843,32.013393,-0.115,605.6
בת ים,אזור תעשיה,החרושת,6.0,1510000,79,3.0,1.0,2021,6,176443.35,658018.64,34.74918,32.014516,-0.115,605.6
בת ים,אזור תעשיה,החרושת,20.0,1900000,62,2.0,3.0,2021,5,176694.43,657893.06,34.751843,32.013393,-0.115,605.6
תל אביב-יפו,עג'מי וגבעת עליה,,,3000000,88,3.0,1.0,2011,8,176496.03,662002.67,34.74956,32.050445,1.064,1197.2
בת ים,רמת הנשיא,"כ""ט בנובמבר",21.0,1700000,93,4.0,4.0,2023,7,177004.14,657505.19,34.755138,32.009907,-0.115,605.6
בת ים,רמת הנשיא,"כ""ט בנובמבר",21.0,1641400,97,4.0,5.0,2018,9,177004.14,657505.19,34.755138,32.009907,-0.115,605.6
בת ים,רמת הנשיא,"כ""ט בנובמבר",21.0,1620000,74,4.0,4.0,2018,7,177004.14,657505.19,34.755138,32.009907,-0.115,605.6
בת ים,רמת הנשיא,"כ""ט בנובמבר",21.0,1135000,73,4.0,7.0,2012,9,177004.14,657505.19,34.755138,32.009907,-0.115,605.6
בת ים,רמת הנשיא,"כ""ט בנובמבר",48.0,350000,67,3.0,4.0,2026,2,177467.39,657294.03,34.76005,32.00802,-0.115,605.6
בת ים,רמת הנשיא,"כ""ט בנובמבר",32.0,2050000,67,3.0,1.0,2026,1,177187.5,657358.83,34.757085,32.008594,-0.115,605.6
בת ים,רמת הנשיא,"כ""ט בנובמבר",34.0,2100000,79,3.0,4.0,2025,12,177227.93,657378.96,34.757512,32.008777,-0.115,605.6
בת ים,רמת הנשיא,"כ""ט בנובמבר",24.0,1740000,68,3.0,3.0,2025,12,176938.88,657466.88,34.754449,32.009559,-0.115,605.6
בת ים,רמת הנשיא,"כ""ט בנובמבר",13.0,1810000,76,3.0,6.0,2025,11,176835.17,657633.76,34.753344,32.01106,-0.115,605.6
בת ים,רמת הנשיא,"כ""ט בנובמבר",17.0,2070000,93,4.0,6.0,2025,9,176934.8,657553.94,34.754402,32.010344,-0.115,605.6
בת ים,רמת הנשיא,"כ""ט בנובמבר",32.0,2260000,68,3.0,3.0,2025,8,177187.5,657358.83,34.757085,32.008594,-0.115,605.6
בת ים,רמת הנשיא,"כ""ט בנובמבר",43.0,1610000,69,3.0,1.0,2025,8,177476.94,657387.69,34.760147,32.008865,-0.115,605.6
בת ים,רמת הנשיא,"כ""ט בנובמבר",41.0,1820000,87,3.0,3.0,2025,6,177476.94,657387.69,34.760147,32.008865,-0.115,605.6
בת ים,רמת הנשיא,"כ""ט בנובמבר",46.0,1700000,65,3.0,3.0,2025,5,177431.47,657336.42,34.759668,32.008401,-0.115,605.6
בת ים,רמת הנשיא,"כ""ט בנובמבר",30.0,2090000,68,3.0,3.0,2025,5,177150.54,657401.35,34.756692,32.008976,-0.115,605.6
בת ים,רמת הנשיא,"כ""ט בנובמבר",32.0,1950000,67,3.0,1.0,2025,5,177187.5,657358.83,34.757085,32.008594,-0.115,605.6
בת ים,רמת הנשיא,"כ""ט בנובמבר",30.0,2080000,68,3.0,3.0,2025,3,177150.54,657401.35,34.756692,32.008976,-0.115,605.6
בת ים,רמת הנשיא,"כ""ט בנובמבר",43.0,1700000,69,3.5,3.0,2025,3,177476.94,657387.69,34.760147,32.008865,-0.115,605.6
בת ים,רמת הנשיא,"כ""ט בנובמבר",31.0,1910000,67,3.0,6.0,2025,3,177304.77,657429.54,34.758323,32.009236,-0.115,605.6
בת ים,רמת הנשיא,"כ""ט בנובמבר",50.0,1950000,79,3.0,3.0,2025,3,177520.72,657303.23,34.760614,32.008105,-0.115,605.6
בת ים,רמת הנשיא,"כ""ט בנובמבר",29.0,2200000,105,4.0,4.0,2025,2,177168.84,657461.04,34.756883,32.009515,-0.115,605.6
בת ים,רמת הנשיא,"כ""ט בנובמבר",31.0,2050000,84,4.0,6.0,2025,1,177304.77,657429.54,34.758323,32.009236,-0.115,605.6
בת ים,רמת הנשיא,"כ""ט בנובמבר",25.0,2030000,74,4.0,3.0,2025,1,177077.73,657477.83,34.755918,32.009663,-0.115,605.6
בת ים,רמת הנשיא,"כ""ט בנובמבר",26.0,2785000,111,5.0,3.0,2024,12,177068.7,657420.43,34.755825,32.009145,-0.115,605.6
בת ים,רמת הנשיא,"כ""ט בנובמבר",43.0,1700000,87,3.0,3.0,2024,12,177476.94,657387.69,34.760147,32.008865,-0.115,605.6
בת ים,רמת הנשיא,"כ""ט בנובמבר",13.0,2050000,82,3.5,3.0,2024,11,176835.17,657633.76,34.753344,32.01106,-0.115,605.6
בת ים,רמת הנשיא,"כ""ט בנובמבר",24.0,1700000,67,3.0,1.0,2024,11,176938.88,657466.88,34.754449,32.009559,-0.115,605.6
בת ים,רמת הנשיא,"כ""ט בנובמבר",30.0,1950000,66,3.0,3.0,2024,9,177150.54,657401.35,34.756692,32.008976,-0.115,605.6
בת ים,רמת הנשיא,"כ""ט בנובמבר",34.0,750000,78,3.0,6.0,2024,9,177227.93,657378.96,34.757512,32.008777,-0.115,605.6
בת ים,רמת הנשיא,"כ""ט בנובמבר",31.0,1880000,85,4.0,3.0,2024,8,177304.77,657429.54,34.758323,32.009236,-0.115,605.6
בת ים,רמת הנשיא,"כ""ט בנובמבר",33.0,1860000,72,3.0,6.0,2024,7,177341.96,657420.85,34.758717,32.009159,-0.115,605.6
בת ים,רמת הנשיא,"כ""ט בנובמבר",46.0,1570000,70,3.0,4.0,2024,7,177431.47,657336.42,34.759668,32.008401,-0.115,605.6
בת ים,רמת הנשיא,"כ""ט בנובמבר",13.0,1810000,77,3.0,3.0,2024,6,176835.17,657633.76,34.753344,32.01106,-0.115,605.6
בת ים,רמת הנשיא,"כ""ט בנובמבר",40.0,2030000,75,3.0,3.0,2024,5,177315.18,657364.85,34.758436,32.008653,-0.115,605.6
בת ים,רמת הנשיא,"כ""ט בנובמבר",41.0,1530000,87,3.0,3.0,2024,4,177476.94,657387.69,34.760147,32.008865,-0.115,605.6
בת ים,רמת הנשיא,"כ""ט בנובמבר",12.0,1500000,67,3.0,4.0,2024,4,176845.05,657533.69,34.753453,32.010158,-0.115,605.6
בת ים,רמת הנשיא,"כ""ט בנובמבר",31.0,1700000,72,3.0,5.0,2024,4,177304.77,657429.54,34.758323,32.009236,-0.115,605.6
בת ים,רמת הנשיא,"כ""ט בנובמבר",34.0,652000,73,3.0,1.0,2024,3,177227.93,657378.96,34.757512,32.008777,-0.115,605.6
בת ים,רמת הנשיא,"כ""ט בנובמבר",34.0,1920000,80,3.5,7.0,2024,2,177227.93,657378.96,34.757512,32.008777,-0.115,605.6
בת ים,רמת הנשיא,"כ""ט בנובמבר",31.0,1500000,85,4.0,4.0,2024,1,177304.77,657429.54,34.758323,32.009236,-0.115,605.6
בת ים,רמת הנשיא,"כ""ט בנובמבר",13.0,1500000,60,3.0,5.0,2024,1,176835.17,657633.76,34.753344,32.01106,-0.115,605.6
בת ים,רמת הנשיא,"כ""ט בנובמבר",41.0,1690000,87,3.0,3.0,2023,12,177476.94,657387.69,34.760147,32.008865,-0.115,605.6
בת ים,רמת הנשיא,"כ""ט בנובמבר",13.0,607000,74,3.0,4.0,2023,10,176835.17,657633.76,34.753344,32.01106,-0.115,605.6
בת ים,רמת הנשיא,"כ""ט בנובמבר",15.0,1635000,67,3.0,3.0,2023,6,176912.06,657584.2,34.75416,32.010616,-0.115,605.6
בת ים,רמת הנשיא,"כ""ט בנובמבר",15.0,1635000,67,3.0,3.0,2023,6,176912.06,657584.2,34.75416,32.010616,-0.115,605.6
בת ים,רמת הנשיא,"כ""ט בנובמבר",6.0,1266000,88,3.0,1.0,2023,4,176728.59,657611.69,34.752217,32.010857,-0.115,605.6
בת ים,רמת הנשיא,"כ""ט בנובמבר",23.0,1600000,64,3.0,3.0,2023,3,177054.99,657509.53,34.755676,32.009948,-0.115,605.6
בת ים,רמת הנשיא,"כ""ט בנובמבר",48.0,316000,67,3.0,3.0,2023,3,177467.39,657294.03,34.76005,32.00802,-0.115,605.6
בת ים,רמת הנשיא,"כ""ט בנובמבר",17.0,2200000,73,4.0,4.0,2023,3,176934.8,657553.94,34.754402,32.010344,-0.115,605.6
בת ים,רמת הנשיא,"כ""ט בנובמבר",17.0,2050000,94,4.0,6.0,2023,2,176934.8,657553.94,34.754402,32.010344,-0.115,605.6
בת ים,רמת הנשיא,"כ""ט בנובמבר",24.0,1787000,67,3.0,3.0,2023,2,176938.88,657466.88,34.754449,32.009559,-0.115,605.6
בת ים,רמת הנשיא,"כ""ט בנובמבר",13.0,1970000,77,3.0,8.0,2023,1,176835.17,657633.76,34.753344,32.01106,-0.115,605.6
בת ים,רמת הנשיא,"כ""ט בנובמבר",34.0,1625000,73,3.0,3.0,2023,1,177227.93,657378.96,34.757512,32.008777,-0.115,605.6
בת ים,רמת הנשיא,"כ""ט בנובמבר",17.0,2200000,90,4.0,3.0,2023,1,176934.8,657553.94,34.754402,32.010344,-0.115,605.6
בת ים,רמת הנשיא,"כ""ט בנובמבר",34.0,1775000,73,3.0,7.0,2022,12,177227.93,657378.96,34.757512,32.008777,-0.115,605.6
בת ים,רמת הנשיא,"כ""ט בנובמבר",13.0,1868600,67,3.0,5.0,2022,11,176835.17,657633.76,34.753344,32.01106,-0.115,605.6
בת ים,רמת הנשיא,"כ""ט בנובמבר",28.0,1600000,60,2.5,1.0,2022,10,177108.36,657369.25,34.756247,32.008685,-0.115,605.6
בת ים,רמת הנשיא,"כ""ט בנובמבר",19.0,1800000,67,3.0,1.0,2022,9,176980.27,657536.01,34.754884,32.010184,-0.115,605.6
בת ים,רמת הנשיא,"כ""ט בנובמבר",30.0,2095000,68,3.0,4.0,2022,8,177150.54,657401.35,34.756692,32.008976,-0.115,605.6
בת ים,רמת הנשיא,"כ""ט בנובמבר",34.0,1750000,73,3.0,3.0,2022,8,177227.93,657378.96,34.757512,32.008777,-0.115,605.6
בת ים,רמת הנשיא,"כ""ט בנובמבר",33.0,1450000,67,3.0,5.0,2022,7,177341.96,657420.85,34.758717,32.009159,-0.115,605.6
בת ים,רמת הנשיא,"כ""ט בנובמבר",29.0,2200000,108,4.0,5.0,2022,6,177168.84,657461.04,34.756883,32.009515,-0.115,605.6
בת ים,רמת הנשיא,"כ""ט בנובמבר",13.0,1880000,74,3.0,7.0,2022,5,176835.17,657633.76,34.753344,32.01106,-0.115,605.6
בת ים,רמת הנשיא,"כ""ט בנובמבר",18.0,1530000,65,3.0,3.0,2022,3,176900.16,657493.32,34.754038,32.009796,-0.115,605.6
בת ים,רמת הנשיא,"כ""ט בנובמבר",12.0,1450000,60,3.0,4.0,2022,3,176845.05,657533.69,34.753453,32.010158,-0.115,605.6
בת ים,רמת הנשיא,"כ""ט בנובמבר",48.0,211000,67,3.0,4.0,2022,2,177467.39,657294.03,34.76005,32.00802,-0.115,605.6
בת ים,רמת הנשיא,"כ""ט בנובמבר",33.0,725000,77,3.0,1.0,2022,2,177341.96,657420.85,34.758717,32.009159,-0.115,605.6
בת ים,רמת הנשיא,"כ""ט בנובמבר",33.0,1560000,72,3.0,3.0,2022,1,177341.96,657420.85,34.758717,32.009159,-0.115,605.6
בת ים,רמת הנשיא,"כ""ט בנובמבר",32.0,1475000,68,3.0,3.0,2021,12,177187.5,657358.83,34.757085,32.008594,-0.115,605.6
בת ים,רמת הנשיא,"כ""ט בנובמבר",34.0,1705000,73,3.0,3.0,2021,11,177227.93,657378.96,34.757512,32.008777,-0.115,605.6
בת ים,רמת הנשיא,"כ""ט בנובמבר",18.0,1325000,67,3.0,4.0,2021,11,176900.16,657493.32,34.754038,32.009796,-0.115,605.6
בת ים,רמת הנשיא,"כ""ט בנובמבר",32.0,1500000,66,3.0,3.0,2021,10,177187.5,657358.83,34.757085,32.008594,-0.115,605.6
בת ים,רמת הנשיא,"כ""ט בנובמבר",32.0,1440000,68,3.0,3.0,2021,10,177187.5,657358.83,34.757085,32.008594,-0.115,605.6
בת ים,רמת הנשיא,"כ""ט בנובמבר",12.0,1335000,67,3.0,3.0,2021,8,176845.05,657533.69,34.753453,32.010158,-0.115,605.6
בת ים,רמת הנשיא,"כ""ט בנובמבר",12.0,1330000,60,3.0,4.0,2021,8,176845.05,657533.69,34.753453,32.010158,-0.115,605.6
בת ים,רמת הנשיא,"כ""ט בנובמבר",19.0,1490000,66,3.0,1.0,2021,8,176980.27,657536.01,34.754884,32.010184,-0.115,605.6
בת ים,רמת הנשיא,"כ""ט בנובמבר",28.0,1340000,72,3.0,4.0,2021,7,177108.36,657369.25,34.756247,32.008685,-0.115,605.6
בת ים,רמת הנשיא,"כ""ט בנובמבר",23.0,1400000,67,3.0,3.0,2021,7,177054.99,657509.53,34.755676,32.009948,-0.115,605.6
בת ים,רמת הנשיא,"כ""ט בנובמבר",15.0,1355000,67,3.0,4.0,2021,7,176912.06,657584.2,34.75416,32.010616,-0.115,605.6
בת ים,רמת הנשיא,"כ""ט בנובמבר",13.0,1500000,82,4.0,6.0,2021,7,176835.17,657633.76,34.753344,32.01106,-0.115,605.6
בת ים,רמת הנשיא,"כ""ט בנובמבר",19.0,1344000,68,3.0,3.0,2021,7,176980.27,657536.01,34.754884,32.010184,-0.115,605.6
בת ים,רמת הנשיא,"כ""ט בנובמבר",15.0,1420000,56,3.0,3.0,2021,6,176912.06,657584.2,34.75416,32.010616,-0.115,605.6
בת ים,רמת הנשיא,"כ""ט בנובמבר",12.0,1400000,67,3.0,1.0,2021,6,176845.05,657533.69,34.753453,32.010158,-0.115,605.6
בת ים,רמת הנשיא,"כ""ט בנובמבר",33.0,1250000,73,3.0,3.0,2021,6,177341.96,657420.85,34.758717,32.009159,-0.115,605.6
בת ים,רמת הנשיא,"כ""ט בנובמבר",24.0,1330000,67,3.0,3.0,2021,5,176938.88,657466.88,34.754449,32.009559,-0.115,605.6
בת ים,רמת הנשיא,"כ""ט בנובמבר",43.0,1500000,70,3.0,1.0,2021,5,177476.94,657387.69,34.760147,32.008865,-0.115,605.6
בת ים,רמת הנשיא,"כ""ט בנובמבר",38.0,1250000,71,3.0,3.0,2021,4,177315.18,657364.85,34.758436,32.008653,-0.115,605.6
בת ים,רמת הנשיא,"כ""ט בנובמבר",43.0,1330000,88,3.0,4.0,2021,4,177476.94,657387.69,34.760147,32.008865,-0.115,605.6
בת ים,רמת הנשיא,"כ""ט בנובמבר",32.0,1465000,66,3.0,3.0,2021,4,177187.5,657358.83,34.757085,32.008594,-0.115,605.6
בת ים,רמת הנשיא,"כ""ט בנובמבר",15.0,747000,72,3.0,1.0,2021,3,176912.06,657584.2,34.75416,32.010616,-0.115,605.6
בת ים,רמת הנשיא,"כ""ט בנובמבר",41.0,1270000,87,3.0,3.0,2021,3,177476.94,657387.69,34.760147,32.008865,-0.115,605.6
בת ים,רמת הנשיא,"כ""ט בנובמבר",17.0,1540000,73,4.0,4.0,2021,3,176934.8,657553.94,34.754402,32.010344,-0.115,605.6
בת ים,רמת הנשיא,"כ""ט בנובמבר",48.0,180000,67,3.0,4.0,2021,2,177467.39,657294.03,34.76005,32.00802,-0.115,605.6
בת ים,רמת הנשיא,"כ""ט בנובמבר",41.0,1350000,89,3.0,3.0,2021,2,177476.94,657387.69,34.760147,32.008865,-0.115,605.6
בת ים,רמת הנשיא,"כ""ט בנובמבר",38.0,1350000,64,3.0,3.0,2021,2,177315.18,657364.85,34.758436,32.008653,-0.115,605.6
בת ים,רמת הנשיא,"כ""ט בנובמבר",30.0,1350000,68,3.0,3.0,2021,2,177150.54,657401.35,34.756692,32.008976,-0.115,605.6
בת ים,רמת הנשיא,"כ""ט בנובמבר",30.0,1150000,66,3.0,4.0,2021,1,177150.54,657401.35,34.756692,32.008976,-0.115,605.6
בת ים,רמת הנשיא,"כ""ט בנובמבר",13.0,1650000,90,4.0,3.0,2021,1,176835.17,657633.76,34.753344,32.01106,-0.115,605.6
בת ים,רמת הנשיא,"כ""ט בנובמבר",26.0,1900000,89,4.0,7.0,2020,12,177068.7,657420.43,34.755825,32.009145,-0.115,605.6
בת ים,רמת הנשיא,"כ""ט בנובמבר",31.0,1400000,71,3.0,3.0,2020,12,177304.77,657429.54,34.758323,32.009236,-0.115,605.6
בת ים,רמת הנשיא,"כ""ט בנובמבר",34.0,1720000,75,3.0,6.0,2020,12,177227.93,657378.96,34.757512,32.008777,-0.115,605.6
בת ים,רמת הנשיא,"כ""ט בנובמבר",46.0,1330000,70,3.0,3.0,2020,11,177431.47,657336.42,34.759668,32.008401,-0.115,605.6
בת ים,רמת הנשיא,"כ""ט בנובמבר",29.0,1850000,108,4.0,1.0,2020,11,177168.84,657461.04,34.756883,32.009515,-0.115,605.6
בת ים,רמת הנשיא,"כ""ט בנובמבר",46.0,1307000,67,3.0,1.0,2020,10,177431.47,657336.42,34.759668,32.008401,-0.115,605.6
בת ים,רמת הנשיא,"כ""ט בנובמבר",31.0,1650000,83,4.0,5.0,2020,10,177304.77,657429.54,34.758323,32.009236,-0.115,605.6
בת ים,רמת הנשיא,"כ""ט בנובמבר",41.0,1400000,87,3.0,3.0,2020,9,177476.94,657387.69,34.760147,32.008865,-0.115,605.6
בת ים,רמת הנשיא,"כ""ט בנובמבר",43.0,1180000,87,3.0,4.0,2020,9,177476.94,657387.69,34.760147,32.008865,-0.115,605.6
בת ים,רמת הנשיא,"כ""ט בנובמבר",40.0,1225000,70,3.0,4.0,2020,9,177315.18,657364.85,34.758436,32.008653,-0.115,605.6
בת ים,רמת הנשיא,"כ""ט בנובמבר",26.0,1950000,121,5.0,12.0,2020,9,177068.7,657420.43,34.755825,32.009145,-0.115,605.6
בת ים,רמת הנשיא,"כ""ט בנובמבר",12.0,1405000,71,3.0,1.0,2020,8,176845.05,657533.69,34.753453,32.010158,-0.115,605.6
בת ים,רמת הנשיא,"כ""ט בנובמבר",23.0,1400000,67,3.0,3.0,2020,8,177054.99,657509.53,34.755676,32.009948,-0.115,605.6
בת ים,רמת הנשיא,"כ""ט בנובמבר",17.0,1162000,92,4.0,1.0,2020,8,176934.8,657553.94,34.754402,32.010344,-0.115,605.6
בת ים,רמת הנשיא,"כ""ט בנובמבר",12.0,1250000,60,3.0,4.0,2020,6,176845.05,657533.69,34.753453,32.010158,-0.115,605.6
בת ים,רמת הנשיא,"כ""ט בנובמבר",30.0,900000,66,3.0,3.0,2020,6,177150.54,657401.35,34.756692,32.008976,-0.115,605.6
בת ים,רמת הנשיא,"כ""ט בנובמבר",24.0,1400000,60,3.0,3.0,2020,6,176938.88,657466.88,34.754449,32.009559,-0.115,605.6
בת ים,רמת הנשיא,"כ""ט בנובמבר",19.0,1350000,70,3.0,3.0,2020,5,176980.27,657536.01,34.754884,32.010184,-0.115,605.6
בת ים,רמת הנשיא,"כ""ט בנובמבר",15.0,1000000,67,3.0,3.0,2020,4,176912.06,657584.2,34.75416,32.010616,-0.115,605.6
בת ים,רמת הנשיא,"כ""ט בנובמבר",13.0,1300000,70,3.0,6.0,2020,3,176835.17,657633.76,34.753344,32.01106,-0.115,605.6
בת ים,רמת הנשיא,"כ""ט בנובמבר",15.0,1270000,70,3.0,3.0,2020,3,176912.06,657584.2,34.75416,32.010616,-0.115,605.6
בת ים,רמת הנשיא,"כ""ט בנובמבר",30.0,1280000,70,3.0,4.0,2020,2,177150.54,657401.35,34.756692,32.008976,-0.115,605.6
בת ים,רמת הנשיא,"כ""ט בנובמבר",34.0,1659000,79,3.0,1.0,2020,2,177227.93,657378.96,34.757512,32.008777,-0.115,605.6
בת ים,רמת הנשיא,"כ""ט בנובמבר",24.0,1235000,63,3.0,3.0,2020,1,176938.88,657466.88,34.754449,32.009559,-0.115,605.6
בת ים,רמת הנשיא,"כ""ט בנובמבר",18.0,1417000,60,3.0,1.0,2020,1,176900.16,657493.32,34.754038,32.009796,-0.115,605.6
בת ים,רמת הנשיא,"כ""ט בנובמבר",48.0,1280000,67,3.0,3.0,2019,12,177467.39,657294.03,34.76005,32.00802,-0.115,605.6
בת ים,רמת הנשיא,"כ""ט בנובמבר",17.0,1750000,96,4.0,1.0,2019,11,176934.8,657553.94,34.754402,32.010344,-0.115,605.6
בת ים,רמת הנשיא,"כ""ט בנובמבר",38.0,1300000,71,3.0,4.0,2019,11,177315.18,657364.85,34.758436,32.008653,-0.115,605.6
בת ים,רמת הנשיא,"כ""ט בנובמבר",46.0,1220000,70,3.0,4.0,2019,8,177431.47,657336.42,34.759668,32.008401,-0.115,605.6
בת ים,רמת הנשיא,"כ""ט בנובמבר",46.0,1250000,70,3.0,3.0,2019,8,177431.47,657336.42,34.759668,32.008401,-0.115,605.6
בת ים,רמת הנשיא,"כ""ט בנובמבר",23.0,1036000,70,3.0,3.0,2019,8,177054.99,657509.53,34.755676,32.009948,-0.115,605.6
בת ים,רמת הנשיא,"כ""ט בנובמבר",13.0,1470000,75,3.0,3.0,2019,8,176835.17,657633.76,34.753344,32.01106,-0.115,605.6
בת ים,רמת הנשיא,"כ""ט בנובמבר",34.0,1520000,80,3.0,7.0,2019,7,177227.93,657378.96,34.757512,32.008777,-0.115,605.6
בת ים,רמת הנשיא,"כ""ט בנובמבר",34.0,1500000,78,3.0,1.0,2019,5,177227.93,657378.96,34.757512,32.008777,-0.115,605.6
בת ים,רמת הנשיא,"כ""ט בנובמבר",33.0,1725000,77,4.0,5.0,2019,3,177341.96,657420.85,34.758717,32.009159,-0.115,605.6
בת ים,רמת הנשיא,"כ""ט בנובמבר",12.0,1230000,61,3.0,3.0,2019,1,176845.05,657533.69,34.753453,32.010158,-0.115,605.6
בת ים,רמת הנשיא,"כ""ט בנובמבר",30.0,1370000,66,3.0,3.0,2018,12,177150.54,657401.35,34.756692,32.008976,-0.115,605.6
בת ים,רמת הנשיא,"כ""ט בנובמבר",26.0,2320000,126,5.0,9.0,2018,12,177068.7,657420.43,34.755825,32.009145,-0.115,605.6
בת ים,רמת הנשיא,"כ""ט בנובמבר",24.0,1319000,60,3.0,3.0,2018,11,176938.88,657466.88,34.754449,32.009559,-0.115,605.6
בת ים,רמת הנשיא,"כ""ט בנובמבר",32.0,1192000,67,3.0,3.0,2018,11,177187.5,657358.83,34.757085,32.008594,-0.115,605.6
בת ים,רמת הנשיא,"כ""ט בנובמבר",31.0,1515000,78,4.0,1.0,2018,11,177304.77,657429.54,34.758323,32.009236,-0.115,605.6
בת ים,רמת הנשיא,"כ""ט בנובמבר",12.0,1333300,71,3.0,1.0,2018,10,176845.05,657533.69,34.753453,32.010158,-0.115,605.6
בת ים,רמת הנשיא,"כ""ט בנובמבר",41.0,1400000,87,3.0,1.0,2018,10,177476.94,657387.69,34.760147,32.008865,-0.115,605.6
בת ים,רמת הנשיא,"כ""ט בנובמבר",38.0,624000,64,3.0,4.0,2018,8,177315.18,657364.85,34.758436,32.008653,-0.115,605.6
בת ים,רמת הנשיא,"כ""ט בנובמבר",29.0,825000,82,4.5,3.0,2018,8,177168.84,657461.04,34.756883,32.009515,-0.115,605.6
בת ים,רמת הנשיא,"כ""ט בנובמבר",29.0,1670000,102,4.0,1.0,2018,8,177168.84,657461.04,34.756883,32.009515,-0.115,605.6
בת ים,רמת הנשיא,"כ""ט בנובמבר",12.0,1235000,67,3.0,4.0,2018,6,176845.05,657533.69,34.753453,32.010158,-0.115,605.6
בת ים,רמת הנשיא,"כ""ט בנובמבר",34.0,1440000,79,3.0,1.0,2018,6,177227.93,657378.96,34.757512,32.008777,-0.115,605.6
בת ים,רמת הנשיא,"כ""ט בנובמבר",24.0,1350000,60,3.0,3.0,2018,6,176938.88,657466.88,34.754449,32.009559,-0.115,605.6
בת ים,רמת הנשיא,"כ""ט בנובמבר",32.0,1295000,66,2.5,1.0,2018,4,177187.5,657358.83,34.757085,32.008594,-0.115,605.6
בת ים,רמת הנשיא,"כ""ט בנובמבר",31.0,1500000,70,3.0,3.0,2018,3,177304.77,657429.54,34.758323,32.009236,-0.115,605.6
בת ים,רמת הנשיא,"כ""ט בנובמבר",33.0,1640000,77,4.0,3.0,2018,3,177341.96,657420.85,34.758717,32.009159,-0.115,605.6
בת ים,רמת הנשיא,"כ""ט בנובמבר",19.0,1390000,70,3.0,3.0,2018,3,176980.27,657536.01,34.754884,32.010184,-0.115,605.6
בת ים,רמת הנשיא,"כ""ט בנובמבר",50.0,210000,74,3.0,3.0,2018,3,177520.72,657303.23,34.760614,32.008105,-0.115,605.6
בת ים,רמת הנשיא,"כ""ט בנובמבר",50.0,238000,74,3.0,3.0,2018,2,177520.72,657303.23,34.760614,32.008105,-0.115,605.6
בת ים,רמת הנשיא,"כ""ט בנובמבר",34.0,1500000,78,3.0,6.0,2018,1,177227.93,657378.96,34.757512,32.008777,-0.115,605.6
בת ים,רמת הנשיא,"כ""ט בנובמבר",13.0,1270000,74,3.0,3.0,2018,1,176835.17,657633.76,34.753344,32.01106,-0.115,605.6
בת ים,רמת הנשיא,"כ""ט בנובמבר",15.0,1320000,67,3.0,1.0,2018,1,176912.06,657584.2,34.75416,32.010616,-0.115,605.6
בת ים,רמת הנשיא,"כ""ט בנובמבר",32.0,1220000,71,3.0,4.0,2017,12,177187.5,657358.83,34.757085,32.008594,-0.115,605.6
בת ים,רמת הנשיא,"כ""ט בנובמבר",19.0,1250000,67,3.0,3.0,2017,11,176980.27,657536.01,34.754884,32.010184,-0.115,605.6
בת ים,רמת הנשיא,"כ""ט בנובמבר",13.0,1520000,71,3.5,3.0,2017,10,176835.17,657633.76,34.753344,32.01106,-0.115,605.6
בת ים,רמת הנשיא,"כ""ט בנובמבר",48.0,899000,66,3.0,1.0,2017,8,177467.39,657294.03,34.76005,32.00802,-0.115,605.6
בת ים,רמת הנשיא,"כ""ט בנובמבר",38.0,1200000,66,3.0,4.0,2017,7,177315.18,657364.85,34.758436,32.008653,-0.115,605.6
בת ים,רמת הנשיא,"כ""ט בנובמבר",6.0,1034000,75,3.0,3.0,2017,7,176728.59,657611.69,34.752217,32.010857,-0.115,605.6
בת ים,רמת הנשיא,"כ""ט בנובמבר",38.0,1130000,66,3.0,1.0,2017,5,177315.18,657364.85,34.758436,32.008653,-0.115,605.6
בת ים,רמת הנשיא,"כ""ט בנובמבר",32.0,1330000,67,3.0,3.0,2017,5,177187.5,657358.83,34.757085,32.008594,-0.115,605.6
בת ים,רמת הנשיא,"כ""ט בנובמבר",18.0,1280000,60,3.0,3.0,2017,3,176900.16,657493.32,34.754038,32.009796,-0.115,605.6
בת ים,רמת הנשיא,"כ""ט בנובמבר",32.0,1280000,66,3.0,3.0,2017,3,177187.5,657358.83,34.757085,32.008594,-0.115,605.6
בת ים,רמת הנשיא,"כ""ט בנובמבר",13.0,1399000,63,3.0,7.0,2017,3,176835.17,657633.76,34.753344,32.01106,-0.115,605.6
בת ים,רמת הנשיא,"כ""ט בנובמבר",40.0,1297000,66,3.0,3.0,2017,3,177315.18,657364.85,34.758436,32.008653,-0.115,605.6
בת ים,רמת הנשיא,"כ""ט בנובמבר",34.0,600000,73,3.0,3.0,2017,2,177227.93,657378.96,34.757512,32.008777,-0.115,605.6
בת ים,רמת הנשיא,"כ""ט בנובמבר",15.0,1299000,54,3.0,1.0,2017,2,176912.06,657584.2,34.75416,32.010616,-0.115,605.6
בת ים,רמת הנשיא,"כ""ט בנובמבר",25.0,1748000,73,4.0,6.0,2017,2,177077.73,657477.83,34.755918,32.009663,-0.115,605.6
בת ים,רמת הנשיא,"כ""ט בנובמבר",17.0,1500000,73,4.0,3.0,2017,2,176934.8,657553.94,34.754402,32.010344,-0.115,605.6
בת ים,רמת הנשיא,"כ""ט בנובמבר",19.0,1300000,53,3.0,1.0,2017,2,176980.27,657536.01,34.754884,32.010184,-0.115,605.6
בת ים,רמת הנשיא,"כ""ט בנובמבר",25.0,1232000,85,4.0,3.0,2016,12,177077.73,657477.83,34.755918,32.009663,-0.115,605.6
בת ים,רמת הנשיא,"כ""ט בנובמבר",28.0,1165000,66,3.0,1.0,2016,12,177108.36,657369.25,34.756247,32.008685,-0.115,605.6
בת ים,רמת הנשיא,"כ""ט בנובמבר",23.0,1337000,53,3.0,1.0,2016,12,177054.99,657509.53,34.755676,32.009948,-0.115,605.6
בת ים,רמת הנשיא,"כ""ט בנובמבר",34.0,1328000,73,3.0,5.0,2016,11,177227.93,657378.96,34.757512,32.008777,-0.115,605.6
בת ים,רמת הנשיא,"כ""ט בנובמבר",18.0,1190000,60,3.0,3.0,2016,11,176900.16,657493.32,34.754038,32.009796,-0.115,605.6
בת ים,רמת הנשיא,"כ""ט בנובמבר",23.0,1265000,66,3.0,3.0,2016,10,177054.99,657509.53,34.755676,32.009948,-0.115,605.6
בת ים,רמת הנשיא,"כ""ט בנובמבר",30.0,1100000,66,3.0,4.0,2016,10,177150.54,657401.35,34.756692,32.008976,-0.115,605.6
בת ים,רמת הנשיא,"כ""ט בנובמבר",40.0,1200000,66,3.5,3.0,2016,9,177315.18,657364.85,34.758436,32.008653,-0.115,605.6
בת ים,רמת הנשיא,"כ""ט בנובמבר",13.0,1450000,71,3.0,8.0,2016,8,176835.17,657633.76,34.753344,32.01106,-0.115,605.6
בת ים,רמת הנשיא,"כ""ט בנובמבר",46.0,1205000,67,3.0,3.0,2016,8,177431.47,657336.42,34.759668,32.008401,-0.115,605.6
בת ים,רמת הנשיא,"כ""ט בנובמבר",40.0,1180000,66,2.5,1.0,2016,7,177315.18,657364.85,34.758436,32.008653,-0.115,605.6
בת ים,רמת הנשיא,"כ""ט בנובמבר",40.0,1310000,66,3.0,1.0,2016,7,177315.18,657364.85,34.758436,32.008653,-0.115,605.6
בת ים,רמת הנשיא,"כ""ט בנובמבר",23.0,1244000,53,3.0,3.0,2016,6,177054.99,657509.53,34.755676,32.009948,-0.115,605.6
בת ים,רמת הנשיא,"כ""ט בנובמבר",15.0,1100000,53,3.5,4.0,2016,6,176912.06,657584.2,34.75416,32.010616,-0.115,605.6
בת ים,רמת הנשיא,"כ""ט בנובמבר",40.0,1240000,67,3.0,1.0,2016,6,177315.18,657364.85,34.758436,32.008653,-0.115,605.6
בת ים,רמת הנשיא,"כ""ט בנובמבר",41.0,1200000,87,3.0,3.0,2016,5,177476.94,657387.69,34.760147,32.008865,-0.115,605.6
בת ים,רמת הנשיא,"כ""ט בנובמבר",33.0,1549000,77,4.0,3.0,2016,4,177341.96,657420.85,34.758717,32.009159,-0.115,605.6
בת ים,רמת הנשיא,"כ""ט בנובמבר",33.0,1150000,68,3.0,6.0,2016,3,177341.96,657420.85,34.758717,32.009159,-0.115,605.6
בת ים,רמת הנשיא,"כ""ט בנובמבר",33.0,1230000,77,3.5,1.0,2016,3,177341.96,657420.85,34.758717,32.009159,-0.115,605.6
בת ים,רמת הנשיא,"כ""ט בנובמבר",26.0,1745000,104,5.0,8.0,2016,2,177068.7,657420.43,34.755825,32.009145,-0.115,605.6
בת ים,רמת הנשיא,"כ""ט בנובמבר",24.0,864000,61,3.0,4.0,2016,1,176938.88,657466.88,34.754449,32.009559,-0.115,605.6
בת ים,רמת הנשיא,"כ""ט בנובמבר",13.0,1269000,63,3.0,7.0,2015,12,176835.17,657633.76,34.753344,32.01106,-0.115,605.6
בת ים,רמת הנשיא,"כ""ט בנובמבר",38.0,974000,67,3.0,1.0,2015,10,177315.18,657364.85,34.758436,32.008653,-0.115,605.6
בת ים,רמת הנשיא,"כ""ט בנובמבר",17.0,599000,74,4.0,5.0,2015,10,176934.8,657553.94,34.754402,32.010344,-0.115,605.6
בת ים,רמת הנשיא,"כ""ט בנובמבר",13.0,1200000,71,4.0,4.0,2015,10,176835.17,657633.76,34.753344,32.01106,-0.115,605.6
בת ים,רמת הנשיא,"כ""ט בנובמבר",28.0,950000,67,3.0,1.0,2015,9,177108.36,657369.25,34.756247,32.008685,-0.115,605.6
בת ים,רמת הנשיא,"כ""ט בנובמבר",26.0,1580000,98,4.0,12.0,2015,8,177068.7,657420.43,34.755825,32.009145,-0.115,605.6
בת ים,רמת הנשיא,"כ""ט בנובמבר",30.0,960000,67,3.0,3.0,2015,8,177150.54,657401.35,34.756692,32.008976,-0.115,605.6
בת ים,רמת הנשיא,"כ""ט בנובמבר",31.0,1149000,76,4.0,1.0,2015,7,177304.77,657429.54,34.758323,32.009236,-0.115,605.6
בת ים,רמת הנשיא,"כ""ט בנובמבר",48.0,152000,75,3.0,1.0,2015,7,177467.39,657294.03,34.76005,32.00802,-0.115,605.6
בת ים,רמת הנשיא,"כ""ט בנובמבר",28.0,1000000,73,3.0,1.0,2015,6,177108.36,657369.25,34.756247,32.008685,-0.115,605.6
בת ים,רמת הנשיא,"כ""ט בנובמבר",15.0,900000,64,3.0,3.0,2015,5,176912.06,657584.2,34.75416,32.010616,-0.115,605.6
בת ים,רמת הנשיא,"כ""ט בנובמבר",24.0,894000,66,3.0,4.0,2015,5,176938.88,657466.88,34.754449,32.009559,-0.115,605.6
בת ים,רמת הנשיא,"כ""ט בנובמבר",31.0,1239000,67,3.0,1.0,2015,5,177304.77,657429.54,34.758323,32.009236,-0.115,605.6
בת ים,רמת הנשיא,"כ""ט בנובמבר",30.0,1029000,66,3.0,4.0,2015,4,177150.54,657401.35,34.756692,32.008976,-0.115,605.6
בת ים,רמת הנשיא,"כ""ט בנובמבר",40.0,980000,66,3.0,3.0,2015,3,177315.18,657364.85,34.758436,32.008653,-0.115,605.6
בת ים,רמת הנשיא,"כ""ט בנובמבר",40.0,1060000,66,3.0,1.0,2015,3,177315.18,657364.85,34.758436,32.008653,-0.115,605.6
בת ים,רמת הנשיא,"כ""ט בנובמבר",26.0,1504000,83,4.0,4.0,2015,3,177068.7,657420.43,34.755825,32.009145,-0.115,605.6
בת ים,רמת הנשיא,"כ""ט בנובמבר",15.0,930000,53,3.0,4.0,2015,2,176912.06,657584.2,34.75416,32.010616,-0.115,605.6
בת ים,רמת הנשיא,"כ""ט בנובמבר",40.0,925000,66,3.0,1.0,2014,12,177315.18,657364.85,34.758436,32.008653,-0.115,605.6
בת ים,רמת הנשיא,"כ""ט בנובמבר",19.0,1000000,53,3.0,4.0,2014,12,176980.27,657536.01,34.754884,32.010184,-0.115,605.6
בת ים,רמת הנשיא,"כ""ט בנובמבר",24.0,1085000,75,3.0,3.0,2014,12,176938.88,657466.88,34.754449,32.009559,-0.115,605.6
בת ים,רמת הנשיא,"כ""ט בנובמבר",8.0,960000,61,3.0,3.0,2014,11,176806.99,657559.91,34.753049,32.010393,-0.115,605.6
בת ים,רמת הנשיא,"כ""ט בנובמבר",25.0,1240000,73,4.0,5.0,2014,11,177077.73,657477.83,34.755918,32.009663,-0.115,605.6
בת ים,רמת הנשיא,"כ""ט בנובמבר",23.0,850000,54,3.0,4.0,2014,11,177054.99,657509.53,34.755676,32.009948,-0.115,605.6
בת ים,רמת הנשיא,"כ""ט בנובמבר",43.0,940000,69,3.0,1.0,2014,11,177476.94,657387.69,34.760147,32.008865,-0.115,605.6
בת ים,רמת הנשיא,"כ""ט בנובמבר",25.0,1275000,73,4.0,1.0,2014,9,177077.73,657477.83,34.755918,32.009663,-0.115,605.6
בת ים,רמת הנשיא,"כ""ט בנובמבר",13.0,1255000,70,3.5,1.0,2014,9,176835.17,657633.76,34.753344,32.01106,-0.115,605.6
בת ים,רמת הנשיא,"כ""ט בנובמבר",13.0,1175000,75,3.0,3.0,2014,8,176835.17,657633.76,34.753344,32.01106,-0.115,605.6
בת ים,רמת הנשיא,"כ""ט בנובמבר",40.0,840000,66,3.0,4.0,2014,8,177315.18,657364.85,34.758436,32.008653,-0.115,605.6
בת ים,רמת הנשיא,"כ""ט בנובמבר",26.0,1370000,83,4.0,8.0,2014,6,177068.7,657420.43,34.755825,32.009145,-0.115,605.6
בת ים,רמת הנשיא,"כ""ט בנובמבר",34.0,1080000,73,3.0,6.0,2014,4,177227.93,657378.96,34.757512,32.008777,-0.115,605.6
בת ים,רמת הנשיא,"כ""ט בנובמבר",33.0,1300000,77,4.0,5.0,2014,3,177341.96,657420.85,34.758717,32.009159,-0.115,605.6
בת ים,רמת הנשיא,"כ""ט בנובמבר",25.0,1258000,73,4.0,7.0,2014,3,177077.73,657477.83,34.755918,32.009663,-0.115,605.6
בת ים,רמת הנשיא,"כ""ט בנובמבר",19.0,1079000,53,3.0,3.0,2014,3,176980.27,657536.01,34.754884,32.010184,-0.115,605.6
בת ים,רמת הנשיא,"כ""ט בנובמבר",18.0,919000,60,3.0,1.0,2014,1,176900.16,657493.32,34.754038,32.009796,-0.115,605.6
בת ים,רמת הנשיא,"כ""ט בנובמבר",41.0,800000,69,3.0,4.0,2014,1,177476.94,657387.69,34.760147,32.008865,-0.115,605.6
בת ים,רמת הנשיא,"כ""ט בנובמבר",15.0,1050000,53,3.0,1.0,2014,1,176912.06,657584.2,34.75416,32.010616,-0.115,605.6
בת ים,רמת הנשיא,"כ""ט בנובמבר",34.0,1020000,73,3.0,1.0,2013,12,177227.93,657378.96,34.757512,32.008777,-0.115,605.6
בת ים,רמת הנשיא,"כ""ט בנובמבר",28.0,764000,67,3.0,3.0,2013,12,177108.36,657369.25,34.756247,32.008685,-0.115,605.6
בת ים,רמת הנשיא,"כ""ט בנובמבר",13.0,980000,63,3.0,1.0,2013,11,176835.17,657633.76,34.753344,32.01106,-0.115,605.6
בת ים,רמת הנשיא,"כ""ט בנובמבר",40.0,960000,66,3.0,3.0,2013,11,177315.18,657364.85,34.758436,32.008653,-0.115,605.6
בת ים,רמת הנשיא,"כ""ט בנובמבר",31.0,1310000,77,3.5,7.0,2013,11,177304.77,657429.54,34.758323,32.009236,-0.115,605.6
בת ים,רמת הנשיא,"כ""ט בנובמבר",43.0,945000,69,3.0,3.0,2013,10,177476.94,657387.69,34.760147,32.008865,-0.115,605.6
בת ים,רמת הנשיא,"כ""ט בנובמבר",32.0,610000,66,3.0,1.0,2013,10,177187.5,657358.83,34.757085,32.008594,-0.115,605.6
בת ים,רמת הנשיא,"כ""ט בנובמבר",26.0,1385000,83,4.0,11.0,2013,10,177068.7,657420.43,34.755825,32.009145,-0.115,605.6
בת ים,רמת הנשיא,"כ""ט בנובמבר",43.0,879000,65,3.0,1.0,2013,8,177476.94,657387.69,34.760147,32.008865,-0.115,605.6
בת ים,רמת הנשיא,"כ""ט בנובמבר",43.0,1055000,79,3.0,4.0,2013,8,177476.94,657387.69,34.760147,32.008865,-0.115,605.6
בת ים,רמת הנשיא,"כ""ט בנובמבר",18.0,855000,60,3.0,4.0,2013,7,176900.16,657493.32,34.754038,32.009796,-0.115,605.6
בת ים,רמת הנשיא,"כ""ט בנובמבר",29.0,1305000,82,4.0,5.0,2013,7,177168.84,657461.04,34.756883,32.009515,-0.115,605.6
בת ים,רמת הנשיא,"כ""ט בנובמבר",19.0,1040000,55,3.0,3.0,2013,7,176980.27,657536.01,34.754884,32.010184,-0.115,605.6
בת ים,רמת הנשיא,"כ""ט בנובמבר",34.0,1030000,73,3.0,1.0,2013,7,177227.93,657378.96,34.757512,32.008777,-0.115,605.6
בת ים,רמת הנשיא,"כ""ט בנובמבר",33.0,1120000,67,3.0,5.0,2013,6,177341.96,657420.85,34.758717,32.009159,-0.115,605.6
בת ים,רמת הנשיא,"כ""ט בנובמבר",19.0,895000,53,3.0,1.0,2013,4,176980.27,657536.01,34.754884,32.010184,-0.115,605.6
בת ים,רמת הנשיא,"כ""ט בנובמבר",26.0,617000,91,4.0,3.0,2013,3,177068.7,657420.43,34.755825,32.009145,-0.115,605.6
בת ים,רמת הנשיא,"כ""ט בנובמבר",48.0,840000,67,3.0,3.0,2013,1,177467.39,657294.03,34.76005,32.00802,-0.115,605.6
בת ים,רמת הנשיא,"כ""ט בנובמבר",31.0,900000,67,3.0,6.0,2013,1,177304.77,657429.54,34.758323,32.009236,-0.115,605.6
בת ים,רמת הנשיא,"כ""ט בנובמבר",24.0,1020000,75,3.0,3.0,2013,1,176938.88,657466.88,34.754449,32.009559,-0.115,605.6
בת ים,רמת הנשיא,"כ""ט בנובמבר",17.0,1170000,73,4.0,3.0,2012,12,176934.8,657553.94,34.754402,32.010344,-0.115,605.6
בת ים,רמת הנשיא,"כ""ט בנובמבר",30.0,845000,66,3.0,1.0,2012,12,177150.54,657401.35,34.756692,32.008976,-0.115,605.6
בת ים,רמת הנשיא,"כ""ט בנובמבר",41.0,800000,69,3.0,1.0,2012,12,177476.94,657387.69,34.760147,32.008865,-0.115,605.6
בת ים,רמת הנשיא,"כ""ט בנובמבר",18.0,750000,61,3.0,4.0,2012,10,176900.16,657493.32,34.754038,32.009796,-0.115,605.6
בת ים,רמת הנשיא,"כ""ט בנובמבר",26.0,1295000,91,4.0,9.0,2012,9,177068.7,657420.43,34.755825,32.009145,-0.115,605.6
בת ים,רמת הנשיא,"כ""ט בנובמבר",31.0,1000000,66,3.0,3.0,2012,8,177304.77,657429.54,34.758323,32.009236,-0.115,605.6
בת ים,רמת הנשיא,"כ""ט בנובמבר",41.0,935000,69,3.0,3.0,2012,8,177476.94,657387.69,34.760147,32.008865,-0.115,605.6
בת ים,רמת הנשיא,"כ""ט בנובמבר",18.0,925000,60,3.0,1.0,2012,8,176900.16,657493.32,34.754038,32.009796,-0.115,605.6
בת ים,רמת הנשיא,"כ""ט בנובמבר",41.0,800000,69,3.0,3.0,2012,7,177476.94,657387.69,34.760147,32.008865,-0.115,605.6
בת ים,רמת הנשיא,"כ""ט בנובמבר",18.0,890000,70,3.0,1.0,2012,7,176900.16,657493.32,34.754038,32.009796,-0.115,605.6
בת ים,רמת הנשיא,"כ""ט בנובמבר",6.0,788000,89,3.0,1.0,2012,7,176728.59,657611.69,34.752217,32.010857,-0.115,605.6
בת ים,רמת הנשיא,"כ""ט בנובמבר",50.0,925000,74,3.0,1.0,2012,6,177520.72,657303.23,34.760614,32.008105,-0.115,605.6
בת ים,רמת הנשיא,"כ""ט בנובמבר",30.0,835000,67,3.0,4.0,2012,6,177150.54,657401.35,34.756692,32.008976,-0.115,605.6
בת ים,רמת הנשיא,"כ""ט בנובמבר",26.0,1425000,104,5.0,3.0,2012,6,177068.7,657420.43,34.755825,32.009145,-0.115,605.6
בת ים,רמת הנשיא,"כ""ט בנובמבר",32.0,740000,66,3.5,4.0,2012,5,177187.5,657358.83,34.757085,32.008594,-0.115,605.6
בת ים,רמת הנשיא,"כ""ט בנובמבר",13.0,1080000,70,3.5,7.0,2012,5,176835.17,657633.76,34.753344,32.01106,-0.115,605.6
בת ים,רמת הנשיא,"כ""ט בנובמבר",19.0,890000,71,3.0,1.0,2012,4,176980.27,657536.01,34.754884,32.010184,-0.115,605.6
בת ים,רמת הנשיא,"כ""ט בנובמבר",43.0,737000,69,3.0,3.0,2012,3,177476.94,657387.69,34.760147,32.008865,-0.115,605.6
בת ים,רמת הנשיא,"כ""ט בנובמבר",34.0,1030000,73,3.0,5.0,2012,2,177227.93,657378.96,34.757512,32.008777,-0.115,605.6
בת ים,רמת הנשיא,"כ""ט בנובמבר",26.0,1200000,83,4.0,7.0,2012,2,177068.7,657420.43,34.755825,32.009145,-0.115,605.6
בת ים,רמת הנשיא,"כ""ט בנובמבר",43.0,665000,69,3.0,3.0,2012,1,177476.94,657387.69,34.760147,32.008865,-0.115,605.6
בת ים,רמת הנשיא,"כ""ט בנובמבר",13.0,800000,70,3.5,3.0,2011,12,176835.17,657633.76,34.753344,32.01106,-0.115,605.6
בת ים,רמת הנשיא,"כ""ט בנובמבר",13.0,1080000,63,3.0,7.0,2011,12,176835.17,657633.76,34.753344,32.01106,-0.115,605.6
בת ים,רמת הנשיא,"כ""ט בנובמבר",33.0,1125000,78,3.5,1.0,2011,12,177341.96,657420.85,34.758717,32.009159,-0.115,605.6
בת ים,רמת הנשיא,"כ""ט בנובמבר",8.0,800000,60,3.0,4.0,2011,11,176806.99,657559.91,34.753049,32.010393,-0.115,605.6
בת ים,רמת הנשיא,"כ""ט בנובמבר",18.0,860000,60,3.0,3.0,2011,10,176900.16,657493.32,34.754038,32.009796,-0.115,605.6
בת ים,רמת הנשיא,"כ""ט בנובמבר",34.0,900000,73,3.0,4.0,2011,9,177227.93,657378.96,34.757512,32.008777,-0.115,605.6
בת ים,רמת הנשיא,"כ""ט בנובמבר",13.0,1030000,63,3.0,3.0,2011,8,176835.17,657633.76,34.753344,32.01106,-0.115,605.6
בת ים,רמת הנשיא,"כ""ט בנובמבר",28.0,770000,66,3.0,3.0,2011,7,177108.36,657369.25,34.756247,32.008685,-0.115,605.6
בת ים,רמת הנשיא,"כ""ט בנובמבר",18.0,660000,60,3.0,4.0,2011,7,176900.16,657493.32,34.754038,32.009796,-0.115,605.6
בת ים,רמת הנשיא,"כ""ט בנובמבר",40.0,560000,65,2.5,4.0,2011,5,177315.18,657364.85,34.758436,32.008653,-0.115,605.6
בת ים,רמת הנשיא,"כ""ט בנובמבר",17.0,1190000,73,4.0,3.0,2011,5,176934.8,657553.94,34.754402,32.010344,-0.115,605.6
בת ים,רמת הנשיא,"כ""ט בנובמבר",40.0,750000,67,3.0,1.0,2011,5,177315.18,657364.85,34.758436,32.008653,-0.115,605.6
בת ים,רמת הנשיא,"כ""ט בנובמבר",28.0,800000,66,3.0,1.0,2011,4,177108.36,657369.25,34.756247,32.008685,-0.115,605.6
בת ים,רמת הנשיא,"כ""ט בנובמבר",17.0,975000,100,4.0,1.0,2011,4,176934.8,657553.94,34.754402,32.010344,-0.115,605.6
בת ים,רמת הנשיא,"כ""ט בנובמבר",13.0,1050000,63,3.0,5.0,2011,4,176835.17,657633.76,34.753344,32.01106,-0.115,605.6
בת ים,רמת הנשיא,"כ""ט בנובמבר",26.0,1350000,83,4.0,6.0,2011,4,177068.7,657420.43,34.755825,32.009145,-0.115,605.6
בת ים,רמת הנשיא,"כ""ט בנובמבר",26.0,1210000,83,4.0,3.0,2011,3,177068.7,657420.43,34.755825,32.009145,-0.115,605.6
בת ים,רמת הנשיא,"כ""ט בנובמבר",40.0,750000,67,3.0,1.0,2011,3,177315.18,657364.85,34.758436,32.008653,-0.115,605.6
בת ים,רמת הנשיא,"כ""ט בנובמבר",40.0,812000,66,3.0,1.0,2011,3,177315.18,657364.85,34.758436,32.008653,-0.115,605.6
בת ים,רמת הנשיא,"כ""ט בנובמבר",13.0,1070000,70,3.5,1.0,2011,2,176835.17,657633.76,34.753344,32.01106,-0.115,605.6
בת ים,רמת הנשיא,"כ""ט בנובמבר",13.0,1100000,70,3.5,1.0,2011,2,176835.17,657633.76,34.753344,32.01106,-0.115,605.6
בת ים,רמת הנשיא,"כ""ט בנובמבר",24.0,880000,60,3.0,3.0,2011,2,176938.88,657466.88,34.754449,32.009559,-0.115,605.6
בת ים,רמת הנשיא,"כ""ט בנובמבר",13.0,1040000,63,3.0,8.0,2011,1,176835.17,657633.76,34.753344,32.01106,-0.115,605.6
בת ים,רמת הנשיא,"כ""ט בנובמבר",15.0,850000,70,3.0,1.0,2010,12,176912.06,657584.2,34.75416,32.010616,-0.115,605.6
בת ים,רמת הנשיא,"כ""ט בנובמבר",18.0,735000,60,3.0,3.0,2010,11,176900.16,657493.32,34.754038,32.009796,-0.115,605.6
בת ים,רמת הנשיא,"כ""ט בנובמבר",46.0,342000,75,3.0,3.0,2010,11,177431.47,657336.42,34.759668,32.008401,-0.115,605.6
בת ים,רמת הנשיא,"כ""ט בנובמבר",41.0,812000,69,3.5,3.0,2010,11,177476.94,657387.69,34.760147,32.008865,-0.115,605.6
בת ים,רמת הנשיא,"כ""ט בנובמבר",13.0,1000000,70,3.5,1.0,2010,10,176835.17,657633.76,34.753344,32.01106,-0.115,605.6
בת ים,רמת הנשיא,"כ""ט בנובמבר",18.0,755000,60,3.0,1.0,2010,9,176900.16,657493.32,34.754038,32.009796,-0.115,605.6
בת ים,רמת הנשיא,"כ""ט בנובמבר",26.0,1098000,104,5.0,4.0,2010,7,177068.7,657420.43,34.755825,32.009145,-0.115,605.6
בת ים,רמת הנשיא,"כ""ט בנובמבר",19.0,850000,54,3.0,1.0,2010,7,176980.27,657536.01,34.754884,32.010184,-0.115,605.6
בת ים,רמת הנשיא,"כ""ט בנובמבר",12.0,742000,60,3.0,1.0,2010,7,176845.05,657533.69,34.753453,32.010158,-0.115,605.6
בת ים,רמת הנשיא,"כ""ט בנובמבר",26.0,1325000,83,4.0,9.0,2010,6,177068.7,657420.43,34.755825,32.009145,-0.115,605.6
בת ים,רמת הנשיא,"כ""ט בנובמבר",40.0,266000,75,3.0,4.0,2010,4,177315.18,657364.85,34.758436,32.008653,-0.115,605.6
בת ים,רמת הנשיא,"כ""ט בנובמבר",46.0,585000,67,3.0,4.0,2010,3,177431.47,657336.42,34.759668,32.008401,-0.115,605.6
בת ים,רמת הנשיא,"כ""ט בנובמבר",34.0,919000,73,3.0,7.0,2010,3,177227.93,657378.96,34.757512,32.008777,-0.115,605.6
בת ים,רמת הנשיא,"כ""ט בנובמבר",18.0,685000,61,3.0,4.0,2010,3,176900.16,657493.32,34.754038,32.009796,-0.115,605.6
בת ים,רמת הנשיא,"כ""ט בנובמבר",28.0,546000,75,3.0,4.0,2010,1,177108.36,657369.25,34.756247,32.008685,-0.115,605.6
בת ים,רמת הנשיא,"כ""ט בנובמבר",25.0,875000,73,4.0,5.0,2010,1,177077.73,657477.83,34.755918,32.009663,-0.115,605.6
בת ים,רמת הנשיא,"כ""ט בנובמבר",32.0,745000,67,3.0,3.0,2010,1,177187.5,657358.83,34.757085,32.008594,-0.115,605.6
בת ים,רמת הנשיא,"כ""ט בנובמבר",32.0,660000,67,3.5,4.0,2010,1,177187.5,657358.83,34.757085,32.008594,-0.115,605.6
בת ים,רמת הנשיא,"כ""ט בנובמבר",46.0,660000,75,3.0,1.0,2010,1,177431.47,657336.42,34.759668,32.008401,-0.115,605.6
בת ים,רמת הנשיא,"כ""ט בנובמבר",43.0,640000,69,3.0,4.0,2010,1,177476.94,657387.69,34.760147,32.008865,-0.115,605.6
בת ים,רמת הנשיא,"כ""ט בנובמבר",32.0,400000,70,3.0,3.0,2010,1,177187.5,657358.83,34.757085,32.008594,-0.115,605.6
בת ים,רמת הנשיא,"כ""ט בנובמבר",13.0,900000,63,3.0,3.0,2010,1,176835.17,657633.76,34.753344,32.01106,-0.115,605.6
בת ים,רמת הנשיא,"כ""ט בנובמבר",12.0,500000,61,3.0,4.0,2009,12,176845.05,657533.69,34.753453,32.010158,-0.115,605.6
בת ים,רמת הנשיא,"כ""ט בנובמבר",38.0,600000,66,2.5,3.0,2009,11,177315.18,657364.85,34.758436,32.008653,-0.115,605.6
בת ים,רמת הנשיא,"כ""ט בנובמבר",43.0,730000,69,3.0,3.0,2009,11,177476.94,657387.69,34.760147,32.008865,-0.115,605.6
בת ים,רמת הנשיא,"כ""ט בנובמבר",34.0,850000,73,3.0,3.0,2009,10,177227.93,657378.96,34.757512,32.008777,-0.115,605.6
בת ים,רמת הנשיא,"כ""ט בנובמבר",18.0,580000,75,3.5,4.0,2009,10,176900.16,657493.32,34.754038,32.009796,-0.115,605.6
בת ים,רמת הנשיא,"כ""ט בנובמבר",13.0,870000,63,3.0,4.0,2009,9,176835.17,657633.76,34.753344,32.01106,-0.115,605.6
בת ים,רמת הנשיא,"כ""ט בנובמבר",32.0,690000,67,3.0,1.0,2009,9,177187.5,657358.83,34.757085,32.008594,-0.115,605.6
בת ים,רמת הנשיא,"כ""ט בנובמבר",38.0,200000,66,3.0,4.0,2009,9,177315.18,657364.85,34.758436,32.008653,-0.115,605.6
בת ים,רמת הנשיא,"כ""ט בנובמבר",23.0,695000,54,3.0,1.0,2009,8,177054.99,657509.53,34.755676,32.009948,-0.115,605.6
בת ים,רמת הנשיא,"כ""ט בנובמבר",8.0,550000,60,3.0,4.0,2009,8,176806.99,657559.91,34.753049,32.010393,-0.115,605.6
בת ים,רמת הנשיא,"כ""ט בנובמבר",30.0,590000,66,3.5,4.0,2009,8,177150.54,657401.35,34.756692,32.008976,-0.115,605.6
בת ים,רמת הנשיא,"כ""ט בנובמבר",25.0,830000,93,4.0,7.0,2009,8,177077.73,657477.83,34.755918,32.009663,-0.115,605.6
בת ים,רמת הנשיא,"כ""ט בנובמבר",46.0,740000,67,3.0,1.0,2009,6,177431.47,657336.42,34.759668,32.008401,-0.115,605.6
בת ים,רמת הנשיא,"כ""ט בנובמבר",41.0,560000,69,3.0,4.0,2009,6,177476.94,657387.69,34.760147,32.008865,-0.115,605.6
בת ים,רמת הנשיא,"כ""ט בנובמבר",34.0,825000,73,3.0,7.0,2009,6,177227.93,657378.96,34.757512,32.008777,-0.115,605.6
בת ים,רמת הנשיא,"כ""ט בנובמבר",41.0,580000,69,3.0,1.0,2009,5,177476.94,657387.69,34.760147,32.008865,-0.115,605.6
בת ים,רמת הנשיא,"כ""ט בנובמבר",15.0,630000,53,3.0,3.0,2009,4,176912.06,657584.2,34.75416,32.010616,-0.115,605.6
בת ים,רמת הנשיא,"כ""ט בנובמבר",17.0,830000,73,4.0,6.0,2009,4,176934.8,657553.94,34.754402,32.010344,-0.115,605.6
בת ים,רמת הנשיא,"כ""ט בנובמבר",15.0,680000,53,3.0,1.0,2009,4,176912.06,657584.2,34.75416,32.010616,-0.115,605.6
בת ים,רמת הנשיא,"כ""ט בנובמבר",41.0,400000,69,3.0,4.0,2009,3,177476.94,657387.69,34.760147,32.008865,-0.115,605.6
בת ים,רמת הנשיא,"כ""ט בנובמבר",28.0,290000,66,3.0,1.0,2009,3,177108.36,657369.25,34.756247,32.008685,-0.115,605.6
בת ים,רמת הנשיא,"כ""ט בנובמבר",30.0,587000,66,2.5,1.0,2009,3,177150.54,657401.35,34.756692,32.008976,-0.115,605.6
בת ים,רמת הנשיא,"כ""ט בנובמבר",28.0,625000,67,3.0,1.0,2009,3,177108.36,657369.25,34.756247,32.008685,-0.115,605.6
בת ים,רמת הנשיא,"כ""ט בנובמבר",23.0,400000,53,3.0,1.0,2009,2,177054.99,657509.53,34.755676,32.009948,-0.115,605.6
בת ים,רמת הנשיא,"כ""ט בנובמבר",43.0,500000,69,3.0,1.0,2009,2,177476.94,657387.69,34.760147,32.008865,-0.115,605.6
בת ים,רמת הנשיא,"כ""ט בנובמבר",43.0,495000,69,3.5,3.0,2009,2,177476.94,657387.69,34.760147,32.008865,-0.115,605.6
בת ים,רמת הנשיא,"כ""ט בנובמבר",23.0,480000,54,3.0,4.0,2009,1,177054.99,657509.53,34.755676,32.009948,-0.115,605.6
בת ים,רמת הנשיא,"כ""ט בנובמבר",12.0,630000,61,3.0,3.0,2009,1,176845.05,657533.69,34.753453,32.010158,-0.115,605.6
בת ים,רמת הנשיא,"כ""ט בנובמבר",31.0,740000,78,3.5,7.0,2009,1,177304.77,657429.54,34.758323,32.009236,-0.115,605.6
בת ים,רמת הנשיא,"כ""ט בנובמבר",24.0,620000,60,3.0,3.0,2008,12,176938.88,657466.88,34.754449,32.009559,-0.115,605.6
בת ים,רמת הנשיא,"כ""ט בנובמבר",32.0,600000,67,3.5,3.0,2008,12,177187.5,657358.83,34.757085,32.008594,-0.115,605.6
בת ים,רמת הנשיא,"כ""ט בנובמבר",8.0,630000,61,3.0,3.0,2008,11,176806.99,657559.91,34.753049,32.010393,-0.115,605.6
בת ים,רמת הנשיא,"כ""ט בנובמבר",15.0,675000,65,3.0,3.0,2008,11,176912.06,657584.2,34.75416,32.010616,-0.115,605.6
בת ים,רמת הנשיא,"כ""ט בנובמבר",19.0,545000,54,3.5,4.0,2008,11,176980.27,657536.01,34.754884,32.010184,-0.115,605.6
בת ים,רמת הנשיא,"כ""ט בנובמבר",6.0,400000,50,2.0,3.0,2008,10,176728.59,657611.69,34.752217,32.010857,-0.115,605.6
בת ים,רמת הנשיא,"כ""ט בנובמבר",43.0,610000,69,3.0,4.0,2008,9,177476.94,657387.69,34.760147,32.008865,-0.115,605.6
בת ים,רמת הנשיא,"כ""ט בנובמבר",31.0,300000,78,4.0,3.0,2008,9,177304.77,657429.54,34.758323,32.009236,-0.115,605.6
בת ים,רמת הנשיא,"כ""ט בנובמבר",26.0,950000,83,4.0,5.0,2008,9,177068.7,657420.43,34.755825,32.009145,-0.115,605.6
בת ים,רמת הנשיא,"כ""ט בנובמבר",50.0,530000,74,3.0,4.0,2008,9,177520.72,657303.23,34.760614,32.008105,-0.115,605.6
בת ים,רמת הנשיא,"כ""ט בנובמבר",50.0,655000,74,3.0,3.0,2008,8,177520.72,657303.23,34.760614,32.008105,-0.115,605.6
בת ים,רמת הנשיא,"כ""ט בנובמבר",6.0,339000,70,3.0,3.0,2008,8,176728.59,657611.69,34.752217,32.010857,-0.115,605.6
בת ים,רמת הנשיא,"כ""ט בנובמבר",12.0,530000,61,3.0,3.0,2008,7,176845.05,657533.69,34.753453,32.010158,-0.115,605.6
בת ים,רמת הנשיא,"כ""ט בנובמבר",50.0,525000,74,3.0,3.0,2008,7,177520.72,657303.23,34.760614,32.008105,-0.115,605.6
בת ים,רמת הנשיא,"כ""ט בנובמבר",50.0,560000,74,3.0,3.0,2008,6,177520.72,657303.23,34.760614,32.008105,-0.115,605.6
בת ים,רמת הנשיא,"כ""ט בנובמבר",12.0,574000,60,3.0,3.0,2008,6,176845.05,657533.69,34.753453,32.010158,-0.115,605.6
בת ים,רמת הנשיא,"כ""ט בנובמבר",50.0,420000,74,3.0,3.0,2008,6,177520.72,657303.23,34.760614,32.008105,-0.115,605.6
בת ים,רמת הנשיא,"כ""ט בנובמבר",41.0,450000,69,3.5,3.0,2008,6,177476.94,657387.69,34.760147,32.008865,-0.115,605.6
בת ים,רמת הנשיא,"כ""ט בנובמבר",40.0,400000,67,3.0,3.0,2008,5,177315.18,657364.85,34.758436,32.008653,-0.115,605.6
בת ים,רמת הנשיא,"כ""ט בנובמבר",12.0,490000,60,3.0,4.0,2008,5,176845.05,657533.69,34.753453,32.010158,-0.115,605.6
בת ים,רמת הנשיא,"כ""ט בנובמבר",13.0,715000,63,3.0,6.0,2008,5,176835.17,657633.76,34.753344,32.01106,-0.115,605.6
בת ים,רמת הנשיא,"כ""ט בנובמבר",33.0,725000,78,3.5,3.0,2008,3,177341.96,657420.85,34.758717,32.009159,-0.115,605.6
בת ים,רמת הנשיא,"כ""ט בנובמבר",8.0,550000,61,3.0,3.0,2008,3,176806.99,657559.91,34.753049,32.010393,-0.115,605.6
בת ים,רמת הנשיא,"כ""ט בנובמבר",6.0,465000,125,5.0,3.0,2008,2,176728.59,657611.69,34.752217,32.010857,-0.115,605.6
בת ים,רמת הנשיא,"כ""ט בנובמבר",6.0,398000,75,3.0,3.0,2008,2,176728.59,657611.69,34.752217,32.010857,-0.115,605.6
בת ים,רמת הנשיא,"כ""ט בנובמבר",6.0,344000,70,3.0,1.0,2008,2,176728.59,657611.69,34.752217,32.010857,-0.115,605.6
בת ים,רמת הנשיא,"כ""ט בנובמבר",17.0,721000,84,4.0,3.0,2008,2,176934.8,657553.94,34.754402,32.010344,-0.115,605.6
בת ים,רמת הנשיא,"כ""ט בנובמבר",50.0,510000,74,3.0,1.0,2008,2,177520.72,657303.23,34.760614,32.008105,-0.115,605.6
בת ים,רמת הנשיא,"כ""ט בנובמבר",30.0,555000,67,3.0,3.0,2008,1,177150.54,657401.35,34.756692,32.008976,-0.115,605.6
בת ים,רמת הנשיא,"כ""ט בנובמבר",34.0,580000,73,3.0,3.0,2008,1,177227.93,657378.96,34.757512,32.008777,-0.115,605.6
בת ים,רמת הנשיא,"כ""ט בנובמבר",43.0,215000,91,3.0,3.0,2008,1,177476.94,657387.69,34.760147,32.008865,-0.115,605.6
בת ים,רמת הנשיא,"כ""ט בנובמבר",33.0,552000,67,3.0,1.0,2007,12,177341.96,657420.85,34.758717,32.009159,-0.115,605.6
בת ים,רמת הנשיא,"כ""ט בנובמבר",34.0,202000,86,3.0,1.0,2007,12,177227.93,657378.96,34.757512,32.008777,-0.115,605.6
בת ים,רמת הנשיא,"כ""ט בנובמבר",12.0,535000,61,3.0,3.0,2007,12,176845.05,657533.69,34.753453,32.010158,-0.115,605.6
בת ים,רמת הנשיא,"כ""ט בנובמבר",24.0,546000,61,3.0,3.0,2007,12,176938.88,657466.88,34.754449,32.009559,-0.115,605.6
בת ים,רמת הנשיא,"כ""ט בנובמבר",19.0,574000,55,3.0,3.0,2007,11,176980.27,657536.01,34.754884,32.010184,-0.115,605.6
בת ים,רמת הנשיא,"כ""ט בנובמבר",18.0,491000,60,3.0,3.0,2007,11,176900.16,657493.32,34.754038,32.009796,-0.115,605.6
בת ים,רמת הנשיא,"כ""ט בנובמבר",46.0,505000,67,3.0,3.0,2007,11,177431.47,657336.42,34.759668,32.008401,-0.115,605.6
בת ים,רמת הנשיא,"כ""ט בנובמבר",15.0,400000,54,3.0,4.0,2007,11,176912.06,657584.2,34.75416,32.010616,-0.115,605.6
בת ים,רמת הנשיא,"כ""ט בנובמבר",26.0,815000,91,4.0,9.0,2007,11,177068.7,657420.43,34.755825,32.009145,-0.115,605.6
בת ים,רמת הנשיא,"כ""ט בנובמבר",33.0,740000,78,3.5,7.0,2007,10,177341.96,657420.85,34.758717,32.009159,-0.115,605.6
בת ים,רמת הנשיא,"כ""ט בנובמבר",17.0,683000,73,4.0,4.0,2007,10,176934.8,657553.94,34.754402,32.010344,-0.115,605.6
בת ים,רמת הנשיא,"כ""ט בנובמבר",18.0,415000,61,3.0,4.0,2007,10,176900.16,657493.32,34.754038,32.009796,-0.115,605.6
בת ים,רמת הנשיא,"כ""ט בנובמבר",19.0,470000,54,3.0,4.0,2007,10,176980.27,657536.01,34.754884,32.010184,-0.115,605.6
בת ים,רמת הנשיא,"כ""ט בנובמבר",50.0,433000,74,3.0,4.0,2007,9,177520.72,657303.23,34.760614,32.008105,-0.115,605.6
בת ים,רמת הנשיא,"כ""ט בנובמבר",18.0,466000,61,3.0,1.0,2007,9,176900.16,657493.32,34.754038,32.009796,-0.115,605.6
בת ים,רמת הנשיא,"כ""ט בנובמבר",48.0,443000,67,3.0,3.0,2007,9,177467.39,657294.03,34.76005,32.00802,-0.115,605.6
בת ים,רמת הנשיא,"כ""ט בנובמבר",32.0,252000,66,3.0,1.0,2007,8,177187.5,657358.83,34.757085,32.008594,-0.115,605.6
בת ים,רמת הנשיא,"כ""ט בנובמבר",50.0,500000,75,3.0,3.0,2007,8,177520.72,657303.23,34.760614,32.008105,-0.115,605.6
בת ים,רמת הנשיא,"כ""ט בנובמבר",23.0,354000,53,3.0,4.0,2007,7,177054.99,657509.53,34.755676,32.009948,-0.115,605.6
בת ים,רמת הנשיא,"כ""ט בנובמבר",24.0,415000,61,3.0,3.0,2007,7,176938.88,657466.88,34.754449,32.009559,-0.115,605.6
בת ים,רמת הנשיא,"כ""ט בנובמבר",40.0,501000,67,3.0,3.0,2007,7,177315.18,657364.85,34.758436,32.008653,-0.115,605.6
בת ים,רמת הנשיא,"כ""ט בנובמבר",19.0,467000,54,3.0,4.0,2007,7,176980.27,657536.01,34.754884,32.010184,-0.115,605.6
בת ים,רמת הנשיא,"כ""ט בנובמבר",31.0,571000,67,3.0,1.0,2007,7,177304.77,657429.54,34.758323,32.009236,-0.115,605.6
בת ים,רמת הנשיא,"כ""ט בנובמבר",33.0,657000,77,4.0,3.0,2007,6,177341.96,657420.85,34.758717,32.009159,-0.115,605.6
בת ים,רמת הנשיא,"כ""ט בנובמבר",12.0,413000,61,3.0,3.0,2007,6,176845.05,657533.69,34.753453,32.010158,-0.115,605.6
בת ים,רמת הנשיא,"כ""ט בנובמבר",24.0,480000,61,3.0,3.0,2007,6,176938.88,657466.88,34.754449,32.009559,-0.115,605.6
בת ים,רמת הנשיא,"כ""ט בנובמבר",15.0,547000,54,3.0,3.0,2007,6,176912.06,657584.2,34.75416,32.010616,-0.115,605.6
בת ים,רמת הנשיא,"כ""ט בנובמבר",32.0,373000,67,3.0,3.0,2007,4,177187.5,657358.83,34.757085,32.008594,-0.115,605.6
בת ים,רמת הנשיא,"כ""ט בנובמבר",15.0,441000,40,3.0,3.0,2007,4,176912.06,657584.2,34.75416,32.010616,-0.115,605.6
בת ים,רמת הנשיא,"כ""ט בנובמבר",41.0,451000,69,3.0,3.0,2007,4,177476.94,657387.69,34.760147,32.008865,-0.115,605.6
בת ים,רמת הנשיא,"כ""ט בנובמבר",40.0,459000,67,3.0,3.0,2007,4,177315.18,657364.85,34.758436,32.008653,-0.115,605.6
בת ים,רמת הנשיא,"כ""ט בנובמבר",19.0,440000,54,3.0,1.0,2007,4,176980.27,657536.01,34.754884,32.010184,-0.115,605.6
בת ים,רמת הנשיא,"כ""ט בנובמבר",18.0,468000,61,3.0,1.0,2007,3,176900.16,657493.32,34.754038,32.009796,-0.115,605.6
בת ים,רמת הנשיא,"כ""ט בנובמבר",46.0,443000,67,3.0,3.0,2007,3,177431.47,657336.42,34.759668,32.008401,-0.115,605.6
בת ים,רמת הנשיא,"כ""ט בנובמבר",24.0,335000,61,3.0,4.0,2007,3,176938.88,657466.88,34.754449,32.009559,-0.115,605.6
בת ים,רמת הנשיא,"כ""ט בנובמבר",43.0,590000,69,3.0,1.0,2007,2,177476.94,657387.69,34.760147,32.008865,-0.115,605.6
בת ים,רמת הנשיא,"כ""ט בנובמבר",13.0,593000,63,3.0,3.0,2007,2,176835.17,657633.76,34.753344,32.01106,-0.115,605.6
בת ים,רמת הנשיא,"כ""ט בנובמבר",31.0,233000,67,3.0,6.0,2007,2,177304.77,657429.54,34.758323,32.009236,-0.115,605.6
בת ים,רמת הנשיא,"כ""ט בנובמבר",30.0,386000,67,3.0,3.0,2007,1,177150.54,657401.35,34.756692,32.008976,-0.115,605.6
בת ים,רמת הנשיא,"כ""ט בנובמבר",8.0,359000,61,3.0,3.0,2007,1,176806.99,657559.91,34.753049,32.010393,-0.115,605.6
בת ים,רמת הנשיא,"כ""ט בנובמבר",31.0,510000,67,3.0,4.0,2007,1,177304.77,657429.54,34.758323,32.009236,-0.115,605.6
בת ים,רמת הנשיא,"כ""ט בנובמבר",38.0,378000,67,3.0,3.0,2006,11,177315.18,657364.85,34.758436,32.008653,-0.115,605.6
בת ים,רמת הנשיא,"כ""ט בנובמבר",25.0,631000,73,4.0,4.0,2006,11,177077.73,657477.83,34.755918,32.009663,-0.115,605.6
בת ים,רמת הנשיא,"כ""ט בנובמבר",43.0,349000,69,3.0,4.0,2006,11,177476.94,657387.69,34.760147,32.008865,-0.115,605.6
בת ים,רמת הנשיא,"כ""ט בנובמבר",23.0,318000,54,3.0,4.0,2006,11,177054.99,657509.53,34.755676,32.009948,-0.115,605.6
בת ים,רמת הנשיא,"כ""ט בנובמבר",48.0,352000,67,3.0,1.0,2006,11,177467.39,657294.03,34.76005,32.00802,-0.115,605.6
בת ים,רמת הנשיא,"כ""ט בנובמבר",34.0,517000,73,3.0,5.0,2006,11,177227.93,657378.96,34.757512,32.008777,-0.115,605.6
בת ים,רמת הנשיא,"כ""ט בנובמבר",40.0,290000,67,3.0,4.0,2006,11,177315.18,657364.85,34.758436,32.008653,-0.115,605.6
בת ים,רמת הנשיא,"כ""ט בנובמבר",32.0,247400,67,3.0,4.0,2006,11,177187.5,657358.83,34.757085,32.008594,-0.115,605.6
בת ים,רמת הנשיא,"כ""ט בנובמבר",46.0,434000,67,3.0,1.0,2006,11,177431.47,657336.42,34.759668,32.008401,-0.115,605.6
בת ים,רמת הנשיא,"כ""ט בנובמבר",50.0,432000,74,3.0,1.0,2006,11,177520.72,657303.23,34.760614,32.008105,-0.115,605.6
בת ים,רמת הנשיא,"כ""ט בנובמבר",13.0,535000,71,4.0,1.0,2006,10,176835.17,657633.76,34.753344,32.01106,-0.115,605.6
בת ים,רמת הנשיא,"כ""ט בנובמבר",40.0,404000,67,3.5,3.0,2006,10,177315.18,657364.85,34.758436,32.008653,-0.115,605.6
בת ים,רמת הנשיא,"כ""ט בנובמבר",19.0,453000,55,3.0,3.0,2006,10,176980.27,657536.01,34.754884,32.010184,-0.115,605.6
בת ים,רמת הנשיא,"כ""ט בנובמבר",8.0,433000,61,3.0,1.0,2006,10,176806.99,657559.91,34.753049,32.010393,-0.115,605.6
בת ים,רמת הנשיא,"כ""ט בנובמבר",38.0,381000,66,3.0,3.0,2006,10,177315.18,657364.85,34.758436,32.008653,-0.115,605.6
בת ים,רמת הנשיא,"כ""ט בנובמבר",30.0,399000,67,3.0,1.0,2006,10,177150.54,657401.35,34.756692,32.008976,-0.115,605.6
בת ים,רמת הנשיא,"כ""ט בנובמבר",24.0,173000,72,3.0,3.0,2006,8,176938.88,657466.88,34.754449,32.009559,-0.115,605.6
בת ים,רמת הנשיא,"כ""ט בנובמבר",32.0,171000,75,3.0,3.0,2006,7,177187.5,657358.83,34.757085,32.008594,-0.115,605.6
בת ים,רמת הנשיא,"כ""ט בנובמבר",17.0,639000,74,4.0,7.0,2006,7,176934.8,657553.94,34.754402,32.010344,-0.115,605.6
בת ים,רמת הנשיא,"כ""ט בנובמבר",48.0,402000,66,3.0,3.0,2006,7,177467.39,657294.03,34.76005,32.00802,-0.115,605.6
בת ים,רמת הנשיא,"כ""ט בנובמבר",25.0,663000,73,4.0,6.0,2006,7,177077.73,657477.83,34.755918,32.009663,-0.115,605.6
בת ים,רמת הנשיא,"כ""ט בנובמבר",18.0,403000,75,3.0,3.0,2006,6,176900.16,657493.32,34.754038,32.009796,-0.115,605.6
בת ים,רמת הנשיא,"כ""ט בנובמבר",15.0,546000,54,3.0,1.0,2006,6,176912.06,657584.2,34.75416,32.010616,-0.115,605.6
בת ים,רמת הנשיא,"כ""ט בנובמבר",30.0,303000,66,3.0,4.0,2006,6,177150.54,657401.35,34.756692,32.008976,-0.115,605.6
בת ים,רמת הנשיא,"כ""ט בנובמבר",40.0,403000,67,3.0,3.0,2006,6,177315.18,657364.85,34.758436,32.008653,-0.115,605.6
בת ים,רמת הנשיא,"כ""ט בנובמבר",32.0,498000,80,3.0,1.0,2006,5,177187.5,657358.83,34.757085,32.008594,-0.115,605.6
בת ים,רמת הנשיא,"כ""ט בנובמבר",26.0,827000,91,4.0,11.0,2006,4,177068.7,657420.43,34.755825,32.009145,-0.115,605.6
בת ים,רמת הנשיא,"כ""ט בנובמבר",8.0,466000,61,3.0,3.0,2006,4,176806.99,657559.91,34.753049,32.010393,-0.115,605.6
בת ים,רמת הנשיא,"כ""ט בנובמבר",28.0,384000,67,3.0,4.0,2006,3,177108.36,657369.25,34.756247,32.008685,-0.115,605.6
בת ים,רמת הנשיא,"כ""ט בנובמבר",17.0,656000,74,4.0,3.0,2006,2,176934.8,657553.94,34.754402,32.010344,-0.115,605.6
בת ים,רמת הנשיא,"כ""ט בנובמבר",29.0,676000,83,4.0,1.0,2006,2,177168.84,657461.04,34.756883,32.009515,-0.115,605.6
בת ים,רמת הנשיא,"כ""ט בנובמבר",30.0,431000,66,3.0,3.0,2006,2,177150.54,657401.35,34.756692,32.008976,-0.115,605.6
בת ים,רמת הנשיא,"כ""ט בנובמבר",24.0,473000,60,3.0,3.0,2006,1,176938.88,657466.88,34.754449,32.009559,-0.115,605.6
בת ים,רמת הנשיא,"כ""ט בנובמבר",6.0,276000,80,3.0,1.0,2006,1,176728.59,657611.69,34.752217,32.010857,-0.115,605.6
בת ים,רמת הנשיא,"כ""ט בנובמבר",40.0,402000,70,3.0,3.0,2005,12,177315.18,657364.85,34.758436,32.008653,-0.115,605.6
בת ים,רמת הנשיא,"כ""ט בנובמבר",24.0,418000,61,3.0,3.0,2005,12,176938.88,657466.88,34.754449,32.009559,-0.115,605.6
בת ים,רמת הנשיא,"כ""ט בנובמבר",29.0,769000,83,4.0,5.0,2005,12,177168.84,657461.04,34.756883,32.009515,-0.115,605.6
בת ים,רמת הנשיא,"כ""ט בנובמבר",26.0,806000,91,4.0,10.0,2005,12,177068.7,657420.43,34.755825,32.009145,-0.115,605.6
בת ים,רמת הנשיא,"כ""ט בנובמבר",46.0,421000,95,3.0,3.0,2005,10,177431.47,657336.42,34.759668,32.008401,-0.115,605.6
בת ים,רמת הנשיא,"כ""ט בנובמבר",31.0,491000,68,3.0,1.0,2005,10,177304.77,657429.54,34.758323,32.009236,-0.115,605.6
בת ים,רמת הנשיא,"כ""ט בנובמבר",33.0,552000,78,4.0,5.0,2005,9,177341.96,657420.85,34.758717,32.009159,-0.115,605.6
בת ים,רמת הנשיא,"כ""ט בנובמבר",43.0,418000,70,3.0,1.0,2005,7,177476.94,657387.69,34.760147,32.008865,-0.115,605.6
בת ים,רמת הנשיא,"כ""ט בנובמבר",6.0,459000,70,3.0,4.0,2005,7,176728.59,657611.69,34.752217,32.010857,-0.115,605.6
בת ים,רמת הנשיא,"כ""ט בנובמבר",17.0,657000,74,4.0,5.0,2005,7,176934.8,657553.94,34.754402,32.010344,-0.115,605.6
בת ים,רמת הנשיא,"כ""ט בנובמבר",23.0,460000,54,3.0,1.0,2005,6,177054.99,657509.53,34.755676,32.009948,-0.115,605.6
בת ים,רמת הנשיא,"כ""ט בנובמבר",28.0,343000,67,3.0,1.0,2005,6,177108.36,657369.25,34.756247,32.008685,-0.115,605.6
בת ים,רמת הנשיא,"כ""ט בנובמבר",31.0,442000,67,3.0,7.0,2005,6,177304.77,657429.54,34.758323,32.009236,-0.115,605.6
בת ים,רמת הנשיא,"כ""ט בנובמבר",23.0,443000,54,3.0,3.0,2005,5,177054.99,657509.53,34.755676,32.009948,-0.115,605.6
בת ים,רמת הנשיא,"כ""ט בנובמבר",15.0,371000,70,3.0,4.0,2005,4,176912.06,657584.2,34.75416,32.010616,-0.115,605.6
בת ים,רמת הנשיא,"כ""ט בנובמבר",18.0,465000,60,3.0,3.0,2005,4,176900.16,657493.32,34.754038,32.009796,-0.115,605.6
בת ים,רמת הנשיא,"כ""ט בנובמבר",50.0,388000,74,3.0,3.0,2005,3,177520.72,657303.23,34.760614,32.008105,-0.115,605.6
בת ים,רמת הנשיא,"כ""ט בנובמבר",12.0,420000,60,3.5,3.0,2005,2,176845.05,657533.69,34.753453,32.010158,-0.115,605.6
בת ים,רמת הנשיא,"כ""ט בנובמבר",8.0,480000,61,3.0,3.0,2005,2,176806.99,657559.91,34.753049,32.010393,-0.115,605.6
בת ים,רמת הנשיא,"כ""ט בנובמבר",17.0,631000,73,4.0,6.0,2005,1,176934.8,657553.94,34.754402,32.010344,-0.115,605.6
בת ים,רמת הנשיא,"כ""ט בנובמבר",26.0,712000,83,4.0,4.0,2004,12,177068.7,657420.43,34.755825,32.009145,-0.115,605.6
בת ים,רמת הנשיא,"כ""ט בנובמבר",13.0,498000,63,3.0,7.0,2004,12,176835.17,657633.76,34.753344,32.01106,-0.115,605.6
בת ים,רמת הנשיא,"כ""ט בנובמבר",13.0,562000,63,3.0,3.0,2004,12,176835.17,657633.76,34.753344,32.01106,-0.115,605.6
בת ים,רמת הנשיא,"כ""ט בנובמבר",41.0,450000,69,3.0,1.0,2004,10,177476.94,657387.69,34.760147,32.008865,-0.115,605.6
בת ים,רמת הנשיא,"כ""ט בנובמבר",26.0,705000,83,4.0,6.0,2004,10,177068.7,657420.43,34.755825,32.009145,-0.115,605.6
בת ים,רמת הנשיא,"כ""ט בנובמבר",34.0,481000,73,3.0,3.0,2004,9,177227.93,657378.96,34.757512,32.008777,-0.115,605.6
בת ים,רמת הנשיא,"כ""ט בנובמבר",26.0,716000,90,4.0,12.0,2004,9,177068.7,657420.43,34.755825,32.009145,-0.115,605.6
בת ים,רמת הנשיא,"כ""ט בנובמבר",38.0,406000,69,3.0,3.0,2004,9,177315.18,657364.85,34.758436,32.008653,-0.115,605.6
בת ים,רמת הנשיא,"כ""ט בנובמבר",29.0,701000,100,4.0,6.0,2004,7,177168.84,657461.04,34.756883,32.009515,-0.115,605.6
בת ים,רמת הנשיא,"כ""ט בנובמבר",13.0,511000,71,4.0,1.0,2004,6,176835.17,657633.76,34.753344,32.01106,-0.115,605.6
בת ים,רמת הנשיא,"כ""ט בנובמבר",50.0,429000,74,3.0,3.0,2004,6,177520.72,657303.23,34.760614,32.008105,-0.115,605.6
בת ים,רמת הנשיא,"כ""ט בנובמבר",28.0,412000,67,3.0,1.0,2004,5,177108.36,657369.25,34.756247,32.008685,-0.115,605.6
בת ים,רמת הנשיא,"כ""ט בנובמבר",23.0,479000,54,3.0,4.0,2004,4,177054.99,657509.53,34.755676,32.009948,-0.115,605.6
בת ים,רמת הנשיא,"כ""ט בנובמבר",24.0,380000,60,3.0,3.0,2004,1,176938.88,657466.88,34.754449,32.009559,-0.115,605.6
בת ים,רמת הנשיא,"כ""ט בנובמבר",40.0,394000,67,3.0,4.0,2003,12,177315.18,657364.85,34.758436,32.008653,-0.115,605.6
בת ים,רמת הנשיא,"כ""ט בנובמבר",24.0,395000,60,3.0,1.0,2003,12,176938.88,657466.88,34.754449,32.009559,-0.115,605.6
בת ים,רמת הנשיא,"כ""ט בנובמבר",19.0,452000,55,3.0,1.0,2003,12,176980.27,657536.01,34.754884,32.010184,-0.115,605.6
בת ים,רמת הנשיא,"כ""ט בנובמבר",15.0,444000,70,3.0,1.0,2003,12,176912.06,657584.2,34.75416,32.010616,-0.115,605.6
בת ים,רמת יוסף,,,2329000,113,4.0,3.0,2021,8,177491.49,658490.45,34.760253,32.01881,-0.115,605.6
בת ים,רמת יוסף,,,2584000,122,5.0,3.0,2021,8,177491.49,658490.45,34.760253,32.01881,-0.115,605.6
חולון,תל גיבורים,התותחנים,27.0,650000,46,3.0,1.0,2023,5,177498.71,660016.07,34.760263,32.032568,0.421,921.9
חולון,תל גיבורים,התותחנים,27.0,191000,50,3.0,3.0,2019,3,177498.71,660016.07,34.760263,32.032568,0.421,921.9
חולון,תל גיבורים,התותחנים,27.0,890000,46,3.0,3.0,2015,7,177498.71,660016.07,34.760263,32.032568,0.421,921.9
חולון,תל גיבורים,התותחנים,27.0,785000,46,2.5,3.0,2011,8,177498.71,660016.07,34.760263,32.032568,0.421,921.9
חולון,תל גיבורים,התותחנים,27.0,420000,46,3.0,3.0,2008,4,177498.71,660016.07,34.760263,32.032568,0.421,921.9
חולון,תל גיבורים,התותחנים,27.0,346000,46,2.0,3.0,2007,8,177498.71,660016.07,34.760263,32.032568,0.421,921.9
חולון,תל גיבורים,התותחנים,9.0,1500000,42,2.0,3.0,2025,12,177571.97,659753.62,34.76105,32.030204,0.421,921.9
חולון,תל גיבורים,התותחנים,13.0,700000,38,2.0,1.0,2025,8,177570.02,659784.68,34.761028,32.030484,0.421,921.9
חולון,תל גיבורים,התותחנים,21.0,1960000,57,3.0,3.0,2025,6,177515.03,659941.71,34.760439,32.031898,0.421,921.9
חולון,תל גיבורים,התותחנים,19.0,1450000,68,2.0,3.0,2025,5,177525.44,659924.92,34.76055,32.031747,0.421,921.9
חולון,תל גיבורים,התותחנים,11.0,400000,48,3.0,1.0,2024,11,177545.65,659761.05,34.760771,32.03027,0.421,921.9
חולון,תל גיבורים,התותחנים,17.0,1827000,41,3.5,3.0,2024,9,177556.0,659844.73,34.760877,32.031025,0.421,921.9
חולון,תל גיבורים,התותחנים,13.0,1200000,41,2.0,3.0,2024,9,177570.02,659784.68,34.761028,32.030484,0.421,921.9
חולון,תל גיבורים,התותחנים,7.0,575000,48,2.0,1.0,2024,7,177575.74,659704.7,34.761092,32.029763,0.421,921.9
חולון,תל גיבורים,התותחנים,1.0,1565000,47,3.0,3.0,2023,9,177563.4,659645.32,34.760964,32.029227,0.421,921.9
חולון,תל גיבורים,התותחנים,15.0,1675000,49,3.0,3.0,2023,8,177554.1,659817.01,34.760858,32.030775,0.421,921.9
חולון,תל גיבורים,התותחנים,5.0,853000,61,2.0,3.0,2023,8,177551.46,659680.74,34.760836,32.029546,0.421,921.9
חולון,תל גיבורים,התותחנים,5.0,1320000,36,2.0,3.0,2023,3,177551.46,659680.74,34.760836,32.029546,0.421,921.9
חולון,תל גיבורים,התותחנים,11.0,1790000,48,3.0,1.0,2023,3,177545.65,659761.05,34.760771,32.03027,0.421,921.9
חולון,תל גיבורים,התותחנים,1.0,1550000,51,3.0,3.0,2023,3,177563.4,659645.32,34.760964,32.029227,0.421,921.9
חולון,תל גיבורים,התותחנים,25.0,506000,39,3.0,1.0,2023,2,177504.65,659990.65,34.760327,32.032339,0.421,921.9
חולון,תל גיבורים,התותחנים,9.0,1385000,44,2.0,1.0,2022,11,177571.97,659753.62,34.76105,32.030204,0.421,921.9
חולון,תל גיבורים,התותחנים,25.0,370000,55,2.0,3.0,2022,8,177504.65,659990.65,34.760327,32.032339,0.421,921.9
חולון,תל גיבורים,התותחנים,3.0,1410000,41,2.0,3.0,2022,7,177580.52,659671.53,34.761144,32.029464,0.421,921.9
חולון,תל גיבורים,התותחנים,1.0,1396000,53,3.0,3.0,2022,4,177563.4,659645.32,34.760964,32.029227,0.421,921.9
חולון,תל גיבורים,התותחנים,5.0,1250000,36,2.0,3.0,2022,3,177551.46,659680.74,34.760836,32.029546,0.421,921.9
חולון,תל גיבורים,התותחנים,11.0,1410000,53,3.0,3.0,2022,3,177545.65,659761.05,34.760771,32.03027,0.421,921.9
חולון,תל גיבורים,התותחנים,5.0,273000,61,2.0,1.0,2022,1,177551.46,659680.74,34.760836,32.029546,0.421,921.9
חולון,תל גיבורים,התותחנים,19.0,125000,50,2.0,1.0,2021,12,177525.44,659924.92,34.76055,32.031747,0.421,921.9
חולון,תל גיבורים,התותחנים,19.0,125000,50,2.0,1.0,2021,10,177525.44,659924.92,34.76055,32.031747,0.421,921.9
חולון,תל גיבורים,התותחנים,15.0,1030000,51,3.0,1.0,2021,7,177554.1,659817.01,34.760858,32.030775,0.421,921.9
חולון,תל גיבורים,התותחנים,3.0,1090000,41,2.0,1.0,2021,5,177580.52,659671.53,34.761144,32.029464,0.421,921.9
חולון,תל גיבורים,התותחנים,9.0,1160000,41,2.0,1.0,2021,5,177571.97,659753.62,34.76105,32.030204,0.421,921.9
חולון,תל גיבורים,התותחנים,25.0,1290800,46,3.0,3.0,2021,4,177504.65,659990.65,34.760327,32.032339,0.421,921.9
חולון,תל גיבורים,התותחנים,19.0,180000,46,2.0,1.0,2021,2,177525.44,659924.92,34.76055,32.031747,0.421,921.9
חולון,תל גיבורים,התותחנים,7.0,750000,41,2.0,3.0,2020,12,177575.74,659704.7,34.761092,32.029763,0.421,921.9
חולון,תל גיבורים,התותחנים,5.0,980000,36,2.0,3.0,2020,12,177551.46,659680.74,34.760836,32.029546,0.421,921.9
חולון,תל גיבורים,התותחנים,5.0,1040000,53,2.0,1.0,2020,11,177551.46,659680.74,34.760836,32.029546,0.421,921.9
חולון,תל גיבורים,התותחנים,9.0,520000,50,2.0,3.0,2020,9,177571.97,659753.62,34.76105,32.030204,0.421,921.9
חולון,תל גיבורים,התותחנים,19.0,370000,46,2.5,3.0,2020,3,177525.44,659924.92,34.76055,32.031747,0.421,921.9
חולון,תל גיבורים,התותחנים,17.0,600000,42,2.0,3.0,2019,11,177556.0,659844.73,34.760877,32.031025,0.421,921.9
חולון,תל גיבורים,התותחנים,9.0,772000,44,2.0,1.0,2019,10,177571.97,659753.62,34.76105,32.030204,0.421,921.9
חולון,תל גיבורים,התותחנים,1.0,800000,51,3.0,1.0,2019,6,177563.4,659645.32,34.760964,32.029227,0.421,921.9
חולון,תל גיבורים,התותחנים,1.0,320000,27,1.0,0.0,2018,12,177563.4,659645.32,34.760964,32.029227,0.421,921.9
חולון,תל גיבורים,התותחנים,9.0,1010000,44,2.0,3.0,2018,12,177571.97,659753.62,34.76105,32.030204,0.421,921.9
חולון,תל גיבורים,התותחנים,5.0,318000,51,2.0,3.0,2018,11,177551.46,659680.74,34.760836,32.029546,0.421,921.9
חולון,תל גיבורים,התותחנים,11.0,1050000,55,3.0,3.0,2018,11,177545.65,659761.05,34.760771,32.03027,0.421,921.9
חולון,תל גיבורים,התותחנים,11.0,1102000,60,3.0,1.0,2018,10,177545.65,659761.05,34.760771,32.03027,0.421,921.9
חולון,תל גיבורים,התותחנים,3.0,1069000,36,2.0,3.0,2018,8,177580.52,659671.53,34.761144,32.029464,0.421,921.9
חולון,תל גיבורים,התותחנים,19.0,1170000,39,3.0,3.0,2018,8,177525.44,659924.92,34.76055,32.031747,0.421,921.9
חולון,תל גיבורים,התותחנים,17.0,1400000,67,4.0,1.0,2018,7,177556.0,659844.73,34.760877,32.031025,0.421,921.9
חולון,תל גיבורים,התותחנים,1.0,950000,51,3.0,1.0,2018,3,177563.4,659645.32,34.760964,32.029227,0.421,921.9
חולון,תל גיבורים,התותחנים,11.0,1075000,53,3.0,3.0,2018,3,177545.65,659761.05,34.760771,32.03027,0.421,921.9
חולון,תל גיבורים,התותחנים,11.0,800000,53,3.0,3.0,2018,1,177545.65,659761.05,34.760771,32.03027,0.421,921.9
חולון,תל גיבורים,התותחנים,15.0,950000,51,3.0,3.0,2018,1,177554.1,659817.01,34.760858,32.030775,0.421,921.9
חולון,תל גיבורים,התותחנים,9.0,1000000,41,2.0,1.0,2017,11,177571.97,659753.62,34.76105,32.030204,0.421,921.9
חולון,תל גיבורים,התותחנים,21.0,1247600,57,3.0,3.0,2017,8,177515.03,659941.71,34.760439,32.031898,0.421,921.9
חולון,תל גיבורים,התותחנים,19.0,128000,46,3.0,1.0,2017,5,177525.44,659924.92,34.76055,32.031747,0.421,921.9
חולון,תל גיבורים,התותחנים,9.0,1064000,60,2.0,3.0,2017,4,177571.97,659753.62,34.76105,32.030204,0.421,921.9
חולון,תל גיבורים,התותחנים,21.0,900000,46,3.0,3.0,2017,4,177515.03,659941.71,34.760439,32.031898,0.421,921.9
חולון,תל גיבורים,התותחנים,11.0,910000,65,3.0,3.0,2017,2,177545.65,659761.05,34.760771,32.03027,0.421,921.9
חולון,תל גיבורים,התותחנים,17.0,1230000,41,3.0,1.0,2016,12,177556.0,659844.73,34.760877,32.031025,0.421,921.9
חולון,תל גיבורים,התותחנים,15.0,1124000,64,3.0,3.0,2016,9,177554.1,659817.01,34.760858,32.030775,0.421,921.9
חולון,תל גיבורים,התותחנים,23.0,1365000,77,4.0,1.0,2015,12,177512.31,659970.77,34.760409,32.03216,0.421,921.9
חולון,תל גיבורים,התותחנים,5.0,620000,53,2.0,3.0,2015,8,177551.46,659680.74,34.760836,32.029546,0.421,921.9
חולון,תל גיבורים,התותחנים,3.0,750000,40,2.0,3.0,2015,8,177580.52,659671.53,34.761144,32.029464,0.421,921.9
חולון,תל גיבורים,התותחנים,11.0,700000,53,3.0,3.0,2015,6,177545.65,659761.05,34.760771,32.03027,0.421,921.9
חולון,תל גיבורים,התותחנים,19.0,366000,53,2.0,1.0,2015,6,177525.44,659924.92,34.76055,32.031747,0.421,921.9
חולון,תל גיבורים,התותחנים,17.0,1230000,41,3.0,3.0,2015,6,177556.0,659844.73,34.760877,32.031025,0.421,921.9
חולון,תל גיבורים,התותחנים,21.0,999000,46,3.0,1.0,2015,3,177515.03,659941.71,34.760439,32.031898,0.421,921.9
חולון,תל גיבורים,התותחנים,25.0,415000,55,2.0,3.0,2015,3,177504.65,659990.65,34.760327,32.032339,0.421,921.9
חולון,תל גיבורים,התותחנים,25.0,885000,46,2.0,3.0,2015,3,177504.65,659990.65,34.760327,32.032339,0.421,921.9
חולון,תל גיבורים,התותחנים,21.0,1240000,100,4.0,1.0,2015,2,177515.03,659941.71,34.760439,32.031898,0.421,921.9
חולון,תל גיבורים,התותחנים,1.0,800000,51,3.0,3.0,2015,2,177563.4,659645.32,34.760964,32.029227,0.421,921.9
חולון,תל גיבורים,התותחנים,25.0,750000,46,3.0,3.0,2014,11,177504.65,659990.65,34.760327,32.032339,0.421,921.9
חולון,תל גיבורים,התותחנים,5.0,630000,55,2.0,1.0,2014,11,177551.46,659680.74,34.760836,32.029546,0.421,921.9
חולון,תל גיבורים,התותחנים,25.0,790000,46,2.5,3.0,2014,10,177504.65,659990.65,34.760327,32.032339,0.421,921.9
חולון,תל גיבורים,התותחנים,23.0,800000,46,2.5,3.0,2014,10,177512.31,659970.77,34.760409,32.03216,0.421,921.9
חולון,תל גיבורים,התותחנים,11.0,780000,75,3.0,3.0,2014,7,177545.65,659761.05,34.760771,32.03027,0.421,921.9
חולון,תל גיבורים,התותחנים,9.0,760000,41,2.0,3.0,2014,7,177571.97,659753.62,34.76105,32.030204,0.421,921.9
חולון,תל גיבורים,התותחנים,23.0,420000,46,3.0,3.0,2014,4,177512.31,659970.77,34.760409,32.03216,0.421,921.9
חולון,תל גיבורים,התותחנים,19.0,162000,46,2.0,1.0,2014,3,177525.44,659924.92,34.76055,32.031747,0.421,921.9
חולון,תל גיבורים,התותחנים,1.0,770000,51,3.0,3.0,2014,2,177563.4,659645.32,34.760964,32.029227,0.421,921.9
חולון,תל גיבורים,התותחנים,25.0,850000,46,3.0,3.0,2014,1,177504.65,659990.65,34.760327,32.032339,0.421,921.9
חולון,תל גיבורים,התותחנים,11.0,800000,54,3.0,1.0,2014,1,177545.65,659761.05,34.760771,32.03027,0.421,921.9
חולון,תל גיבורים,התותחנים,9.0,665000,42,2.0,3.0,2013,11,177571.97,659753.62,34.76105,32.030204,0.421,921.9
חולון,תל גיבורים,התותחנים,9.0,700000,41,2.0,3.0,2013,11,177571.97,659753.62,34.76105,32.030204,0.421,921.9
חולון,תל גיבורים,התותחנים,13.0,685000,42,2.0,3.0,2013,10,177570.02,659784.68,34.761028,32.030484,0.421,921.9
חולון,תל גיבורים,התותחנים,21.0,780000,46,3.0,3.0,2013,2,177515.03,659941.71,34.760439,32.031898,0.421,921.9
חולון,תל גיבורים,התותחנים,19.0,600000,47,3.0,1.0,2013,2,177525.44,659924.92,34.76055,32.031747,0.421,921.9
חולון,תל גיבורים,התותחנים,3.0,660000,45,2.0,3.0,2012,11,177580.52,659671.53,34.761144,32.029464,0.421,921.9
חולון,תל גיבורים,התותחנים,15.0,820000,64,3.0,3.0,2012,11,177554.1,659817.01,34.760858,32.030775,0.421,921.9
חולון,תל גיבורים,התותחנים,11.0,745000,53,3.0,1.0,2012,9,177545.65,659761.05,34.760771,32.03027,0.421,921.9
חולון,תל גיבורים,התותחנים,21.0,600000,46,3.0,1.0,2012,5,177515.03,659941.71,34.760439,32.031898,0.421,921.9
חולון,תל גיבורים,התותחנים,19.0,766000,46,2.0,3.0,2012,5,177525.44,659924.92,34.76055,32.031747,0.421,921.9
חולון,תל גיבורים,התותחנים,15.0,740000,51,3.0,1.0,2012,4,177554.1,659817.01,34.760858,32.030775,0.421,921.9
חולון,תל גיבורים,התותחנים,9.0,590000,42,2.0,3.0,2011,9,177571.97,659753.62,34.76105,32.030204,0.421,921.9
חולון,תל גיבורים,התותחנים,5.0,575000,53,2.0,1.0,2011,8,177551.46,659680.74,34.760836,32.029546,0.421,921.9
חולון,תל גיבורים,התותחנים,7.0,440000,42,2.0,3.0,2011,6,177575.74,659704.7,34.761092,32.029763,0.421,921.9
חולון,תל גיבורים,התותחנים,11.0,720000,75,3.0,1.0,2011,6,177545.65,659761.05,34.760771,32.03027,0.421,921.9
חולון,תל גיבורים,התותחנים,17.0,900000,42,2.0,3.0,2011,3,177556.0,659844.73,34.760877,32.031025,0.421,921.9
חולון,תל גיבורים,התותחנים,21.0,780000,46,3.0,3.0,2011,2,177515.03,659941.71,34.760439,32.031898,0.421,921.9
חולון,תל גיבורים,התותחנים,13.0,720000,41,3.0,1.0,2010,8,177570.02,659784.68,34.761028,32.030484,0.421,921.9
חולון,תל גיבורים,התותחנים,19.0,695000,46,2.5,3.0,2010,5,177525.44,659924.92,34.76055,32.031747,0.421,921.9
חולון,תל גיבורים,התותחנים,23.0,600000,46,2.0,1.0,2010,4,177512.31,659970.77,34.760409,32.03216,0.421,921.9
חולון,תל גיבורים,התותחנים,23.0,500000,46,3.0,3.0,2010,3,177512.31,659970.77,34.760409,32.03216,0.421,921.9
חולון,תל גיבורים,התותחנים,23.0,900000,46,3.0,1.0,2010,2,177512.31,659970.77,34.760409,32.03216,0.421,921.9
חולון,תל גיבורים,התותחנים,15.0,580000,51,3.0,3.0,2009,12,177554.1,659817.01,34.760858,32.030775,0.421,921.9
חולון,תל גיבורים,התותחנים,11.0,450000,53,3.0,1.0,2009,10,177545.65,659761.05,34.760771,32.03027,0.421,921.9
חולון,תל גיבורים,התותחנים,1.0,545000,63,3.0,3.0,2009,9,177563.4,659645.32,34.760964,32.029227,0.421,921.9
חולון,תל גיבורים,התותחנים,7.0,343000,41,2.0,3.0,2009,8,177575.74,659704.7,34.761092,32.029763,0.421,921.9
חולון,תל גיבורים,התותחנים,3.0,308000,42,2.0,1.0,2009,5,177580.52,659671.53,34.761144,32.029464,0.421,921.9
חולון,תל גיבורים,התותחנים,7.0,140000,42,2.0,1.0,2009,5,177575.74,659704.7,34.761092,32.029763,0.421,921.9
חולון,תל גיבורים,התותחנים,5.0,390000,53,2.5,1.0,2008,12,177551.46,659680.74,34.760836,32.029546,0.421,921.9
חולון,תל גיבורים,התותחנים,9.0,490000,50,2.0,1.0,2008,12,177571.97,659753.62,34.76105,32.030204,0.421,921.9
חולון,תל גיבורים,התותחנים,11.0,520000,53,3.0,3.0,2008,10,177545.65,659761.05,34.760771,32.03027,0.421,921.9
חולון,תל גיבורים,התותחנים,21.0,438000,46,3.0,3.0,2008,9,177515.03,659941.71,34.760439,32.031898,0.421,921.9
חולון,תל גיבורים,התותחנים,11.0,540000,53,3.0,3.0,2008,9,177545.65,659761.05,34.760771,32.03027,0.421,921.9
חולון,תל גיבורים,התותחנים,23.0,905000,75,3.0,1.0,2008,8,177512.31,659970.77,34.760409,32.03216,0.421,921.9
חולון,תל גיבורים,התותחנים,21.0,620000,46,3.0,1.0,2008,8,177515.03,659941.71,34.760439,32.031898,0.421,921.9
חולון,תל גיבורים,התותחנים,23.0,400000,46,2.0,3.0,2008,5,177512.31,659970.77,34.760409,32.03216,0.421,921.9
חולון,תל גיבורים,התותחנים,25.0,396000,46,3.0,3.0,2008,4,177504.65,659990.65,34.760327,32.032339,0.421,921.9
חולון,תל גיבורים,התותחנים,25.0,355000,46,3.0,3.0,2008,3,177504.65,659990.65,34.760327,32.032339,0.421,921.9
חולון,תל גיבורים,התותחנים,5.0,359000,53,2.0,1.0,2008,1,177551.46,659680.74,34.760836,32.029546,0.421,921.9
חולון,תל גיבורים,התותחנים,11.0,388000,54,3.0,3.0,2007,12,177545.65,659761.05,34.760771,32.03027,0.421,921.9
חולון,תל גיבורים,התותחנים,9.0,292000,41,2.0,3.0,2007,6,177571.97,659753.62,34.76105,32.030204,0.421,921.9
חולון,תל גיבורים,התותחנים,11.0,360000,53,3.0,3.0,2007,4,177545.65,659761.05,34.760771,32.03027,0.421,921.9
חולון,תל גיבורים,התותחנים,19.0,100000,45,2.5,1.0,2007,1,177525.44,659924.92,34.76055,32.031747,0.421,921.9
חולון,תל גיבורים,התותחנים,25.0,350000,46,3.0,3.0,2007,1,177504.65,659990.65,34.760327,32.032339,0.421,921.9
חולון,תל גיבורים,התותחנים,13.0,350000,59,3.0,1.0,2006,12,177570.02,659784.68,34.761028,32.030484,0.421,921.9
חולון,תל גיבורים,התותחנים,23.0,375700,46,3.0,1.0,2006,12,177512.31,659970.77,34.760409,32.03216,0.421,921.9
חולון,תל גיבורים,התותחנים,1.0,340000,75,3.0,1.0,2006,9,177563.4,659645.32,34.760964,32.029227,0.421,921.9
חולון,תל גיבורים,התותחנים,1.0,170000,27,3.0,3.0,2006,6,177563.4,659645.32,34.760964,32.029227,0.421,921.9
חולון,תל גיבורים,התותחנים,15.0,269000,51,3.0,3.0,2006,6,177554.1,659817.01,34.760858,32.030775,0.421,921.9
חולון,תל גיבורים,התותחנים,11.0,358000,53,3.0,3.0,2006,5,177545.65,659761.05,34.760771,32.03027,0.421,921.9
חולון,תל גיבורים,התותחנים,5.0,266000,53,2.0,3.0,2006,4,177551.46,659680.74,34.760836,32.029546,0.421,921.9
חולון,תל גיבורים,התותחנים,1.0,342000,60,3.0,3.0,2006,4,177563.4,659645.32,34.760964,32.029227,0.421,921.9
חולון,תל גיבורים,התותחנים,11.0,298000,53,3.0,3.0,2006,2,177545.65,659761.05,34.760771,32.03027,0.421,921.9
חולון,תל גיבורים,התותחנים,7.0,404000,60,2.0,1.0,2005,12,177575.74,659704.7,34.761092,32.029763,0.421,921.9
חולון,תל גיבורים,התותחנים,11.0,388000,53,3.0,3.0,2005,12,177545.65,659761.05,34.760771,32.03027,0.421,921.9
חולון,תל גיבורים,התותחנים,11.0,355000,54,3.0,1.0,2005,12,177545.65,659761.05,34.760771,32.03027,0.421,921.9
חולון,תל גיבורים,התותחנים,21.0,572000,70,4.0,1.0,2005,6,177515.03,659941.71,34.760439,32.031898,0.421,921.9
חולון,תל גיבורים,התותחנים,7.0,263000,42,2.0,3.0,2005,5,177575.74,659704.7,34.761092,32.029763,0.421,921.9
חולון,תל גיבורים,התותחנים,25.0,380000,46,3.0,3.0,2005,5,177504.65,659990.65,34.760327,32.032339,0.421,921.9
חולון,תל גיבורים,התותחנים,13.0,157000,42,3.0,3.0,2005,2,177570.02,659784.68,34.761028,32.030484,0.421,921.9
חולון,תל גיבורים,התותחנים,25.0,344000,75,3.0,3.0,2004,9,177504.65,659990.65,34.760327,32.032339,0.421,921.9
חולון,תל גיבורים,התותחנים,25.0,392000,46,3.0,1.0,2004,5,177504.65,659990.65,34.760327,32.032339,0.421,921.9
חולון,תל גיבורים,התותחנים,3.0,304000,42,2.0,3.0,2004,2,177580.52,659671.53,34.761144,32.029464,0.421,921.9
חולון,תל גיבורים,התותחנים,13.0,342000,42,2.0,3.0,2003,10,177570.02,659784.68,34.761028,32.030484,0.421,921.9
תל אביב-יפו,דקר,,,610000,75,3.0,3.0,2008,5,177578.36,661011.56,34.761063,32.041548,1.064,1197.2
תל אביב-יפו,דקר,,,349000,75,3.0,1.0,2006,1,177578.36,661011.56,34.761063,32.041548,1.064,1197.2
תל אביב-יפו,דקר,,,392000,70,3.0,3.0,2004,12,177578.36,661011.56,34.761063,32.041548,1.064,1197.2
חולון,קרית בן גוריון,משה דיין,14.0,1950000,58,3.0,6.0,2025,8,177978.47,656475.44,34.765494,32.000657,0.421,921.9
חולון,קרית בן גוריון,משה דיין,14.0,2215000,80,4.0,6.0,2025,5,177978.47,656475.44,34.765494,32.000657,0.421,921.9
חולון,קרית בן גוריון,משה דיין,14.0,2175000,80,3.5,8.0,2025,2,177978.47,656475.44,34.765494,32.000657,0.421,921.9
חולון,קרית בן גוריון,משה דיין,14.0,1203700,68,3.0,3.0,2023,5,177978.47,656475.44,34.765494,32.000657,0.421,921.9
חולון,קרית בן גוריון,משה דיין,14.0,1880000,58,3.0,3.0,2023,4,177978.47,656475.44,34.765494,32.000657,0.421,921.9
חולון,קרית בן גוריון,משה דיין,14.0,1850000,74,3.5,1.0,2023,2,177978.47,656475.44,34.765494,32.000657,0.421,921.9
חולון,קרית בן גוריון,משה דיין,14.0,1870000,52,3.0,5.0,2022,11,177978.47,656475.44,34.765494,32.000657,0.421,921.9
חולון,קרית בן גוריון,משה דיין,14.0,1585000,61,3.0,1.0,2022,3,177978.47,656475.44,34.765494,32.000657,0.421,921.9
חולון,קרית בן גוריון,משה דיין,14.0,1750000,65,3.0,7.0,2022,1,177978.47,656475.44,34.765494,32.000657,0.421,921.9
חולון,קרית בן גוריון,משה דיין,14.0,1490000,59,3.0,3.0,2021,10,177978.47,656475.44,34.765494,32.000657,0.421,921.9
חולון,קרית בן גוריון,משה דיין,14.0,1795000,72,4.0,4.0,2021,8,177978.47,656475.44,34.765494,32.000657,0.421,921.9
חולון,קרית בן גוריון,משה דיין,14.0,1535700,58,3.0,4.0,2021,6,177978.47,656475.44,34.765494,32.000657,0.421,921.9
חולון,קרית בן גוריון,משה דיין,14.0,1430000,58,3.0,3.0,2021,6,177978.47,656475.44,34.765494,32.000657,0.421,921.9
חולון,קרית בן גוריון,משה דיין,14.0,1550000,60,3.0,6.0,2021,2,177978.47,656475.44,34.765494,32.000657,0.421,921.9
חולון,קרית בן גוריון,משה דיין,14.0,1480000,61,3.0,8.0,2021,1,177978.47,656475.44,34.765494,32.000657,0.421,921.9
חולון,קרית בן גוריון,משה דיין,14.0,1650000,82,4.0,4.0,2020,3,177978.47,656475.44,34.765494,32.000657,0.421,921.9
חולון,קרית בן גוריון,משה דיין,14.0,1650000,73,3.0,1.0,2019,12,177978.47,656475.44,34.765494,32.000657,0.421,921.9
חולון,קרית בן גוריון,משה דיין,14.0,1510000,58,3.0,5.0,2019,7,177978.47,656475.44,34.765494,32.000657,0.421,921.9
חולון,קרית בן גוריון,משה דיין,14.0,1470000,58,3.0,3.0,2019,2,177978.47,656475.44,34.765494,32.000657,0.421,921.9
חולון,קרית בן גוריון,משה דיין,14.0,1700000,72,4.0,4.0,2018,9,177978.47,656475.44,34.765494,32.000657,0.421,921.9
חולון,קרית בן גוריון,משה דיין,14.0,1465000,62,3.0,7.0,2018,8,177978.47,656475.44,34.765494,32.000657,0.421,921.9
חולון,קרית בן גוריון,משה דיין,14.0,1595900,72,4.0,4.0,2018,7,177978.47,656475.44,34.765494,32.000657,0.421,921.9
חולון,קרית בן גוריון,משה דיין,14.0,1595000,63,3.0,7.0,2017,12,177978.47,656475.44,34.765494,32.000657,0.421,921.9
חולון,קרית בן גוריון,משה דיין,14.0,1430000,58,3.0,8.0,2017,3,177978.47,656475.44,34.765494,32.000657,0.421,921.9
חולון,קרית בן גוריון,משה דיין,14.0,1393900,58,3.0,1.0,2017,2,177978.47,656475.44,34.765494,32.000657,0.421,921.9
חולון,קרית בן גוריון,משה דיין,14.0,1349000,73,4.0,1.0,2016,5,177978.47,656475.44,34.765494,32.000657,0.421,921.9
חולון,קרית בן גוריון,משה דיין,14.0,1360000,58,3.0,4.0,2016,4,177978.47,656475.44,34.765494,32.000657,0.421,921.9
חולון,קרית בן גוריון,משה דיין,14.0,1455000,59,3.0,7.0,2016,1,177978.47,656475.44,34.765494,32.000657,0.421,921.9
חולון,קרית בן גוריון,משה דיין,14.0,1224000,57,3.0,9.0,2015,3,177978.47,656475.44,34.765494,32.000657,0.421,921.9
חולון,קרית בן גוריון,משה דיין,14.0,1300000,100,4.0,7.0,2015,1,177978.47,656475.44,34.765494,32.000657,0.421,921.9
חולון,קרית בן גוריון,משה דיין,14.0,1320000,72,3.5,8.0,2014,12,177978.47,656475.44,34.765494,32.000657,0.421,921.9
חולון,קרית בן גוריון,משה דיין,14.0,1200000,60,3.0,3.0,2014,11,177978.47,656475.44,34.765494,32.000657,0.421,921.9
חולון,קרית בן גוריון,משה דיין,14.0,1060000,59,3.0,6.0,2014,10,177978.47,656475.44,34.765494,32.000657,0.421,921.9
חולון,קרית בן גוריון,משה דיין,14.0,1260000,72,3.5,1.0,2014,9,177978.47,656475.44,34.765494,32.000657,0.421,921.9
חולון,קרית בן גוריון,משה דיין,14.0,1170000,58,3.0,7.0,2014,3,177978.47,656475.44,34.765494,32.000657,0.421,921.9
חולון,קרית בן גוריון,משה דיין,14.0,1080000,59,3.0,6.0,2013,12,177978.47,656475.44,34.765494,32.000657,0.421,921.9
חולון,קרית בן גוריון,משה דיין,14.0,1075000,58,3.0,7.0,2013,5,177978.47,656475.44,34.765494,32.000657,0.421,921.9
חולון,קרית בן גוריון,משה דיין,14.0,1100000,58,3.0,4.0,2013,4,177978.47,656475.44,34.765494,32.000657,0.421,921.9
חולון,קרית בן גוריון,משה דיין,14.0,980000,58,3.0,7.0,2013,1,177978.47,656475.44,34.765494,32.000657,0.421,921.9
חולון,קרית בן גוריון,משה דיין,14.0,955000,58,3.0,5.0,2012,6,177978.47,656475.44,34.765494,32.000657,0.421,921.9
חולון,קרית בן גוריון,משה דיין,14.0,1060000,58,3.0,5.0,2012,3,177978.47,656475.44,34.765494,32.000657,0.421,921.9
חולון,קרית בן גוריון,משה דיין,14.0,1000000,58,3.0,7.0,2012,2,177978.47,656475.44,34.765494,32.000657,0.421,921.9
חולון,קרית בן גוריון,משה דיין,14.0,1050000,73,3.0,3.0,2011,11,177978.47,656475.44,34.765494,32.000657,0.421,921.9
חולון,קרית בן גוריון,משה דיין,14.0,1200000,58,3.0,1.0,2011,2,177978.47,656475.44,34.765494,32.000657,0.421,921.9
חולון,קרית בן גוריון,משה דיין,14.0,1030000,72,3.5,3.0,2011,1,177978.47,656475.44,34.765494,32.000657,0.421,921.9
חולון,קרית בן גוריון,משה דיין,14.0,860000,58,3.0,8.0,2009,6,177978.47,656475.44,34.765494,32.000657,0.421,921.9
חולון,קרית בן גוריון,משה דיין,14.0,860000,58,3.0,4.0,2009,6,177978.47,656475.44,34.765494,32.000657,0.421,921.9
חולון,קרית בן גוריון,משה דיין,14.0,1050000,72,4.0,4.0,2009,5,177978.47,656475.44,34.765494,32.000657,0.421,921.9
חולון,קרית בן גוריון,משה דיין,14.0,925000,72,4.0,6.0,2009,4,177978.47,656475.44,34.765494,32.000657,0.421,921.9
חולון,קרית בן גוריון,משה דיין,14.0,710000,58,3.0,4.0,2009,4,177978.47,656475.44,34.765494,32.000657,0.421,921.9
חולון,קרית בן גוריון,משה דיין,14.0,600000,58,3.0,7.0,2007,4,177978.47,656475.44,34.765494,32.000657,0.421,921.9
חולון,קרית בן גוריון,משה דיין,14.0,585000,58,3.0,1.0,2007,4,177978.47,656475.44,34.765494,32.000657,0.421,921.9
חולון,קרית בן גוריון,משה דיין,14.0,660000,72,4.0,4.0,2007,2,177978.47,656475.44,34.765494,32.000657,0.421,921.9
חולון,קרית בן גוריון,משה דיין,14.0,591000,58,3.0,7.0,2005,3,177978.47,656475.44,34.765494,32.000657,0.421,921.9
חולון,קרית בן גוריון,משה דיין,14.0,563000,75,3.0,5.0,2004,10,177978.47,656475.44,34.765494,32.000657,0.421,921.9
חולון,קרית בן גוריון,משה דיין,14.0,640000,72,4.0,4.0,2004,4,177978.47,656475.44,34.765494,32.000657,0.421,921.9
חולון,קרית בן גוריון,משה דיין,14.0,550000,58,3.0,5.0,2003,4,177978.47,656475.44,34.765494,32.000657,0.421,921.9
חולון,קרית בן גוריון,דיין משה,34.0,2450000,115,5.0,1.0,2026,2,178279.03,656421.67,34.768677,32.000183,0.421,921.9
חולון,קרית רבין,משה דיין,91.0,2172000,91,4.0,1.0,2026,1,178609.09,656511.16,34.772166,32.001002,0.421,921.9
חולון,ג'סי כהן,משה דיין,39.0,2500000,100,5.0,3.0,2025,12,178062.12,656573.58,34.766375,32.001545,0.421,921.9
חולון,קרית רבין,משה דיין,91.0,2350000,88,4.0,5.0,2025,12,178609.09,656511.16,34.772166,32.001002,0.421,921.9
חולון,קרית בן גוריון,משה דיין,66.0,2630000,90,4.0,1.0,2025,11,178610.91,656445.62,34.772188,32.000411,0.421,921.9
חולון,קרית בן גוריון,משה דיין,64.0,2360000,89,4.0,3.0,2025,11,178584.94,656425.76,34.771914,32.000231,0.421,921.9
חולון,קרית רבין,משה דיין,91.0,2725000,104,5.0,9.0,2025,7,178609.09,656511.16,34.772166,32.001002,0.421,921.9
חולון,קרית בן גוריון,דיין משה,40.0,2950000,113,5.0,4.0,2025,7,178318.83,656449.12,34.769097,32.000432,0.421,921.9
חולון,קרית בן גוריון,דיין משה,46.0,1880000,79,4.0,3.0,2025,6,178370.95,656437.15,34.769649,32.000326,0.421,921.9
חולון,קרית בן גוריון,דיין משה,30.0,1895000,81,4.0,1.0,2025,2,178216.06,656459.29,34.768009,32.00052,0.421,921.9
חולון,קרית בן גוריון,משה דיין,54.0,2520000,90,4.0,5.0,2024,12,178464.05,656419.37,34.770635,32.000169,0.421,921.9
חולון,קרית בן גוריון,משה דיין,60.0,2150000,90,4.0,3.0,2024,11,178558.74,656443.39,34.771636,32.000389,0.421,921.9
חולון,קרית בן גוריון,משה דיין,20.0,2680000,126,5.0,3.0,2024,9,178053.37,656467.82,34.766287,32.000591,0.421,921.9
חולון,קרית בן גוריון,דיין משה,36.0,950000,123,5.0,3.0,2024,8,178279.03,656421.67,34.768677,32.000183,0.421,921.9
חולון,קרית רבין,דיין משה,89.0,2550000,80,4.0,8.0,2024,7,178609.09,656511.16,34.772166,32.001002,0.421,921.9
חולון,קרית בן גוריון,דיין משה,34.0,1225000,97,4.0,4.0,2024,7,178279.03,656421.67,34.768677,32.000183,0.421,921.9
חולון,קרית בן גוריון,דיין משה,50.0,2100000,99,5.0,3.0,2024,6,178370.95,656437.15,34.769649,32.000326,0.421,921.9
חולון,קרית בן גוריון,משה דיין,60.0,2595000,94,5.0,5.0,2024,6,178558.74,656443.39,34.771636,32.000389,0.421,921.9
חולון,קרית בן גוריון,משה דיין,64.0,2800000,112,5.0,3.0,2024,5,178584.94,656425.76,34.771914,32.000231,0.421,921.9
חולון,קרית בן גוריון,משה דיין,60.0,2635000,101,4.5,1.0,2024,4,178558.74,656443.39,34.771636,32.000389,0.421,921.9
חולון,קרית בן גוריון,דיין משה,38.0,1990000,86,4.0,3.0,2024,2,178279.03,656421.67,34.768677,32.000183,0.421,921.9
חולון,קרית בן גוריון,משה דיין,20.0,2445000,93,4.0,4.0,2024,2,178053.37,656467.82,34.766287,32.000591,0.421,921.9
חולון,ג'סי כהן,משה דיין,39.0,2700000,115,5.0,3.0,2023,7,178062.12,656573.58,34.766375,32.001545,0.421,921.9
חולון,קרית בן גוריון,דיין משה,30.0,1307000,105,4.0,3.0,2023,7,178216.06,656459.29,34.768009,32.00052,0.421,921.9
חולון,קרית רבין,משה דיין,91.0,2510000,91,4.5,3.0,2023,6,178609.09,656511.16,34.772166,32.001002,0.421,921.9
חולון,קרית בן גוריון,דיין משה,50.0,2000000,75,4.0,4.0,2023,6,178370.95,656437.15,34.769649,32.000326,0.421,921.9
חולון,קרית בן גוריון,משה דיין,54.0,2310000,95,4.0,3.0,2023,5,178464.05,656419.37,34.770635,32.000169,0.421,921.9
חולון,קרית בן גוריון,משה דיין,54.0,2600000,93,4.5,8.0,2023,5,178464.05,656419.37,34.770635,32.000169,0.421,921.9
חולון,קרית בן גוריון,דיין משה,48.0,2150000,79,4.0,3.0,2023,5,178370.95,656437.15,34.769649,32.000326,0.421,921.9
חולון,קרית בן גוריון,דיין משה,40.0,2650000,95,4.0,8.0,2023,3,178318.83,656449.12,34.769097,32.000432,0.421,921.9
חולון,ג'סי כהן,משה דיין,37.0,2415000,96,5.0,4.0,2023,3,178008.93,656576.45,34.765812,32.001569,0.421,921.9
חולון,קרית בן גוריון,משה דיין,20.0,653000,95,4.0,5.0,2023,2,178053.37,656467.82,34.766287,32.000591,0.421,921.9
חולון,קרית בן גוריון,משה דיין,58.0,2800000,127,5.0,3.0,2022,11,178509.41,656443.47,34.771114,32.000388,0.421,921.9
חולון,קרית בן גוריון,משה דיין,54.0,2200000,85,4.0,7.0,2022,8,178464.05,656419.37,34.770635,32.000169,0.421,921.9
חולון,קרית בן גוריון,משה דיין,20.0,2600000,104,4.0,4.0,2022,6,178053.37,656467.82,34.766287,32.000591,0.421,921.9
חולון,קרית בן גוריון,משה דיין,54.0,2000000,99,5.0,3.0,2022,6,178464.05,656419.37,34.770635,32.000169,0.421,921.9
חולון,קרית בן גוריון,משה דיין,58.0,2470000,92,4.0,3.0,2022,4,178509.41,656443.47,34.771114,32.000388,0.421,921.9
חולון,קרית בן גוריון,דיין משה,30.0,1950000,81,4.0,4.0,2022,3,178216.06,656459.29,34.768009,32.00052,0.421,921.9
חולון,קרית בן גוריון,משה דיין,66.0,2180000,83,3.0,5.0,2022,2,178610.91,656445.62,34.772188,32.000411,0.421,921.9
חולון,קרית בן גוריון,משה דיין,20.0,2250000,89,4.0,5.0,2022,2,178053.37,656467.82,34.766287,32.000591,0.421,921.9
חולון,קרית רבין,משה דיין,91.0,1920000,90,4.0,4.0,2022,2,178609.09,656511.16,34.772166,32.001002,0.421,921.9
חולון,קרית בן גוריון,משה דיין,64.0,2000000,84,4.0,4.0,2022,1,178584.94,656425.76,34.771914,32.000231,0.421,921.9
חולון,קרית בן גוריון,משה דיין,28.0,1920000,89,4.0,5.0,2022,1,178216.06,656459.29,34.768009,32.00052,0.421,921.9
חולון,קרית בן גוריון,משה דיין,58.0,2290000,95,4.0,5.0,2021,12,178509.41,656443.47,34.771114,32.000388,0.421,921.9
חולון,קרית בן גוריון,דיין משה,50.0,1975000,74,4.0,3.0,2021,11,178370.95,656437.15,34.769649,32.000326,0.421,921.9
חולון,קרית בן גוריון,דיין משה,46.0,1900000,92,4.0,1.0,2021,11,178370.95,656437.15,34.769649,32.000326,0.421,921.9
חולון,קרית בן גוריון,משה דיין,54.0,2320000,106,5.0,1.0,2021,10,178464.05,656419.37,34.770635,32.000169,0.421,921.9
חולון,ג'סי כהן,משה דיין,39.0,2000000,100,5.0,1.0,2021,10,178062.12,656573.58,34.766375,32.001545,0.421,921.9
חולון,קרית בן גוריון,משה דיין,66.0,2060000,84,4.0,6.0,2021,10,178610.91,656445.62,34.772188,32.000411,0.421,921.9
חולון,ג'סי כהן,משה דיין,39.0,2135000,93,5.0,5.0,2021,8,178062.12,656573.58,34.766375,32.001545,0.421,921.9
חולון,קרית בן גוריון,משה דיין,60.0,2200000,94,5.0,4.0,2021,7,178558.74,656443.39,34.771636,32.000389,0.421,921.9
חולון,קרית בן גוריון,משה דיין,54.0,1820000,80,4.0,3.0,2021,7,178464.05,656419.37,34.770635,32.000169,0.421,921.9
חולון,קרית בן גוריון,משה דיין,64.0,1900000,89,4.0,3.0,2021,7,178584.94,656425.76,34.771914,32.000231,0.421,921.9
חולון,קרית בן גוריון,דיין משה,40.0,3150000,186,5.0,3.0,2021,7,178318.83,656449.12,34.769097,32.000432,0.421,921.9
חולון,קרית בן גוריון,דיין משה,30.0,1830000,114,5.0,7.0,2021,5,178216.06,656459.29,34.768009,32.00052,0.421,921.9
חולון,קרית בן גוריון,דיין משה,30.0,1540000,85,4.0,3.0,2021,4,178216.06,656459.29,34.768009,32.00052,0.421,921.9
חולון,קרית בן גוריון,דיין משה,30.0,1860000,84,4.0,5.0,2021,4,178216.06,656459.29,34.768009,32.00052,0.421,921.9
חולון,קרית בן גוריון,משה דיין,20.0,620000,90,4.0,4.0,2021,3,178053.37,656467.82,34.766287,32.000591,0.421,921.9
חולון,קרית בן גוריון,משה דיין,54.0,1910000,90,4.0,1.0,2021,3,178464.05,656419.37,34.770635,32.000169,0.421,921.9
חולון,קרית בן גוריון,משה דיין,58.0,2120000,112,4.0,5.0,2021,3,178509.41,656443.47,34.771114,32.000388,0.421,921.9
חולון,קרית בן גוריון,משה דיין,58.0,1950000,99,4.0,3.0,2021,3,178509.41,656443.47,34.771114,32.000388,0.421,921.9
חולון,קרית בן גוריון,משה דיין,28.0,1800000,90,4.0,6.0,2021,1,178216.06,656459.29,34.768009,32.00052,0.421,921.9
חולון,קרית בן גוריון,משה דיין,62.0,1840000,90,4.0,1.0,2021,1,178559.36,656409.9,34.771644,32.000087,0.421,921.9
חולון,קרית רבין,משה דיין,91.0,1780000,90,4.0,5.0,2020,12,178609.09,656511.16,34.772166,32.001002,0.421,921.9
חולון,קרית בן גוריון,דיין משה,30.0,1525000,85,4.0,7.0,2020,11,178216.06,656459.29,34.768009,32.00052,0.421,921.9
חולון,קרית רבין,דיין משה,89.0,1000000,90,4.0,4.0,2020,11,178609.09,656511.16,34.772166,32.001002,0.421,921.9
חולון,קרית בן גוריון,משה דיין,20.0,1910000,102,4.0,3.0,2020,11,178053.37,656467.82,34.766287,32.000591,0.421,921.9
חולון,קרית בן גוריון,משה דיין,54.0,1820000,76,4.0,1.0,2020,9,178464.05,656419.37,34.770635,32.000169,0.421,921.9
חולון,ג'סי כהן,משה דיין,39.0,1840000,86,5.0,3.0,2020,9,178062.12,656573.58,34.766375,32.001545,0.421,921.9
חולון,קרית בן גוריון,משה דיין,20.0,1525000,104,4.0,4.0,2020,9,178053.37,656467.82,34.766287,32.000591,0.421,921.9
חולון,קרית רבין,משה דיין,91.0,2270000,93,4.0,6.0,2020,8,178609.09,656511.16,34.772166,32.001002,0.421,921.9
חולון,ג'סי כהן,משה דיין,39.0,1800000,100,5.0,1.0,2020,6,178062.12,656573.58,34.766375,32.001545,0.421,921.9
חולון,קרית בן גוריון,משה דיין,58.0,1790000,90,4.0,3.0,2020,5,178509.41,656443.47,34.771114,32.000388,0.421,921.9
חולון,קרית רבין,משה דיין,91.0,2170000,108,4.5,8.0,2020,3,178609.09,656511.16,34.772166,32.001002,0.421,921.9
חולון,קרית רבין,משה דיין,91.0,2050000,86,4.0,1.0,2020,3,178609.09,656511.16,34.772166,32.001002,0.421,921.9
חולון,קרית בן גוריון,משה דיין,60.0,2000000,118,5.0,5.0,2020,1,178558.74,656443.39,34.771636,32.000389,0.421,921.9
חולון,קרית בן גוריון,דיין משה,40.0,2185000,95,4.0,13.0,2019,12,178318.83,656449.12,34.769097,32.000432,0.421,921.9
חולון,קרית בן גוריון,דיין משה,40.0,2140000,94,4.0,8.0,2019,10,178318.83,656449.12,34.769097,32.000432,0.421,921.9
חולון,קרית בן גוריון,דיין משה,30.0,1503000,84,4.0,1.0,2019,9,178216.06,656459.29,34.768009,32.00052,0.421,921.9
חולון,קרית בן גוריון,דיין משה,48.0,1920000,108,5.0,4.0,2019,9,178370.95,656437.15,34.769649,32.000326,0.421,921.9
חולון,קרית רבין,משה דיין,91.0,2180000,102,4.0,8.0,2019,9,178609.09,656511.16,34.772166,32.001002,0.421,921.9
חולון,קרית רבין,משה דיין,91.0,1960000,85,4.0,8.0,2019,8,178609.09,656511.16,34.772166,32.001002,0.421,921.9
חולון,קרית בן גוריון,משה דיין,54.0,1910000,107,5.0,1.0,2019,7,178464.05,656419.37,34.770635,32.000169,0.421,921.9
חולון,קרית בן גוריון,משה דיין,66.0,1680000,90,4.0,1.0,2019,3,178610.91,656445.62,34.772188,32.000411,0.421,921.9
חולון,קרית בן גוריון,משה דיין,66.0,1825000,100,5.0,5.0,2019,2,178610.91,656445.62,34.772188,32.000411,0.421,921.9
חולון,קרית בן גוריון,משה דיין,20.0,1575000,93,4.0,8.0,2018,11,178053.37,656467.82,34.766287,32.000591,0.421,921.9
חולון,קרית בן גוריון,משה דיין,58.0,1810000,101,4.0,4.0,2018,10,178509.41,656443.47,34.771114,32.000388,0.421,921.9
חולון,קרית בן גוריון,משה דיין,54.0,1835000,85,4.0,5.0,2018,9,178464.05,656419.37,34.770635,32.000169,0.421,921.9
חולון,קרית רבין,דיין משה,89.0,2070000,90,4.0,8.0,2018,8,178609.09,656511.16,34.772166,32.001002,0.421,921.9
חולון,קרית בן גוריון,משה דיין,58.0,2200000,131,5.0,5.0,2018,7,178509.41,656443.47,34.771114,32.000388,0.421,921.9
חולון,קרית בן גוריון,משה דיין,66.0,1880000,110,5.0,1.0,2018,6,178610.91,656445.62,34.772188,32.000411,0.421,921.9
חולון,קרית רבין,משה דיין,91.0,2045000,100,4.5,3.0,2018,6,178609.09,656511.16,34.772166,32.001002,0.421,921.9
חולון,ג'סי כהן,משה דיין,39.0,1825000,100,5.0,3.0,2018,4,178062.12,656573.58,34.766375,32.001545,0.421,921.9
חולון,קרית בן גוריון,משה דיין,54.0,1875000,80,4.0,4.0,2018,4,178464.05,656419.37,34.770635,32.000169,0.421,921.9
חולון,קרית בן גוריון,משה דיין,54.0,1830000,93,4.0,5.0,2018,4,178464.05,656419.37,34.770635,32.000169,0.421,921.9
חולון,קרית בן גוריון,משה דיין,66.0,1746000,90,4.0,1.0,2018,2,178610.91,656445.62,34.772188,32.000411,0.421,921.9
חולון,קרית בן גוריון,דיין משה,34.0,1650000,125,5.0,3.0,2018,2,178279.03,656421.67,34.768677,32.000183,0.421,921.9
חולון,קרית בן גוריון,משה דיין,54.0,2600000,150,5.0,6.0,2017,12,178464.05,656419.37,34.770635,32.000169,0.421,921.9
חולון,קרית בן גוריון,דיין משה,48.0,1930000,94,5.0,1.0,2017,11,178370.95,656437.15,34.769649,32.000326,0.421,921.9
חולון,קרית בן גוריון,משה דיין,58.0,1570000,85,4.0,3.0,2017,9,178509.41,656443.47,34.771114,32.000388,0.421,921.9
חולון,ג'סי כהן,משה דיין,37.0,1800000,109,5.0,3.0,2017,8,178008.93,656576.45,34.765812,32.001569,0.421,921.9
חולון,קרית רבין,דיין משה,89.0,2035000,90,4.0,6.0,2017,6,178609.09,656511.16,34.772166,32.001002,0.421,921.9
חולון,קרית בן גוריון,דיין משה,40.0,1966000,91,4.0,3.0,2017,3,178318.83,656449.12,34.769097,32.000432,0.421,921.9
חולון,קרית בן גוריון,דיין משה,40.0,1940000,90,4.0,3.0,2017,3,178318.83,656449.12,34.769097,32.000432,0.421,921.9
חולון,ג'סי כהן,משה דיין,39.0,1599000,93,5.0,5.0,2017,2,178062.12,656573.58,34.766375,32.001545,0.421,921.9
חולון,קרית בן גוריון,משה דיין,54.0,1830000,80,3.5,3.0,2017,1,178464.05,656419.37,34.770635,32.000169,0.421,921.9
חולון,קרית בן גוריון,משה דיין,66.0,2505000,139,5.0,3.0,2016,11,178610.91,656445.62,34.772188,32.000411,0.421,921.9
חולון,קרית בן גוריון,משה דיין,58.0,2190000,109,5.5,4.0,2016,9,178509.41,656443.47,34.771114,32.000388,0.421,921.9
חולון,קרית בן גוריון,משה דיין,60.0,1690000,89,4.0,3.0,2016,8,178558.74,656443.39,34.771636,32.000389,0.421,921.9
חולון,קרית בן גוריון,דיין משה,38.0,1770000,137,5.0,3.0,2016,8,178279.03,656421.67,34.768677,32.000183,0.421,921.9
חולון,קרית בן גוריון,משה דיין,20.0,1790000,125,5.0,7.0,2016,7,178053.37,656467.82,34.766287,32.000591,0.421,921.9
חולון,קרית בן גוריון,דיין משה,50.0,1640000,79,4.0,4.0,2016,7,178370.95,656437.15,34.769649,32.000326,0.421,921.9
חולון,קרית בן גוריון,דיין משה,50.0,1775000,111,5.0,3.0,2016,7,178370.95,656437.15,34.769649,32.000326,0.421,921.9
חולון,קרית בן גוריון,דיין משה,30.0,2210000,188,5.0,9.0,2016,5,178216.06,656459.29,34.768009,32.00052,0.421,921.9
חולון,קרית רבין,משה דיין,91.0,1750000,86,4.0,4.0,2016,5,178609.09,656511.16,34.772166,32.001002,0.421,921.9
חולון,קרית בן גוריון,משה דיין,58.0,1730000,100,4.0,1.0,2016,5,178509.41,656443.47,34.771114,32.000388,0.421,921.9
חולון,קרית בן גוריון,דיין משה,40.0,1930000,100,4.0,11.0,2016,4,178318.83,656449.12,34.769097,32.000432,0.421,921.9
חולון,קרית בן גוריון,משה דיין,54.0,1785000,93,4.5,7.0,2016,3,178464.05,656419.37,34.770635,32.000169,0.421,921.9
חולון,קרית בן גוריון,דיין משה,30.0,1600000,114,5.0,3.0,2016,3,178216.06,656459.29,34.768009,32.00052,0.421,921.9
חולון,קרית רבין,משה דיין,91.0,2000000,105,4.5,7.0,2016,3,178609.09,656511.16,34.772166,32.001002,0.421,921.9
חולון,קרית בן גוריון,משה דיין,54.0,1750000,108,5.0,7.0,2016,2,178464.05,656419.37,34.770635,32.000169,0.421,921.9
חולון,קרית בן גוריון,משה דיין,58.0,1600000,86,4.0,4.0,2016,2,178509.41,656443.47,34.771114,32.000388,0.421,921.9
חולון,קרית בן גוריון,משה דיין,54.0,600000,75,4.0,5.0,2016,2,178464.05,656419.37,34.770635,32.000169,0.421,921.9
חולון,קרית בן גוריון,משה דיין,58.0,1530000,93,4.5,8.0,2016,1,178509.41,656443.47,34.771114,32.000388,0.421,921.9
חולון,קרית בן גוריון,דיין משה,50.0,1608000,108,5.0,3.0,2016,1,178370.95,656437.15,34.769649,32.000326,0.421,921.9
חולון,קרית רבין,משה דיין,91.0,1780000,97,3.0,4.0,2015,12,178609.09,656511.16,34.772166,32.001002,0.421,921.9
חולון,קרית בן גוריון,דיין משה,50.0,1750000,111,5.0,3.0,2015,12,178370.95,656437.15,34.769649,32.000326,0.421,921.9
חולון,קרית רבין,משה דיין,91.0,1840000,100,4.5,3.0,2015,10,178609.09,656511.16,34.772166,32.001002,0.421,921.9
חולון,קרית בן גוריון,דיין משה,30.0,489000,95,4.0,8.0,2015,9,178216.06,656459.29,34.768009,32.00052,0.421,921.9
חולון,קרית בן גוריון,דיין משה,30.0,145000,81,4.0,8.0,2015,8,178216.06,656459.29,34.768009,32.00052,0.421,921.9
חולון,קרית בן גוריון,דיין משה,30.0,137000,84,4.0,8.0,2015,8,178216.06,656459.29,34.768009,32.00052,0.421,921.9
חולון,קרית בן גוריון,דיין משה,30.0,1559000,115,5.0,8.0,2015,7,178216.06,656459.29,34.768009,32.00052,0.421,921.9
חולון,קרית רבין,משה דיין,91.0,1735000,105,5.0,6.0,2015,5,178609.09,656511.16,34.772166,32.001002,0.421,921.9
חולון,קרית רבין,משה דיין,91.0,1769000,85,4.0,7.0,2015,5,178609.09,656511.16,34.772166,32.001002,0.421,921.9
חולון,קרית בן גוריון,משה דיין,54.0,1575000,93,4.5,8.0,2015,5,178464.05,656419.37,34.770635,32.000169,0.421,921.9
חולון,קרית בן גוריון,משה דיין,20.0,1300000,95,4.0,3.0,2015,5,178053.37,656467.82,34.766287,32.000591,0.421,921.9
חולון,קרית בן גוריון,דיין משה,40.0,1740000,113,5.0,7.0,2015,5,178318.83,656449.12,34.769097,32.000432,0.421,921.9
חולון,קרית בן גוריון,משה דיין,58.0,1430000,84,4.0,5.0,2015,4,178509.41,656443.47,34.771114,32.000388,0.421,921.9
חולון,קרית בן גוריון,משה דיין,66.0,1535000,100,4.0,1.0,2015,2,178610.91,656445.62,34.772188,32.000411,0.421,921.9
חולון,קרית רבין,משה דיין,91.0,1695000,91,4.0,3.0,2015,1,178609.09,656511.16,34.772166,32.001002,0.421,921.9
חולון,קרית בן גוריון,משה דיין,66.0,1600000,100,4.0,6.0,2015,1,178610.91,656445.62,34.772188,32.000411,0.421,921.9
חולון,קרית בן גוריון,משה דיין,58.0,1500000,85,3.5,6.0,2014,12,178509.41,656443.47,34.771114,32.000388,0.421,921.9
חולון,קרית בן גוריון,דיין משה,40.0,2250000,184,5.0,3.0,2014,12,178318.83,656449.12,34.769097,32.000432,0.421,921.9
חולון,קרית בן גוריון,משה דיין,20.0,1560000,123,5.0,4.0,2014,11,178053.37,656467.82,34.766287,32.000591,0.421,921.9
חולון,ג'סי כהן,משה דיין,39.0,1474700,104,5.0,5.0,2014,11,178062.12,656573.58,34.766375,32.001545,0.421,921.9
חולון,קרית בן גוריון,משה דיין,60.0,1730000,118,5.0,4.0,2014,10,178558.74,656443.39,34.771636,32.000389,0.421,921.9
חולון,קרית בן גוריון,דיין משה,40.0,1925000,125,5.0,12.0,2014,10,178318.83,656449.12,34.769097,32.000432,0.421,921.9
חולון,קרית רבין,דיין משה,89.0,1660000,93,4.0,5.0,2014,10,178609.09,656511.16,34.772166,32.001002,0.421,921.9
חולון,קרית בן גוריון,משה דיין,62.0,1480000,89,4.0,4.0,2014,9,178559.36,656409.9,34.771644,32.000087,0.421,921.9
חולון,קרית בן גוריון,משה דיין,64.0,1675000,125,5.0,3.0,2014,9,178584.94,656425.76,34.771914,32.000231,0.421,921.9
חולון,קרית רבין,משה דיין,91.0,1717000,93,4.0,7.0,2014,8,178609.09,656511.16,34.772166,32.001002,0.421,921.9
חולון,קרית בן גוריון,משה דיין,28.0,1300000,84,4.0,4.0,2014,6,178216.06,656459.29,34.768009,32.00052,0.421,921.9
חולון,קרית בן גוריון,דיין משה,48.0,1480000,108,5.0,3.0,2014,6,178370.95,656437.15,34.769649,32.000326,0.421,921.9
חולון,קרית בן גוריון,דיין משה,40.0,1570000,94,4.0,6.0,2014,5,178318.83,656449.12,34.769097,32.000432,0.421,921.9
חולון,קרית רבין,דיין משה,89.0,1650000,92,4.0,3.0,2014,5,178609.09,656511.16,34.772166,32.001002,0.421,921.9
חולון,קרית בן גוריון,משה דיין,58.0,1270000,86,4.0,3.0,2014,3,178509.41,656443.47,34.771114,32.000388,0.421,921.9
חולון,קרית בן גוריון,משה דיין,58.0,1450000,120,4.0,8.0,2014,3,178509.41,656443.47,34.771114,32.000388,0.421,921.9
חולון,קרית בן גוריון,דיין משה,48.0,1600000,101,5.0,3.0,2014,3,178370.95,656437.15,34.769649,32.000326,0.421,921.9
חולון,ג'סי כהן,משה דיין,39.0,1470000,93,5.0,5.0,2014,1,178062.12,656573.58,34.766375,32.001545,0.421,921.9
חולון,קרית רבין,דיין משה,89.0,1550000,85,4.0,5.0,2013,12,178609.09,656511.16,34.772166,32.001002,0.421,921.9
חולון,קרית בן גוריון,משה דיין,66.0,1635000,101,5.0,3.0,2013,12,178610.91,656445.62,34.772188,32.000411,0.421,921.9
חולון,קרית בן גוריון,משה דיין,20.0,1550000,126,5.0,1.0,2013,12,178053.37,656467.82,34.766287,32.000591,0.421,921.9
חולון,קרית בן גוריון,דיין משה,40.0,1750000,96,4.0,11.0,2013,12,178318.83,656449.12,34.769097,32.000432,0.421,921.9
חולון,קרית בן גוריון,דיין משה,46.0,1410000,94,5.0,1.0,2013,11,178370.95,656437.15,34.769649,32.000326,0.421,921.9
חולון,קרית בן גוריון,דיין משה,40.0,2470000,127,6.0,15.0,2013,11,178318.83,656449.12,34.769097,32.000432,0.421,921.9
חולון,קרית בן גוריון,דיין משה,40.0,1930000,113,5.0,5.0,2013,10,178318.83,656449.12,34.769097,32.000432,0.421,921.9
חולון,קרית בן גוריון,משה דיין,54.0,1250000,80,4.0,5.0,2013,9,178464.05,656419.37,34.770635,32.000169,0.421,921.9
חולון,קרית בן גוריון,משה דיין,58.0,1330000,120,4.0,5.0,2013,8,178509.41,656443.47,34.771114,32.000388,0.421,921.9
חולון,קרית בן גוריון,משה דיין,66.0,1555000,88,4.0,3.0,2013,8,178610.91,656445.62,34.772188,32.000411,0.421,921.9
חולון,קרית בן גוריון,דיין משה,46.0,1270000,79,4.0,3.0,2013,7,178370.95,656437.15,34.769649,32.000326,0.421,921.9
חולון,קרית בן גוריון,משה דיין,20.0,1400000,123,5.0,8.0,2013,7,178053.37,656467.82,34.766287,32.000591,0.421,921.9
חולון,קרית בן גוריון,דיין משה,40.0,1300000,100,4.0,6.0,2013,6,178318.83,656449.12,34.769097,32.000432,0.421,921.9
חולון,קרית בן גוריון,משה דיין,54.0,1950000,139,5.0,9.0,2013,6,178464.05,656419.37,34.770635,32.000169,0.421,921.9
חולון,קרית בן גוריון,דיין משה,40.0,1585000,95,4.0,4.0,2013,6,178318.83,656449.12,34.769097,32.000432,0.421,921.9
חולון,קרית בן גוריון,משה דיין,60.0,1580000,118,5.0,4.0,2013,5,178558.74,656443.39,34.771636,32.000389,0.421,921.9
חולון,קרית בן גוריון,משה דיין,20.0,1250000,95,4.0,5.0,2013,5,178053.37,656467.82,34.766287,32.000591,0.421,921.9
חולון,קרית בן גוריון,משה דיין,54.0,1345000,94,5.0,1.0,2013,5,178464.05,656419.37,34.770635,32.000169,0.421,921.9
חולון,קרית בן גוריון,דיין משה,50.0,1325000,79,4.0,3.0,2013,5,178370.95,656437.15,34.769649,32.000326,0.421,921.9
חולון,קרית בן גוריון,משה דיין,54.0,1293000,84,4.0,4.0,2013,4,178464.05,656419.37,34.770635,32.000169,0.421,921.9
חולון,קרית בן גוריון,דיין משה,38.0,1265000,85,4.0,3.0,2013,4,178279.03,656421.67,34.768677,32.000183,0.421,921.9
חולון,קרית בן גוריון,דיין משה,40.0,1620000,95,4.0,7.0,2013,3,178318.83,656449.12,34.769097,32.000432,0.421,921.9
חולון,קרית בן גוריון,משה דיין,58.0,1325000,86,4.0,4.0,2013,2,178509.41,656443.47,34.771114,32.000388,0.421,921.9
חולון,קרית בן גוריון,משה דיין,54.0,1325000,100,4.0,6.0,2013,2,178464.05,656419.37,34.770635,32.000169,0.421,921.9
חולון,קרית בן גוריון,משה דיין,54.0,1329000,84,4.0,3.0,2013,2,178464.05,656419.37,34.770635,32.000169,0.421,921.9
חולון,קרית בן גוריון,משה דיין,58.0,1480000,114,5.0,4.0,2013,1,178509.41,656443.47,34.771114,32.000388,0.421,921.9
חולון,קרית רבין,משה דיין,91.0,1530000,92,4.0,1.0,2013,1,178609.09,656511.16,34.772166,32.001002,0.421,921.9
חולון,קרית בן גוריון,משה דיין,60.0,1570000,89,4.0,3.0,2013,1,178558.74,656443.39,34.771636,32.000389,0.421,921.9
חולון,קרית בן גוריון,משה דיין,54.0,599000,93,4.0,7.0,2012,12,178464.05,656419.37,34.770635,32.000169,0.421,921.9
חולון,קרית בן גוריון,דיין משה,30.0,1385000,84,4.0,4.0,2012,11,178216.06,656459.29,34.768009,32.00052,0.421,921.9
חולון,קרית בן גוריון,משה דיין,20.0,1300000,95,4.0,4.0,2012,10,178053.37,656467.82,34.766287,32.000591,0.421,921.9
חולון,קרית בן גוריון,דיין משה,30.0,1220000,84,4.0,5.0,2012,9,178216.06,656459.29,34.768009,32.00052,0.421,921.9
חולון,ג'סי כהן,משה דיין,39.0,1650000,126,5.0,3.0,2012,9,178062.12,656573.58,34.766375,32.001545,0.421,921.9
חולון,קרית בן גוריון,דיין משה,40.0,1715000,123,5.0,12.0,2012,9,178318.83,656449.12,34.769097,32.000432,0.421,921.9
חולון,קרית בן גוריון,משה דיין,58.0,1360000,114,4.0,7.0,2012,8,178509.41,656443.47,34.771114,32.000388,0.421,921.9
חולון,קרית בן גוריון,דיין משה,38.0,1260000,98,5.0,3.0,2012,7,178279.03,656421.67,34.768677,32.000183,0.421,921.9
חולון,קרית בן גוריון,משה דיין,28.0,1375000,114,5.0,6.0,2012,6,178216.06,656459.29,34.768009,32.00052,0.421,921.9
חולון,קרית בן גוריון,דיין משה,34.0,1215000,121,5.0,1.0,2012,5,178279.03,656421.67,34.768677,32.000183,0.421,921.9
חולון,קרית בן גוריון,משה דיין,54.0,1025000,80,4.0,3.0,2012,5,178464.05,656419.37,34.770635,32.000169,0.421,921.9
חולון,קרית רבין,דיין משה,89.0,1530000,100,4.0,3.0,2012,4,178609.09,656511.16,34.772166,32.001002,0.421,921.9
חולון,קרית בן גוריון,משה דיין,60.0,1370000,101,4.5,3.0,2012,4,178558.74,656443.39,34.771636,32.000389,0.421,921.9
חולון,קרית בן גוריון,דיין משה,50.0,1350000,108,5.0,5.0,2012,4,178370.95,656437.15,34.769649,32.000326,0.421,921.9
חולון,ג'סי כהן,משה דיין,37.0,1430000,100,5.0,5.0,2012,3,178008.93,656576.45,34.765812,32.001569,0.421,921.9
חולון,קרית רבין,דיין משה,89.0,1475000,90,4.0,1.0,2012,1,178609.09,656511.16,34.772166,32.001002,0.421,921.9
חולון,קרית בן גוריון,משה דיין,54.0,1260000,105,5.0,3.0,2011,11,178464.05,656419.37,34.770635,32.000169,0.421,921.9
חולון,קרית בן גוריון,משה דיין,64.0,1300000,88,4.0,3.0,2011,10,178584.94,656425.76,34.771914,32.000231,0.421,921.9
חולון,קרית בן גוריון,משה דיין,54.0,1100000,84,4.0,1.0,2011,7,178464.05,656419.37,34.770635,32.000169,0.421,921.9
חולון,קרית רבין,משה דיין,91.0,1700000,86,4.0,3.0,2011,5,178609.09,656511.16,34.772166,32.001002,0.421,921.9
חולון,קרית בן גוריון,משה דיין,54.0,1550000,120,5.0,3.0,2011,5,178464.05,656419.37,34.770635,32.000169,0.421,921.9
חולון,קרית בן גוריון,משה דיין,64.0,1300000,101,4.0,1.0,2011,5,178584.94,656425.76,34.771914,32.000231,0.421,921.9
חולון,קרית בן גוריון,משה דיין,66.0,1395000,90,4.0,1.0,2011,4,178610.91,656445.62,34.772188,32.000411,0.421,921.9
חולון,קרית בן גוריון,משה דיין,60.0,1370000,90,4.0,1.0,2011,3,178558.74,656443.39,34.771636,32.000389,0.421,921.9
חולון,קרית בן גוריון,משה דיין,54.0,1240000,80,4.0,5.0,2011,3,178464.05,656419.37,34.770635,32.000169,0.421,921.9
חולון,קרית בן גוריון,משה דיין,20.0,1450000,100,5.0,4.0,2011,2,178053.37,656467.82,34.766287,32.000591,0.421,921.9
חולון,קרית בן גוריון,משה דיין,54.0,1500000,106,5.0,7.0,2011,2,178464.05,656419.37,34.770635,32.000169,0.421,921.9
חולון,קרית בן גוריון,דיין משה,36.0,1350000,121,5.0,1.0,2011,1,178279.03,656421.67,34.768677,32.000183,0.421,921.9
חולון,קרית בן גוריון,משה דיין,66.0,1640000,118,5.0,3.0,2011,1,178610.91,656445.62,34.772188,32.000411,0.421,921.9
חולון,קרית בן גוריון,דיין משה,34.0,1180000,120,4.0,3.0,2010,11,178279.03,656421.67,34.768677,32.000183,0.421,921.9
חולון,קרית רבין,משה דיין,91.0,1438000,100,4.0,1.0,2010,11,178609.09,656511.16,34.772166,32.001002,0.421,921.9
חולון,קרית רבין,משה דיין,91.0,1590000,100,4.5,4.0,2010,11,178609.09,656511.16,34.772166,32.001002,0.421,921.9
חולון,קרית בן גוריון,דיין משה,40.0,2350000,131,5.5,15.0,2010,9,178318.83,656449.12,34.769097,32.000432,0.421,921.9
חולון,קרית בן גוריון,דיין משה,40.0,2350000,131,4.0,13.0,2010,9,178318.83,656449.12,34.769097,32.000432,0.421,921.9
חולון,קרית בן גוריון,משה דיין,54.0,1400000,107,5.0,5.0,2010,8,178464.05,656419.37,34.770635,32.000169,0.421,921.9
חולון,קרית רבין,משה דיין,91.0,1590000,133,4.5,7.0,2010,8,178609.09,656511.16,34.772166,32.001002,0.421,921.9
חולון,קרית רבין,משה דיין,91.0,1450000,115,4.0,5.0,2010,7,178609.09,656511.16,34.772166,32.001002,0.421,921.9
חולון,קרית בן גוריון,משה דיין,28.0,1295000,114,5.0,7.0,2010,7,178216.06,656459.29,34.768009,32.00052,0.421,921.9
חולון,קרית בן גוריון,משה דיין,20.0,500000,93,4.0,4.0,2010,7,178053.37,656467.82,34.766287,32.000591,0.421,921.9
חולון,קרית בן גוריון,משה דיין,20.0,1650000,144,5.0,7.0,2010,7,178053.37,656467.82,34.766287,32.000591,0.421,921.9
חולון,קרית בן גוריון,משה דיין,54.0,1830000,120,5.0,7.0,2010,6,178464.05,656419.37,34.770635,32.000169,0.421,921.9
חולון,קרית רבין,משה דיין,91.0,1440000,100,4.0,3.0,2010,6,178609.09,656511.16,34.772166,32.001002,0.421,921.9
חולון,קרית בן גוריון,משה דיין,54.0,1330000,106,5.0,3.0,2010,5,178464.05,656419.37,34.770635,32.000169,0.421,921.9
חולון,ג'סי כהן,משה דיין,37.0,1215000,100,5.0,5.0,2010,5,178008.93,656576.45,34.765812,32.001569,0.421,921.9
חולון,קרית רבין,משה דיין,91.0,1450000,120,4.0,8.0,2010,5,178609.09,656511.16,34.772166,32.001002,0.421,921.9
חולון,קרית בן גוריון,דיין משה,48.0,1200000,120,5.0,5.0,2010,4,178370.95,656437.15,34.769649,32.000326,0.421,921.9
חולון,קרית רבין,משה דיין,91.0,1415000,120,4.0,1.0,2010,4,178609.09,656511.16,34.772166,32.001002,0.421,921.9
חולון,קרית בן גוריון,דיין משה,40.0,2150000,100,5.0,14.0,2010,3,178318.83,656449.12,34.769097,32.000432,0.421,921.9
חולון,קרית בן גוריון,משה דיין,58.0,1405000,114,5.0,3.0,2010,3,178509.41,656443.47,34.771114,32.000388,0.421,921.9
חולון,קרית בן גוריון,דיין משה,34.0,1250000,121,5.0,4.0,2010,3,178279.03,656421.67,34.768677,32.000183,0.421,921.9
חולון,קרית בן גוריון,דיין משה,30.0,1080000,85,4.0,3.0,2010,2,178216.06,656459.29,34.768009,32.00052,0.421,921.9
חולון,קרית רבין,דיין משה,89.0,1000000,113,4.0,4.0,2010,2,178609.09,656511.16,34.772166,32.001002,0.421,921.9
חולון,קרית בן גוריון,משה דיין,60.0,1350000,110,5.0,4.0,2010,1,178558.74,656443.39,34.771636,32.000389,0.421,921.9
חולון,קרית בן גוריון,דיין משה,40.0,1200000,95,4.0,8.0,2010,1,178318.83,656449.12,34.769097,32.000432,0.421,921.9
חולון,קרית בן גוריון,דיין משה,40.0,1200000,96,5.0,3.0,2010,1,178318.83,656449.12,34.769097,32.000432,0.421,921.9
חולון,קרית בן גוריון,דיין משה,40.0,1233306,115,4.0,12.0,2009,12,178318.83,656449.12,34.769097,32.000432,0.421,921.9
חולון,קרית בן גוריון,דיין משה,50.0,1170000,120,5.0,3.0,2009,8,178370.95,656437.15,34.769649,32.000326,0.421,921.9
חולון,קרית בן גוריון,דיין משה,40.0,1900000,131,5.0,14.0,2009,8,178318.83,656449.12,34.769097,32.000432,0.421,921.9
חולון,קרית בן גוריון,משה דיין,60.0,1080000,130,5.0,6.0,2009,8,178558.74,656443.39,34.771636,32.000389,0.421,921.9
חולון,קרית בן גוריון,דיין משה,48.0,1240000,108,5.0,5.0,2009,8,178370.95,656437.15,34.769649,32.000326,0.421,921.9
חולון,קרית בן גוריון,דיין משה,30.0,960000,85,4.0,8.0,2009,7,178216.06,656459.29,34.768009,32.00052,0.421,921.9
חולון,קרית רבין,דיין משה,89.0,1245000,120,4.0,6.0,2009,6,178609.09,656511.16,34.772166,32.001002,0.421,921.9
חולון,קרית רבין,משה דיין,91.0,1315000,130,4.5,3.0,2009,6,178609.09,656511.16,34.772166,32.001002,0.421,921.9
חולון,קרית בן גוריון,משה דיין,20.0,1023000,93,4.0,1.0,2009,6,178053.37,656467.82,34.766287,32.000591,0.421,921.9
חולון,קרית בן גוריון,דיין משה,30.0,940000,114,5.0,8.0,2009,6,178216.06,656459.29,34.768009,32.00052,0.421,921.9
חולון,קרית בן גוריון,דיין משה,40.0,1214000,95,4.0,6.0,2009,5,178318.83,656449.12,34.769097,32.000432,0.421,921.9
חולון,קרית רבין,משה דיין,91.0,1200000,85,4.0,4.0,2009,3,178609.09,656511.16,34.772166,32.001002,0.421,921.9
חולון,קרית בן גוריון,משה דיין,58.0,970000,100,4.5,3.0,2009,3,178509.41,656443.47,34.771114,32.000388,0.421,921.9
חולון,קרית רבין,משה דיין,91.0,1360000,130,4.5,6.0,2009,2,178609.09,656511.16,34.772166,32.001002,0.421,921.9
חולון,קרית בן גוריון,דיין משה,38.0,875000,75,4.0,3.0,2008,9,178279.03,656421.67,34.768677,32.000183,0.421,921.9
חולון,ג'סי כהן,משה דיין,39.0,1110000,113,5.0,1.0,2008,8,178062.12,656573.58,34.766375,32.001545,0.421,921.9
חולון,קרית בן גוריון,משה דיין,20.0,1025000,93,4.0,3.0,2008,7,178053.37,656467.82,34.766287,32.000591,0.421,921.9
חולון,ג'סי כהן,משה דיין,39.0,1200000,125,6.0,3.0,2008,6,178062.12,656573.58,34.766375,32.001545,0.421,921.9
חולון,קרית רבין,דיין משה,89.0,1070000,100,4.0,6.0,2008,5,178609.09,656511.16,34.772166,32.001002,0.421,921.9
חולון,קרית בן גוריון,משה דיין,54.0,945000,107,5.0,1.0,2008,4,178464.05,656419.37,34.770635,32.000169,0.421,921.9
חולון,קרית בן גוריון,משה דיין,28.0,960000,130,5.0,6.0,2008,4,178216.06,656459.29,34.768009,32.00052,0.421,921.9
חולון,קרית בן גוריון,משה דיין,54.0,1070000,93,4.5,4.0,2008,4,178464.05,656419.37,34.770635,32.000169,0.421,921.9
חולון,קרית בן גוריון,משה דיין,54.0,900000,106,5.0,1.0,2008,4,178464.05,656419.37,34.770635,32.000169,0.421,921.9
חולון,קרית בן גוריון,דיין משה,40.0,1089000,120,4.0,9.0,2008,3,178318.83,656449.12,34.769097,32.000432,0.421,921.9
חולון,קרית בן גוריון,דיין משה,36.0,765000,85,4.0,1.0,2008,3,178279.03,656421.67,34.768677,32.000183,0.421,921.9
חולון,קרית בן גוריון,משה דיין,66.0,923000,120,4.0,1.0,2008,2,178610.91,656445.62,34.772188,32.000411,0.421,921.9
חולון,קרית בן גוריון,דיין משה,30.0,820000,84,4.0,1.0,2008,2,178216.06,656459.29,34.768009,32.00052,0.421,921.9
חולון,קרית בן גוריון,דיין משה,36.0,800000,86,4.0,4.0,2008,2,178279.03,656421.67,34.768677,32.000183,0.421,921.9
חולון,קרית רבין,משה דיין,91.0,1090000,113,4.0,4.0,2008,1,178609.09,656511.16,34.772166,32.001002,0.421,921.9
חולון,קרית בן גוריון,דיין משה,50.0,803000,79,4.0,5.0,2007,12,178370.95,656437.15,34.769649,32.000326,0.421,921.9
חולון,קרית בן גוריון,משה דיין,54.0,900000,84,4.0,3.0,2007,11,178464.05,656419.37,34.770635,32.000169,0.421,921.9
חולון,קרית בן גוריון,משה דיין,54.0,708000,80,4.0,1.0,2007,11,178464.05,656419.37,34.770635,32.000169,0.421,921.9
חולון,קרית בן גוריון,דיין משה,40.0,990000,120,4.0,4.0,2007,10,178318.83,656449.12,34.769097,32.000432,0.421,921.9
חולון,קרית בן גוריון,דיין משה,40.0,990000,120,4.0,3.0,2007,10,178318.83,656449.12,34.769097,32.000432,0.421,921.9
חולון,קרית בן גוריון,דיין משה,40.0,1105000,130,5.0,4.0,2007,10,178318.83,656449.12,34.769097,32.000432,0.421,921.9
חולון,ג'סי כהן,משה דיין,39.0,764000,106,5.0,4.0,2007,10,178062.12,656573.58,34.766375,32.001545,0.421,921.9
חולון,קרית בן גוריון,משה דיין,54.0,890000,120,4.5,5.0,2007,9,178464.05,656419.37,34.770635,32.000169,0.421,921.9
חולון,קרית בן גוריון,דיין משה,40.0,915000,120,4.0,1.0,2007,8,178318.83,656449.12,34.769097,32.000432,0.421,921.9
חולון,קרית בן גוריון,דיין משה,38.0,716000,99,4.0,3.0,2007,8,178279.03,656421.67,34.768677,32.000183,0.421,921.9
חולון,קרית בן גוריון,משה דיין,54.0,918000,100,4.0,1.0,2007,8,178464.05,656419.37,34.770635,32.000169,0.421,921.9
חולון,קרית בן גוריון,משה דיין,58.0,775000,50,4.0,3.0,2007,8,178509.41,656443.47,34.771114,32.000388,0.421,921.9
חולון,קרית רבין,דיין משה,89.0,977000,113,4.0,5.0,2007,8,178609.09,656511.16,34.772166,32.001002,0.421,921.9
חולון,קרית בן גוריון,דיין משה,30.0,845000,115,5.0,8.0,2007,8,178216.06,656459.29,34.768009,32.00052,0.421,921.9
חולון,קרית בן גוריון,משה דיין,58.0,916000,93,4.0,7.0,2007,7,178509.41,656443.47,34.771114,32.000388,0.421,921.9
חולון,קרית בן גוריון,דיין משה,38.0,701000,89,4.0,1.0,2007,7,178279.03,656421.67,34.768677,32.000183,0.421,921.9
חולון,קרית בן גוריון,דיין משה,40.0,1010000,120,4.0,7.0,2007,7,178318.83,656449.12,34.769097,32.000432,0.421,921.9
חולון,קרית רבין,דיין משה,89.0,943000,120,4.0,8.0,2007,7,178609.09,656511.16,34.772166,32.001002,0.421,921.9
חולון,קרית בן גוריון,משה דיין,58.0,936000,114,4.0,5.0,2007,7,178509.41,656443.47,34.771114,32.000388,0.421,921.9
חולון,קרית בן גוריון,משה דיין,58.0,1059000,99,4.0,3.0,2007,7,178509.41,656443.47,34.771114,32.000388,0.421,921.9
חולון,קרית בן גוריון,משה דיין,58.0,805000,90,4.0,4.0,2007,7,178509.41,656443.47,34.771114,32.000388,0.421,921.9
חולון,קרית בן גוריון,דיין משה,50.0,655000,79,4.0,3.0,2007,6,178370.95,656437.15,34.769649,32.000326,0.421,921.9
חולון,קרית רבין,משה דיין,91.0,840000,100,4.0,3.0,2007,5,178609.09,656511.16,34.772166,32.001002,0.421,921.9
חולון,קרית בן גוריון,דיין משה,46.0,835000,108,5.0,3.0,2007,5,178370.95,656437.15,34.769649,32.000326,0.421,921.9
חולון,קרית בן גוריון,דיין משה,40.0,930000,120,4.0,3.0,2007,4,178318.83,656449.12,34.769097,32.000432,0.421,921.9
חולון,קרית רבין,דיין משה,89.0,942000,90,4.0,7.0,2007,4,178609.09,656511.16,34.772166,32.001002,0.421,921.9
חולון,ג'סי כהן,משה דיין,39.0,997000,125,6.0,3.0,2007,4,178062.12,656573.58,34.766375,32.001545,0.421,921.9
חולון,קרית בן גוריון,דיין משה,50.0,722000,97,4.0,1.0,2007,3,178370.95,656437.15,34.769649,32.000326,0.421,921.9
חולון,קרית בן גוריון,דיין משה,50.0,823000,111,5.0,6.0,2007,3,178370.95,656437.15,34.769649,32.000326,0.421,921.9
חולון,קרית בן גוריון,דיין משה,48.0,650000,79,4.0,3.0,2007,3,178370.95,656437.15,34.769649,32.000326,0.421,921.9
חולון,קרית בן גוריון,דיין משה,48.0,794000,108,5.0,4.0,2007,2,178370.95,656437.15,34.769649,32.000326,0.421,921.9
חולון,קרית בן גוריון,דיין משה,50.0,724000,79,4.0,6.0,2007,1,178370.95,656437.15,34.769649,32.000326,0.421,921.9
חולון,ג'סי כהן,משה דיין,39.0,786000,110,5.0,1.0,2007,1,178062.12,656573.58,34.766375,32.001545,0.421,921.9
חולון,קרית בן גוריון,דיין משה,48.0,741000,108,5.0,3.0,2007,1,178370.95,656437.15,34.769649,32.000326,0.421,921.9
חולון,קרית בן גוריון,משה דיין,54.0,741000,78,4.0,4.0,2007,1,178464.05,656419.37,34.770635,32.000169,0.421,921.9
חולון,קרית בן גוריון,דיין משה,38.0,782000,126,5.0,1.0,2006,12,178279.03,656421.67,34.768677,32.000183,0.421,921.9
ראשון לציון,קריית גנים,ניר דוד,39.0,2150000,153,5.0,3.0,2011,3,178990.12,651978.2,34.776388,31.960138,0.763,1102.0
ראשון לציון,קריית גנים,ניר דוד,39.0,1825000,153,7.0,3.0,2008,9,178990.12,651978.2,34.776388,31.960138,0.763,1102.0
ראשון לציון,קריית גנים,ניר דוד,25.0,3625000,133,6.0,3.0,2025,5,179150.35,652024.47,34.778081,31.960561,0.763,1102.0
ראשון לציון,קריית גנים,ניר דוד,27.0,4100000,170,7.0,3.0,2024,9,179150.35,652024.47,34.778081,31.960561,0.763,1102.0
ראשון לציון,קריית גנים,ניר דוד,2.0,2150000,73,3.0,3.0,2024,2,179264.64,652239.26,34.779281,31.962502,0.763,1102.0
ראשון לציון,קריית גנים,ניר דוד,2.0,2075000,73,3.0,3.0,2023,2,179264.64,652239.26,34.779281,31.962502,0.763,1102.0
ראשון לציון,קריית גנים,ניר דוד,31.0,3220000,133,6.0,3.0,2023,2,179070.56,652000.72,34.777238,31.960344,0.763,1102.0
ראשון לציון,קריית גנים,ניר דוד,2.0,2400000,85,4.0,3.0,2022,5,179264.64,652239.26,34.779281,31.962502,0.763,1102.0
ראשון לציון,קריית גנים,ניר דוד,6.0,2300000,89,4.0,3.0,2022,2,179218.13,652215.05,34.77879,31.962282,0.763,1102.0
ראשון לציון,קריית גנים,ניר דוד,8.0,1750000,75,3.0,3.0,2022,1,179218.13,652215.05,34.77879,31.962282,0.763,1102.0
ראשון לציון,קריית גנים,ניר דוד,4.0,2260000,96,4.0,1.0,2022,1,179242.14,652215.4,34.779044,31.962286,0.763,1102.0
ראשון לציון,קריית גנים,ניר דוד,8.0,2300000,105,3.0,3.0,2021,4,179218.13,652215.05,34.77879,31.962282,0.763,1102.0
ראשון לציון,קריית גנים,ניר דוד,5.0,3320000,161,7.0,3.0,2020,10,179254.82,652122.2,34.779182,31.961446,0.763,1102.0
ראשון לציון,קריית גנים,ניר דוד,6.0,1750000,66,3.0,3.0,2019,8,179218.13,652215.05,34.77879,31.962282,0.763,1102.0
ראשון לציון,קריית גנים,ניר דוד,29.0,2500000,130,6.0,3.0,2019,5,179150.35,652024.47,34.778081,31.960561,0.763,1102.0
ראשון לציון,קריית גנים,ניר דוד,2.0,1780000,81,4.0,3.0,2016,11,179264.64,652239.26,34.779281,31.962502,0.763,1102.0
ראשון לציון,קריית גנים,ניר דוד,6.0,1530000,98,5.0,1.0,2014,5,179218.13,652215.05,34.77879,31.962282,0.763,1102.0
ראשון לציון,קריית גנים,ניר דוד,4.0,1250000,66,2.0,3.0,2014,1,179242.14,652215.4,34.779044,31.962286,0.763,1102.0
ראשון לציון,קריית גנים,ניר דוד,6.0,1330000,81,4.0,3.0,2013,10,179218.13,652215.05,34.77879,31.962282,0.763,1102.0
ראשון לציון,קריית גנים,ניר דוד,25.0,2000000,121,6.0,3.0,2013,6,179150.35,652024.47,34.778081,31.960561,0.763,1102.0
ראשון לציון,קריית גנים,ניר דוד,29.0,2260000,122,5.5,3.0,2013,1,179150.35,652024.47,34.778081,31.960561,0.763,1102.0
ראשון לציון,קריית גנים,ניר דוד,53.0,2050000,127,4.5,0.0,2011,1,178861.33,651972.06,34.775026,31.960078,0.763,1102.0
ראשון לציון,קריית גנים,ניר דוד,18.0,2300000,180,8.0,3.0,2010,5,179222.82,652135.08,34.778843,31.961561,0.763,1102.0
ראשון לציון,קריית גנים,ניר דוד,31.0,2000000,153,7.0,3.0,2010,5,179070.56,652000.72,34.777238,31.960344,0.763,1102.0
ראשון לציון,קריית גנים,ניר דוד,5.0,2150000,166,7.0,3.0,2009,11,179254.82,652122.2,34.779182,31.961446,0.763,1102.0
ראשון לציון,קריית גנים,ניר דוד,31.0,1835000,153,7.0,3.0,2009,9,179070.56,652000.72,34.777238,31.960344,0.763,1102.0
ראשון לציון,קריית גנים,ניר דוד,53.0,1880000,126,5.0,0.0,2009,7,178861.33,651972.06,34.775026,31.960078,0.763,1102.0
ראשון לציון,קריית גנים,ניר דוד,23.0,1650000,153,7.0,3.0,2009,4,179150.35,652024.47,34.778081,31.960561,0.763,1102.0
ראשון לציון,קריית גנים,ניר דוד,25.0,1715000,153,7.0,3.0,2009,2,179150.35,652024.47,34.778081,31.960561,0.763,1102.0
ראשון לציון,קריית גנים,ניר דוד,2.0,990000,66,3.0,3.0,2009,2,179264.64,652239.26,34.779281,31.962502,0.763,1102.0
ראשון לציון,קריית גנים,ניר דוד,8.0,800000,66,3.0,3.0,2008,8,179218.13,652215.05,34.77879,31.962282,0.763,1102.0
ראשון לציון,קריית גנים,ניר דוד,25.0,1530000,121,6.0,3.0,2008,7,179150.35,652024.47,34.778081,31.960561,0.763,1102.0
ראשון לציון,קריית גנים,ניר דוד,6.0,1100000,85,4.0,3.0,2008,3,179218.13,652215.05,34.77879,31.962282,0.763,1102.0
ראשון לציון,קריית גנים,ניר דוד,29.0,1530000,122,6.0,3.0,2008,3,179150.35,652024.47,34.778081,31.960561,0.763,1102.0
ראשון לציון,קריית גנים,ניר דוד,6.0,1070000,125,5.0,1.0,2007,12,179218.13,652215.05,34.77879,31.962282,0.763,1102.0
ראשון לציון,קריית גנים,ניר דוד,27.0,1375000,122,6.0,3.0,2007,12,179150.35,652024.47,34.778081,31.960561,0.763,1102.0
ראשון לציון,קריית גנים,ניר דוד,21.0,1549000,145,5.0,3.0,2006,8,179234.64,652063.73,34.778971,31.960918,0.763,1102.0
ראשון לציון,קריית גנים,ניר דוד,2.0,1145000,106,5.0,0.0,2006,8,179264.64,652239.26,34.779281,31.962502,0.763,1102.0
ראשון לציון,קריית גנים,ניר דוד,6.0,762000,66,3.0,3.0,2005,7,179218.13,652215.05,34.77879,31.962282,0.763,1102.0
ראשון לציון,קריית גנים,ניר דוד,29.0,1370000,153,7.0,3.0,2005,4,179150.35,652024.47,34.778081,31.960561,0.763,1102.0
ראשון לציון,קריית גנים,ניר דוד,53.0,1508000,134,5.0,3.0,2005,4,178861.33,651972.06,34.775026,31.960078,0.763,1102.0
ראשון לציון,קריית גנים,ניר דוד,31.0,1094000,121,6.0,3.0,2005,1,179070.56,652000.72,34.777238,31.960344,0.763,1102.0
ראשון לציון,קריית גנים,ניר דוד,4.0,1206000,106,5.0,0.0,2004,6,179242.14,652215.4,34.779044,31.962286,0.763,1102.0
ראשון לציון,נאות שיקמה,"הרשב""א",12.0,2200000,71,3.0,1.0,2023,8,179005.2,653999.79,34.776463,31.978369,0.763,1102.0
ראשון לציון,נאות שיקמה,"הרשב""א",12.0,1725000,71,3.0,1.0,2021,5,179005.2,653999.79,34.776463,31.978369,0.763,1102.0
ראשון לציון,נאות שיקמה,"הרשב""א",12.0,1680000,71,3.0,5.0,2020,9,179005.2,653999.79,34.776463,31.978369,0.763,1102.0
ראשון לציון,נאות שיקמה,"הרשב""א",12.0,1840000,89,4.0,3.0,2020,6,179005.2,653999.79,34.776463,31.978369,0.763,1102.0
ראשון לציון,נאות שיקמה,"הרשב""א",12.0,1640000,85,4.0,4.0,2016,4,179005.2,653999.79,34.776463,31.978369,0.763,1102.0
ראשון לציון,נאות שיקמה,"הרשב""א",12.0,1425000,100,4.0,5.0,2014,2,179005.2,653999.79,34.776463,31.978369,0.763,1102.0
ראשון לציון,נאות שיקמה,"הרשב""א",12.0,1255000,76,3.0,1.0,2013,1,179005.2,653999.79,34.776463,31.978369,0.763,1102.0
ראשון לציון,נאות שיקמה,"הרשב""א",12.0,1230000,65,3.0,7.0,2012,8,179005.2,653999.79,34.776463,31.978369,0.763,1102.0
ראשון לציון,נאות שיקמה,"הרשב""א",12.0,1290000,81,4.0,4.0,2010,8,179005.2,653999.79,34.776463,31.978369,0.763,1102.0
ראשון לציון,נאות שיקמה,"הרשב""א",12.0,1200000,65,3.0,3.0,2010,1,179005.2,653999.79,34.776463,31.978369,0.763,1102.0
ראשון לציון,נאות שיקמה,"הרשב""א",12.0,1200000,82,4.0,5.0,2009,9,179005.2,653999.79,34.776463,31.978369,0.763,1102.0
ראשון לציון,נאות שיקמה,"הרשב""א",12.0,1160000,81,4.0,5.0,2009,7,179005.2,653999.79,34.776463,31.978369,0.763,1102.0
ראשון לציון,נאות שיקמה,"הרשב""א",12.0,838000,65,3.0,3.0,2009,1,179005.2,653999.79,34.776463,31.978369,0.763,1102.0
ראשון לציון,נאות שיקמה,"הרשב""א",12.0,815000,65,3.0,7.0,2008,2,179005.2,653999.79,34.776463,31.978369,0.763,1102.0
ראשון לציון,נאות שיקמה,"הרשב""א",12.0,699000,65,3.0,3.0,2007,5,179005.2,653999.79,34.776463,31.978369,0.763,1102.0
ראשון לציון,נאות שיקמה,"הרשב""א",12.0,793000,100,4.0,3.0,2006,10,179005.2,653999.79,34.776463,31.978369,0.763,1102.0
ראשון לציון,נאות שיקמה,"הרשב""א",12.0,731000,65,3.0,5.0,2006,7,179005.2,653999.79,34.776463,31.978369,0.763,1102.0
ראשון לציון,נאות שיקמה,"הרשב""א",11.0,2320000,89,4.0,7.0,2026,2,179039.47,654060.31,34.776823,31.978916,0.763,1102.0
ראשון לציון,נאות שיקמה,"הרשב""א",16.0,2550000,87,4.0,5.0,2025,12,179095.57,653977.59,34.77742,31.978172,0.763,1102.0
ראשון לציון,נאות שיקמה,"הרשב""א",6.0,2470000,102,4.0,9.0,2025,11,178902.75,653930.55,34.775382,31.977741,0.763,1102.0
ראשון לציון,נאות שיקמה,"הרשב""א",13.0,2900000,118,5.0,9.0,2025,5,179025.83,654126.23,34.776676,31.97951,0.763,1102.0
ראשון לציון,נאות שיקמה,"הרשב""א",6.0,2424200,95,4.0,7.0,2025,4,178902.75,653930.55,34.775382,31.977741,0.763,1102.0
ראשון לציון,נאות שיקמה,"הרשב""א",4.0,2690000,94,4.0,9.0,2025,3,178861.31,653918.63,34.774944,31.977632,0.763,1102.0
ראשון לציון,נאות שיקמה,"הרשב""א",8.0,3165000,119,6.0,4.0,2025,2,178949.77,653941.9,34.775879,31.977845,0.763,1102.0
ראשון לציון,נאות שיקמה,"הרשב""א",11.0,2240000,71,3.0,6.0,2025,1,179039.47,654060.31,34.776823,31.978916,0.763,1102.0
ראשון לציון,נאות שיקמה,"הרשב""א",20.0,2590000,81,4.0,4.0,2024,10,179166.37,654026.21,34.778167,31.978613,0.763,1102.0
ראשון לציון,נאות שיקמה,"הרשב""א",2.0,2270000,65,3.0,4.0,2024,7,178828.84,653954.02,34.774599,31.97795,0.763,1102.0
ראשון לציון,נאות שיקמה,"הרשב""א",17.0,2525000,81,4.0,7.0,2024,7,179149.73,654097.91,34.777988,31.979259,0.763,1102.0
ראשון לציון,נאות שיקמה,"הרשב""א",10.0,4490000,150,5.5,10.0,2024,5,178989.79,653950.39,34.776302,31.977923,0.763,1102.0
ראשון לציון,נאות שיקמה,"הרשב""א",6.0,3635000,106,4.0,3.0,2024,4,178902.75,653930.55,34.775382,31.977741,0.763,1102.0
ראשון לציון,נאות שיקמה,"הרשב""א",10.0,3250000,120,6.0,7.0,2024,3,178989.79,653950.39,34.776302,31.977923,0.763,1102.0
ראשון לציון,נאות שיקמה,"הרשב""א",6.0,2757500,113,4.0,3.0,2024,3,178902.75,653930.55,34.775382,31.977741,0.763,1102.0
ראשון לציון,נאות שיקמה,"הרשב""א",4.0,2210000,75,3.0,10.0,2024,2,178861.31,653918.63,34.774944,31.977632,0.763,1102.0
ראשון לציון,נאות שיקמה,"הרשב""א",11.0,2570000,89,4.0,4.0,2024,1,179039.47,654060.31,34.776823,31.978916,0.763,1102.0
ראשון לציון,נאות שיקמה,"הרשב""א",2.0,2200000,65,3.0,7.0,2024,1,178828.84,653954.02,34.774599,31.97795,0.763,1102.0
ראשון לציון,נאות שיקמה,"הרשב""א",17.0,2150000,71,3.0,1.0,2023,8,179149.73,654097.91,34.777988,31.979259,0.763,1102.0
ראשון לציון,נאות שיקמה,"הרשב""א",13.0,3125000,108,5.0,5.0,2023,4,179025.83,654126.23,34.776676,31.97951,0.763,1102.0
ראשון לציון,נאות שיקמה,"הרשב""א",15.0,3000000,118,5.0,5.0,2023,3,179084.77,654114.02,34.7773,31.979402,0.763,1102.0
ראשון לציון,נאות שיקמה,"הרשב""א",11.0,2750000,89,4.0,3.0,2022,12,179039.47,654060.31,34.776823,31.978916,0.763,1102.0
ראשון לציון,נאות שיקמה,"הרשב""א",10.0,3090000,130,5.5,8.0,2022,12,178989.79,653950.39,34.776302,31.977923,0.763,1102.0
ראשון לציון,נאות שיקמה,"הרשב""א",17.0,200000,65,3.0,8.0,2022,12,179149.73,654097.91,34.777988,31.979259,0.763,1102.0
ראשון לציון,נאות שיקמה,"הרשב""א",11.0,2600000,82,4.0,3.0,2022,11,179039.47,654060.31,34.776823,31.978916,0.763,1102.0
ראשון לציון,נאות שיקמה,"הרשב""א",2.0,2300000,65,3.0,7.0,2022,10,178828.84,653954.02,34.774599,31.97795,0.763,1102.0
ראשון לציון,נאות שיקמה,"הרשב""א",11.0,2200000,71,3.0,7.0,2022,9,179039.47,654060.31,34.776823,31.978916,0.763,1102.0
ראשון לציון,נאות שיקמה,"הרשב""א",15.0,2930000,118,5.0,3.0,2022,8,179084.77,654114.02,34.7773,31.979402,0.763,1102.0
ראשון לציון,נאות שיקמה,"הרשב""א",8.0,2400000,80,4.0,1.0,2022,8,178949.77,653941.9,34.775879,31.977845,0.763,1102.0
ראשון לציון,נאות שיקמה,"הרשב""א",6.0,2800000,101,4.0,3.0,2022,6,178902.75,653930.55,34.775382,31.977741,0.763,1102.0
ראשון לציון,נאות שיקמה,"הרשב""א",17.0,2400000,65,3.0,7.0,2022,6,179149.73,654097.91,34.777988,31.979259,0.763,1102.0
ראשון לציון,נאות שיקמה,"הרשב""א",16.0,2800000,105,4.0,6.0,2022,6,179095.57,653977.59,34.77742,31.978172,0.763,1102.0
ראשון לציון,נאות שיקמה,"הרשב""א",17.0,200000,71,3.0,8.0,2022,5,179149.73,654097.91,34.777988,31.979259,0.763,1102.0
ראשון לציון,נאות שיקמה,"הרשב""א",16.0,2280000,70,3.0,7.0,2022,5,179095.57,653977.59,34.77742,31.978172,0.763,1102.0
ראשון לציון,נאות שיקמה,"הרשב""א",11.0,1750000,65,3.0,6.0,2022,5,179039.47,654060.31,34.776823,31.978916,0.763,1102.0
ראשון לציון,נאות שיקמה,"הרשב""א",2.0,2200000,82,4.0,4.0,2022,2,178828.84,653954.02,34.774599,31.97795,0.763,1102.0
ראשון לציון,נאות שיקמה,"הרשב""א",13.0,946000,120,5.0,5.0,2022,2,179025.83,654126.23,34.776676,31.97951,0.763,1102.0
ראשון לציון,נאות שיקמה,"הרשב""א",16.0,2500000,105,4.0,9.0,2022,2,179095.57,653977.59,34.77742,31.978172,0.763,1102.0
ראשון לציון,נאות שיקמה,"הרשב""א",2.0,2025000,81,4.0,4.0,2022,2,178828.84,653954.02,34.774599,31.97795,0.763,1102.0
ראשון לציון,נאות שיקמה,"הרשב""א",20.0,1940000,66,3.0,5.0,2022,1,179166.37,654026.21,34.778167,31.978613,0.763,1102.0
ראשון לציון,נאות שיקמה,"הרשב""א",13.0,2500000,118,5.0,1.0,2021,11,179025.83,654126.23,34.776676,31.97951,0.763,1102.0
ראשון לציון,נאות שיקמה,"הרשב""א",15.0,1955000,70,4.0,4.0,2021,11,179084.77,654114.02,34.7773,31.979402,0.763,1102.0
ראשון לציון,נאות שיקמה,"הרשב""א",4.0,1910000,120,4.0,4.0,2021,11,178861.31,653918.63,34.774944,31.977632,0.763,1102.0
ראשון לציון,נאות שיקמה,"הרשב""א",13.0,2500000,110,5.0,4.0,2021,10,179025.83,654126.23,34.776676,31.97951,0.763,1102.0
ראשון לציון,נאות שיקמה,"הרשב""א",17.0,2030000,89,4.0,6.0,2021,10,179149.73,654097.91,34.777988,31.979259,0.763,1102.0
ראשון לציון,נאות שיקמה,"הרשב""א",6.0,2100000,112,4.0,3.0,2021,10,178902.75,653930.55,34.775382,31.977741,0.763,1102.0
ראשון לציון,נאות שיקמה,"הרשב""א",20.0,1800000,65,3.0,5.0,2021,10,179166.37,654026.21,34.778167,31.978613,0.763,1102.0
ראשון לציון,נאות שיקמה,"הרשב""א",18.0,2270000,71,3.0,10.0,2021,10,179132.36,653984.43,34.777809,31.978235,0.763,1102.0
ראשון לציון,נאות שיקמה,"הרשב""א",19.0,1835000,70,3.0,3.0,2021,8,179181.56,654067.18,34.778326,31.978983,0.763,1102.0
ראשון לציון,נאות שיקמה,"הרשב""א",11.0,2050000,89,4.0,4.0,2021,8,179039.47,654060.31,34.776823,31.978916,0.763,1102.0
ראשון לציון,נאות שיקמה,"הרשב""א",15.0,2320000,118,5.0,1.0,2021,8,179084.77,654114.02,34.7773,31.979402,0.763,1102.0
ראשון לציון,נאות שיקמה,"הרשב""א",4.0,2535000,125,5.0,8.0,2021,7,178861.31,653918.63,34.774944,31.977632,0.763,1102.0
ראשון לציון,נאות שיקמה,"הרשב""א",15.0,2200000,95,4.0,1.0,2021,7,179084.77,654114.02,34.7773,31.979402,0.763,1102.0
ראשון לציון,נאות שיקמה,"הרשב""א",13.0,2240000,118,5.0,3.0,2021,5,179025.83,654126.23,34.776676,31.97951,0.763,1102.0
ראשון לציון,נאות שיקמה,"הרשב""א",8.0,1750000,79,4.0,3.0,2021,5,178949.77,653941.9,34.775879,31.977845,0.763,1102.0
ראשון לציון,נאות שיקמה,"הרשב""א",6.0,2450000,125,5.0,4.0,2021,4,178902.75,653930.55,34.775382,31.977741,0.763,1102.0
ראשון לציון,נאות שיקמה,"הרשב""א",19.0,2100000,90,4.0,6.0,2021,3,179181.56,654067.18,34.778326,31.978983,0.763,1102.0
ראשון לציון,נאות שיקמה,"הרשב""א",10.0,1780000,70,4.0,1.0,2020,12,178989.79,653950.39,34.776302,31.977923,0.763,1102.0
ראשון לציון,נאות שיקמה,"הרשב""א",17.0,1690000,65,3.0,3.0,2020,12,179149.73,654097.91,34.777988,31.979259,0.763,1102.0
ראשון לציון,נאות שיקמה,"הרשב""א",18.0,1750000,71,3.0,1.0,2020,11,179132.36,653984.43,34.777809,31.978235,0.763,1102.0
ראשון לציון,נאות שיקמה,"הרשב""א",11.0,2045000,81,4.0,6.0,2020,11,179039.47,654060.31,34.776823,31.978916,0.763,1102.0
ראשון לציון,נאות שיקמה,"הרשב""א",11.0,1763000,69,3.0,7.0,2020,10,179039.47,654060.31,34.776823,31.978916,0.763,1102.0
ראשון לציון,נאות שיקמה,"הרשב""א",15.0,2740000,117,5.0,9.0,2020,7,179084.77,654114.02,34.7773,31.979402,0.763,1102.0
ראשון לציון,נאות שיקמה,"הרשב""א",16.0,2170000,100,4.0,7.0,2020,7,179095.57,653977.59,34.77742,31.978172,0.763,1102.0
ראשון לציון,נאות שיקמה,"הרשב""א",6.0,2130000,102,4.0,3.0,2020,7,178902.75,653930.55,34.775382,31.977741,0.763,1102.0
ראשון לציון,נאות שיקמה,"הרשב""א",8.0,2500000,115,4.5,8.0,2020,2,178949.77,653941.9,34.775879,31.977845,0.763,1102.0
ראשון לציון,נאות שיקמה,"הרשב""א",4.0,2070000,120,5.0,1.0,2020,1,178861.31,653918.63,34.774944,31.977632,0.763,1102.0
ראשון לציון,נאות שיקמה,"הרשב""א",4.0,1720000,75,3.0,4.0,2019,12,178861.31,653918.63,34.774944,31.977632,0.763,1102.0
ראשון לציון,נאות שיקמה,"הרשב""א",2.0,1690000,65,3.0,7.0,2019,11,178828.84,653954.02,34.774599,31.97795,0.763,1102.0
ראשון לציון,נאות שיקמה,"הרשב""א",8.0,1750000,80,3.5,1.0,2019,9,178949.77,653941.9,34.775879,31.977845,0.763,1102.0
ראשון לציון,נאות שיקמה,"הרשב""א",17.0,1870000,90,4.0,7.0,2019,7,179149.73,654097.91,34.777988,31.979259,0.763,1102.0
ראשון לציון,נאות שיקמה,"הרשב""א",10.0,2535000,130,5.5,4.0,2019,7,178989.79,653950.39,34.776302,31.977923,0.763,1102.0
ראשון לציון,נאות שיקמה,"הרשב""א",2.0,1650000,70,3.0,6.0,2019,7,178828.84,653954.02,34.774599,31.97795,0.763,1102.0
ראשון לציון,נאות שיקמה,"הרשב""א",15.0,2100000,95,4.0,3.0,2019,5,179084.77,654114.02,34.7773,31.979402,0.763,1102.0
ראשון לציון,נאות שיקמה,"הרשב""א",13.0,1975000,108,5.0,10.0,2019,5,179025.83,654126.23,34.776676,31.97951,0.763,1102.0
ראשון לציון,נאות שיקמה,"הרשב""א",16.0,1650000,70,3.0,7.0,2019,4,179095.57,653977.59,34.77742,31.978172,0.763,1102.0
ראשון לציון,נאות שיקמה,"הרשב""א",10.0,2180000,115,4.5,5.0,2019,1,178989.79,653950.39,34.776302,31.977923,0.763,1102.0
ראשון לציון,נאות שיקמה,"הרשב""א",15.0,1825000,80,4.0,3.0,2019,1,179084.77,654114.02,34.7773,31.979402,0.763,1102.0
ראשון לציון,נאות שיקמה,"הרשב""א",13.0,1720000,69,3.5,9.0,2019,1,179025.83,654126.23,34.776676,31.97951,0.763,1102.0
ראשון לציון,נאות שיקמה,"הרשב""א",10.0,1750000,78,3.5,1.0,2018,12,178989.79,653950.39,34.776302,31.977923,0.763,1102.0
ראשון לציון,נאות שיקמה,"הרשב""א",8.0,2275000,115,4.5,9.0,2018,12,178949.77,653941.9,34.775879,31.977845,0.763,1102.0
ראשון לציון,נאות שיקמה,"הרשב""א",15.0,2170000,108,5.0,8.0,2018,10,179084.77,654114.02,34.7773,31.979402,0.763,1102.0
ראשון לציון,נאות שיקמה,"הרשב""א",6.0,1950000,100,4.0,8.0,2018,10,178902.75,653930.55,34.775382,31.977741,0.763,1102.0
ראשון לציון,נאות שיקמה,"הרשב""א",2.0,1830000,81,4.0,3.0,2018,7,178828.84,653954.02,34.774599,31.97795,0.763,1102.0
ראשון לציון,נאות שיקמה,"הרשב""א",6.0,1760000,75,3.0,7.0,2018,6,178902.75,653930.55,34.775382,31.977741,0.763,1102.0
ראשון לציון,נאות שיקמה,"הרשב""א",10.0,2220000,106,4.5,9.0,2018,1,178989.79,653950.39,34.776302,31.977923,0.763,1102.0
ראשון לציון,נאות שיקמה,"הרשב""א",8.0,2515000,130,5.5,7.0,2018,1,178949.77,653941.9,34.775879,31.977845,0.763,1102.0
ראשון לציון,נאות שיקמה,"הרשב""א",2.0,1700000,71,3.0,4.0,2017,12,178828.84,653954.02,34.774599,31.97795,0.763,1102.0
ראשון לציון,נאות שיקמה,"הרשב""א",17.0,1690000,70,3.0,7.0,2017,10,179149.73,654097.91,34.777988,31.979259,0.763,1102.0
ראשון לציון,נאות שיקמה,"הרשב""א",13.0,2100000,85,4.0,8.0,2017,10,179025.83,654126.23,34.776676,31.97951,0.763,1102.0
ראשון לציון,נאות שיקמה,"הרשב""א",15.0,1545000,80,3.5,1.0,2017,8,179084.77,654114.02,34.7773,31.979402,0.763,1102.0
ראשון לציון,נאות שיקמה,"הרשב""א",17.0,1649000,65,3.0,6.0,2017,7,179149.73,654097.91,34.777988,31.979259,0.763,1102.0
ראשון לציון,נאות שיקמה,"הרשב""א",17.0,1840000,82,4.0,5.0,2017,5,179149.73,654097.91,34.777988,31.979259,0.763,1102.0
ראשון לציון,נאות שיקמה,"הרשב""א",15.0,2070000,110,4.5,10.0,2017,5,179084.77,654114.02,34.7773,31.979402,0.763,1102.0
ראשון לציון,נאות שיקמה,"הרשב""א",16.0,2120000,100,4.0,8.0,2017,4,179095.57,653977.59,34.77742,31.978172,0.763,1102.0
ראשון לציון,נאות שיקמה,"הרשב""א",6.0,2100000,102,4.0,3.0,2017,4,178902.75,653930.55,34.775382,31.977741,0.763,1102.0
ראשון לציון,נאות שיקמה,"הרשב""א",8.0,2250000,106,4.0,6.0,2017,4,178949.77,653941.9,34.775879,31.977845,0.763,1102.0
ראשון לציון,נאות שיקמה,"הרשב""א",13.0,1680000,70,3.5,3.0,2017,4,179025.83,654126.23,34.776676,31.97951,0.763,1102.0
ראשון לציון,נאות שיקמה,"הרשב""א",6.0,1930000,85,4.0,3.0,2017,3,178902.75,653930.55,34.775382,31.977741,0.763,1102.0
ראשון לציון,נאות שיקמה,"הרשב""א",10.0,1740000,79,4.0,1.0,2017,2,178989.79,653950.39,34.776302,31.977923,0.763,1102.0
ראשון לציון,נאות שיקמה,"הרשב""א",17.0,1400000,65,3.0,1.0,2017,1,179149.73,654097.91,34.777988,31.979259,0.763,1102.0
ראשון לציון,נאות שיקמה,"הרשב""א",19.0,1625000,65,3.0,8.0,2016,12,179181.56,654067.18,34.778326,31.978983,0.763,1102.0
ראשון לציון,נאות שיקמה,"הרשב""א",13.0,2219000,108,5.0,6.0,2016,11,179025.83,654126.23,34.776676,31.97951,0.763,1102.0
ראשון לציון,נאות שיקמה,"הרשב""א",10.0,2290000,119,5.5,7.0,2016,9,178989.79,653950.39,34.776302,31.977923,0.763,1102.0
ראשון לציון,נאות שיקמה,"הרשב""א",2.0,1600000,65,3.0,7.0,2016,9,178828.84,653954.02,34.774599,31.97795,0.763,1102.0
ראשון לציון,נאות שיקמה,"הרשב""א",10.0,2115000,106,4.0,7.0,2016,8,178989.79,653950.39,34.776302,31.977923,0.763,1102.0
ראשון לציון,נאות שיקמה,"הרשב""א",17.0,1600000,71,3.0,8.0,2016,7,179149.73,654097.91,34.777988,31.979259,0.763,1102.0
ראשון לציון,נאות שיקמה,"הרשב""א",13.0,1615000,70,4.0,8.0,2016,7,179025.83,654126.23,34.776676,31.97951,0.763,1102.0
ראשון לציון,נאות שיקמה,"הרשב""א",18.0,1950000,100,4.0,3.0,2016,6,179132.36,653984.43,34.777809,31.978235,0.763,1102.0
ראשון לציון,נאות שיקמה,"הרשב""א",13.0,1565000,69,3.5,3.0,2016,5,179025.83,654126.23,34.776676,31.97951,0.763,1102.0
ראשון לציון,נאות שיקמה,"הרשב""א",18.0,1940000,100,4.0,3.0,2016,3,179132.36,653984.43,34.777809,31.978235,0.763,1102.0
ראשון לציון,נאות שיקמה,"הרשב""א",13.0,1795000,95,4.0,9.0,2016,3,179025.83,654126.23,34.776676,31.97951,0.763,1102.0
ראשון לציון,נאות שיקמה,"הרשב""א",20.0,1599000,65,3.0,6.0,2016,3,179166.37,654026.21,34.778167,31.978613,0.763,1102.0
ראשון לציון,נאות שיקמה,"הרשב""א",11.0,1509000,65,3.0,7.0,2016,3,179039.47,654060.31,34.776823,31.978916,0.763,1102.0
ראשון לציון,נאות שיקמה,"הרשב""א",4.0,1820000,106,5.0,1.0,2016,3,178861.31,653918.63,34.774944,31.977632,0.763,1102.0
ראשון לציון,נאות שיקמה,"הרשב""א",2.0,1642000,81,4.0,3.0,2016,2,178828.84,653954.02,34.774599,31.97795,0.763,1102.0
ראשון לציון,נאות שיקמה,"הרשב""א",8.0,2000000,106,4.5,8.0,2016,1,178949.77,653941.9,34.775879,31.977845,0.763,1102.0
ראשון לציון,נאות שיקמה,"הרשב""א",8.0,1550000,82,3.5,3.0,2015,12,178949.77,653941.9,34.775879,31.977845,0.763,1102.0
ראשון לציון,נאות שיקמה,"הרשב""א",15.0,1630000,83,4.0,4.0,2015,11,179084.77,654114.02,34.7773,31.979402,0.763,1102.0
ראשון לציון,נאות שיקמה,"הרשב""א",13.0,1680000,69,3.5,5.0,2015,11,179025.83,654126.23,34.776676,31.97951,0.763,1102.0
ראשון לציון,נאות שיקמה,"הרשב""א",18.0,1900000,100,4.0,3.0,2015,11,179132.36,653984.43,34.777809,31.978235,0.763,1102.0
ראשון לציון,נאות שיקמה,"הרשב""א",11.0,1480000,65,3.0,7.0,2015,10,179039.47,654060.31,34.776823,31.978916,0.763,1102.0
ראשון לציון,נאות שיקמה,"הרשב""א",6.0,1800000,101,4.0,9.0,2015,8,178902.75,653930.55,34.775382,31.977741,0.763,1102.0
ראשון לציון,נאות שיקמה,"הרשב""א",6.0,1525000,75,3.0,3.0,2015,8,178902.75,653930.55,34.775382,31.977741,0.763,1102.0
ראשון לציון,נאות שיקמה,"הרשב""א",15.0,1640000,95,4.0,1.0,2015,7,179084.77,654114.02,34.7773,31.979402,0.763,1102.0
ראשון לציון,נאות שיקמה,"הרשב""א",18.0,2160000,145,5.0,11.0,2015,6,179132.36,653984.43,34.777809,31.978235,0.763,1102.0
ראשון לציון,נאות שיקמה,"הרשב""א",15.0,1865000,108,5.0,8.0,2015,6,179084.77,654114.02,34.7773,31.979402,0.763,1102.0
ראשון לציון,נאות שיקמה,"הרשב""א",19.0,1420000,75,3.0,3.0,2015,5,179181.56,654067.18,34.778326,31.978983,0.763,1102.0
ראשון לציון,נאות שיקמה,"הרשב""א",16.0,2210000,119,5.0,12.0,2015,4,179095.57,653977.59,34.77742,31.978172,0.763,1102.0
ראשון לציון,נאות שיקמה,"הרשב""א",15.0,1600000,69,3.5,8.0,2015,3,179084.77,654114.02,34.7773,31.979402,0.763,1102.0
ראשון לציון,נאות שיקמה,"הרשב""א",20.0,1370000,65,3.0,8.0,2015,3,179166.37,654026.21,34.778167,31.978613,0.763,1102.0
ראשון לציון,נאות שיקמה,"הרשב""א",20.0,1560000,81,4.0,8.0,2015,3,179166.37,654026.21,34.778167,31.978613,0.763,1102.0
ראשון לציון,נאות שיקמה,"הרשב""א",15.0,1625000,83,4.0,3.0,2015,2,179084.77,654114.02,34.7773,31.979402,0.763,1102.0
ראשון לציון,נאות שיקמה,"הרשב""א",4.0,1450000,102,4.0,7.0,2015,2,178861.31,653918.63,34.774944,31.977632,0.763,1102.0
ראשון לציון,נאות שיקמה,"הרשב""א",20.0,1540000,82,4.0,4.0,2015,1,179166.37,654026.21,34.778167,31.978613,0.763,1102.0
ראשון לציון,נאות שיקמה,"הרשב""א",13.0,1575000,83,4.0,8.0,2014,12,179025.83,654126.23,34.776676,31.97951,0.763,1102.0
ראשון לציון,נאות שיקמה,"הרשב""א",16.0,1750000,100,4.0,9.0,2014,11,179095.57,653977.59,34.77742,31.978172,0.763,1102.0
ראשון לציון,נאות שיקמה,"הרשב""א",2.0,1299000,65,3.0,3.0,2014,10,178828.84,653954.02,34.774599,31.97795,0.763,1102.0
ראשון לציון,נאות שיקמה,"הרשב""א",17.0,1485000,89,4.0,7.0,2014,10,179149.73,654097.91,34.777988,31.979259,0.763,1102.0
ראשון לציון,נאות שיקמה,"הרשב""א",10.0,1365000,70,4.0,3.0,2014,10,178989.79,653950.39,34.776302,31.977923,0.763,1102.0
ראשון לציון,נאות שיקמה,"הרשב""א",8.0,1360000,70,4.0,1.0,2014,9,178949.77,653941.9,34.775879,31.977845,0.763,1102.0
ראשון לציון,נאות שיקמה,"הרשב""א",4.0,1392000,69,3.0,10.0,2014,8,178861.31,653918.63,34.774944,31.977632,0.763,1102.0
ראשון לציון,נאות שיקמה,"הרשב""א",17.0,1265000,65,3.0,6.0,2014,8,179149.73,654097.91,34.777988,31.979259,0.763,1102.0
ראשון לציון,נאות שיקמה,"הרשב""א",15.0,1775000,108,5.0,8.0,2014,6,179084.77,654114.02,34.7773,31.979402,0.763,1102.0
ראשון לציון,נאות שיקמה,"הרשב""א",13.0,2025000,119,4.5,11.0,2014,4,179025.83,654126.23,34.776676,31.97951,0.763,1102.0
ראשון לציון,נאות שיקמה,"הרשב""א",18.0,1430000,70,3.0,5.0,2014,2,179132.36,653984.43,34.777809,31.978235,0.763,1102.0
ראשון לציון,נאות שיקמה,"הרשב""א",11.0,1450000,81,4.0,3.0,2014,2,179039.47,654060.31,34.776823,31.978916,0.763,1102.0
ראשון לציון,נאות שיקמה,"הרשב""א",16.0,1950000,113,5.0,10.0,2014,1,179095.57,653977.59,34.77742,31.978172,0.763,1102.0
ראשון לציון,נאות שיקמה,"הרשב""א",15.0,1830000,108,5.0,3.0,2014,1,179084.77,654114.02,34.7773,31.979402,0.763,1102.0
ראשון לציון,נאות שיקמה,"הרשב""א",19.0,1495000,82,4.0,7.0,2014,1,179181.56,654067.18,34.778326,31.978983,0.763,1102.0
ראשון לציון,נאות שיקמה,"הרשב""א",11.0,1330000,65,3.0,3.0,2013,12,179039.47,654060.31,34.776823,31.978916,0.763,1102.0
ראשון לציון,נאות שיקמה,"הרשב""א",11.0,1305000,65,3.0,5.0,2013,12,179039.47,654060.31,34.776823,31.978916,0.763,1102.0
ראשון לציון,נאות שיקמה,"הרשב""א",2.0,1280000,65,3.0,6.0,2013,11,178828.84,653954.02,34.774599,31.97795,0.763,1102.0
ראשון לציון,נאות שיקמה,"הרשב""א",8.0,2100000,124,6.0,11.0,2013,10,178949.77,653941.9,34.775879,31.977845,0.763,1102.0
ראשון לציון,נאות שיקמה,"הרשב""א",6.0,2280000,119,4.0,3.0,2013,10,178902.75,653930.55,34.775382,31.977741,0.763,1102.0
ראשון לציון,נאות שיקמה,"הרשב""א",2.0,1390000,90,4.0,3.0,2013,10,178828.84,653954.02,34.774599,31.97795,0.763,1102.0
ראשון לציון,נאות שיקמה,"הרשב""א",16.0,1580000,97,4.0,3.0,2013,7,179095.57,653977.59,34.77742,31.978172,0.763,1102.0
ראשון לציון,נאות שיקמה,"הרשב""א",15.0,1790000,108,5.0,9.0,2013,6,179084.77,654114.02,34.7773,31.979402,0.763,1102.0
ראשון לציון,נאות שיקמה,"הרשב""א",11.0,1410000,81,4.0,5.0,2013,5,179039.47,654060.31,34.776823,31.978916,0.763,1102.0
ראשון לציון,נאות שיקמה,"הרשב""א",6.0,2000000,100,4.0,3.0,2013,4,178902.75,653930.55,34.775382,31.977741,0.763,1102.0
ראשון לציון,נאות שיקמה,"הרשב""א",4.0,1250000,69,3.0,1.0,2013,4,178861.31,653918.63,34.774944,31.977632,0.763,1102.0
ראשון לציון,נאות שיקמה,"הרשב""א",15.0,1566000,83,4.0,9.0,2013,4,179084.77,654114.02,34.7773,31.979402,0.763,1102.0
ראשון לציון,נאות שיקמה,"הרשב""א",6.0,1600000,96,4.0,1.0,2013,3,178902.75,653930.55,34.775382,31.977741,0.763,1102.0
ראשון לציון,נאות שיקמה,"הרשב""א",2.0,1349000,81,4.0,4.0,2013,3,178828.84,653954.02,34.774599,31.97795,0.763,1102.0
ראשון לציון,נאות שיקמה,"הרשב""א",6.0,1340000,62,3.0,8.0,2013,3,178902.75,653930.55,34.775382,31.977741,0.763,1102.0
ראשון לציון,נאות שיקמה,"הרשב""א",15.0,1850000,120,4.0,11.0,2013,3,179084.77,654114.02,34.7773,31.979402,0.763,1102.0
ראשון לציון,נאות שיקמה,"הרשב""א",13.0,1725000,118,5.0,7.0,2013,2,179025.83,654126.23,34.776676,31.97951,0.763,1102.0
ראשון לציון,נאות שיקמה,"הרשב""א",6.0,1205000,69,3.0,3.0,2013,2,178902.75,653930.55,34.775382,31.977741,0.763,1102.0
ראשון לציון,נאות שיקמה,"הרשב""א",2.0,825000,65,3.0,7.0,2013,1,178828.84,653954.02,34.774599,31.97795,0.763,1102.0
ראשון לציון,נאות שיקמה,"הרשב""א",15.0,1515000,111,5.0,0.0,2012,12,179084.77,654114.02,34.7773,31.979402,0.763,1102.0
ראשון לציון,נאות שיקמה,"הרשב""א",11.0,1330000,82,4.0,3.0,2012,12,179039.47,654060.31,34.776823,31.978916,0.763,1102.0
ראשון לציון,נאות שיקמה,"הרשב""א",4.0,1314000,69,3.0,3.0,2012,12,178861.31,653918.63,34.774944,31.977632,0.763,1102.0
ראשון לציון,נאות שיקמה,"הרשב""א",13.0,1250000,70,3.5,5.0,2012,10,179025.83,654126.23,34.776676,31.97951,0.763,1102.0
ראשון לציון,נאות שיקמה,"הרשב""א",15.0,1165000,76,3.5,1.0,2012,9,179084.77,654114.02,34.7773,31.979402,0.763,1102.0
ראשון לציון,נאות שיקמה,"הרשב""א",15.0,1750000,100,5.0,10.0,2012,8,179084.77,654114.02,34.7773,31.979402,0.763,1102.0
ראשון לציון,נאות שיקמה,"הרשב""א",6.0,1530000,95,4.0,3.0,2012,8,178902.75,653930.55,34.775382,31.977741,0.763,1102.0
ראשון לציון,נאות שיקמה,"הרשב""א",8.0,1850000,119,6.0,6.0,2012,8,178949.77,653941.9,34.775879,31.977845,0.763,1102.0
ראשון לציון,נאות שיקמה,"הרשב""א",10.0,1650000,106,4.5,7.0,2012,7,178989.79,653950.39,34.776302,31.977923,0.763,1102.0
ראשון לציון,נאות שיקמה,"הרשב""א",4.0,1510000,95,4.0,3.0,2012,7,178861.31,653918.63,34.774944,31.977632,0.763,1102.0
ראשון לציון,נאות שיקמה,"הרשב""א",2.0,1163000,65,3.0,1.0,2012,6,178828.84,653954.02,34.774599,31.97795,0.763,1102.0
ראשון לציון,נאות שיקמה,"הרשב""א",17.0,1160000,65,3.0,3.0,2012,5,179149.73,654097.91,34.777988,31.979259,0.763,1102.0
ראשון לציון,נאות שיקמה,"הרשב""א",13.0,1500000,108,5.0,7.0,2012,3,179025.83,654126.23,34.776676,31.97951,0.763,1102.0
ראשון לציון,נאות שיקמה,"הרשב""א",11.0,1170000,65,3.0,6.0,2012,1,179039.47,654060.31,34.776823,31.978916,0.763,1102.0
ראשון לציון,נאות שיקמה,"הרשב""א",8.0,2600000,137,5.5,10.0,2011,11,178949.77,653941.9,34.775879,31.977845,0.763,1102.0
ראשון לציון,נאות שיקמה,"הרשב""א",8.0,1260000,70,3.5,1.0,2011,10,178949.77,653941.9,34.775879,31.977845,0.763,1102.0
ראשון לציון,נאות שיקמה,"הרשב""א",13.0,1250000,70,3.5,3.0,2011,6,179025.83,654126.23,34.776676,31.97951,0.763,1102.0
ראשון לציון,נאות שיקמה,"הרשב""א",4.0,1485000,113,5.0,1.0,2011,4,178861.31,653918.63,34.774944,31.977632,0.763,1102.0
ראשון לציון,נאות שיקמה,"הרשב""א",15.0,1620000,83,4.0,5.0,2011,4,179084.77,654114.02,34.7773,31.979402,0.763,1102.0
ראשון לציון,נאות שיקמה,"הרשב""א",4.0,1325000,65,3.0,9.0,2011,3,178861.31,653918.63,34.774944,31.977632,0.763,1102.0
ראשון לציון,נאות שיקמה,"הרשב""א",8.0,1158000,70,3.5,3.0,2011,3,178949.77,653941.9,34.775879,31.977845,0.763,1102.0
ראשון לציון,נאות שיקמה,"הרשב""א",2.0,1190000,65,3.0,4.0,2011,3,178828.84,653954.02,34.774599,31.97795,0.763,1102.0
ראשון לציון,נאות שיקמה,"הרשב""א",11.0,1150000,65,3.0,7.0,2011,3,179039.47,654060.31,34.776823,31.978916,0.763,1102.0
ראשון לציון,נאות שיקמה,"הרשב""א",13.0,1460000,83,4.0,9.0,2011,2,179025.83,654126.23,34.776676,31.97951,0.763,1102.0
ראשון לציון,נאות שיקמה,"הרשב""א",11.0,1150000,65,3.0,5.0,2011,2,179039.47,654060.31,34.776823,31.978916,0.763,1102.0
ראשון לציון,נאות שיקמה,"הרשב""א",10.0,1250000,70,4.0,3.0,2011,1,178989.79,653950.39,34.776302,31.977923,0.763,1102.0
ראשון לציון,נאות שיקמה,"הרשב""א",11.0,1350000,81,4.0,4.0,2011,1,179039.47,654060.31,34.776823,31.978916,0.763,1102.0
ראשון לציון,נאות שיקמה,"הרשב""א",20.0,449000,82,4.0,5.0,2010,12,179166.37,654026.21,34.778167,31.978613,0.763,1102.0
ראשון לציון,נאות שיקמה,"הרשב""א",20.0,1150000,65,3.0,5.0,2010,10,179166.37,654026.21,34.778167,31.978613,0.763,1102.0
ראשון לציון,נאות שיקמה,"הרשב""א",19.0,1195000,65,3.0,3.0,2010,9,179181.56,654067.18,34.778326,31.978983,0.763,1102.0
ראשון לציון,נאות שיקמה,"הרשב""א",16.0,1300000,70,3.0,10.0,2010,8,179095.57,653977.59,34.77742,31.978172,0.763,1102.0
ראשון לציון,נאות שיקמה,"הרשב""א",17.0,1100000,65,3.0,8.0,2010,7,179149.73,654097.91,34.777988,31.979259,0.763,1102.0
ראשון לציון,נאות שיקמה,"הרשב""א",11.0,1100000,65,3.0,4.0,2010,5,179039.47,654060.31,34.776823,31.978916,0.763,1102.0
ראשון לציון,נאות שיקמה,"הרשב""א",13.0,1340000,83,4.0,5.0,2010,4,179025.83,654126.23,34.776676,31.97951,0.763,1102.0
ראשון לציון,נאות שיקמה,"הרשב""א",4.0,1770000,206,4.0,3.0,2010,3,178861.31,653918.63,34.774944,31.977632,0.763,1102.0
ראשון לציון,נאות שיקמה,"הרשב""א",20.0,1070000,65,3.0,1.0,2010,2,179166.37,654026.21,34.778167,31.978613,0.763,1102.0
ראשון לציון,נאות שיקמה,"הרשב""א",13.0,1625000,108,5.0,5.0,2010,2,179025.83,654126.23,34.776676,31.97951,0.763,1102.0
ראשון לציון,נאות שיקמה,"הרשב""א",6.0,1460000,112,4.0,3.0,2010,2,178902.75,653930.55,34.775382,31.977741,0.763,1102.0
ראשון לציון,נאות שיקמה,"הרשב""א",17.0,1150000,82,4.0,4.0,2010,1,179149.73,654097.91,34.777988,31.979259,0.763,1102.0
ראשון לציון,נאות שיקמה,"הרשב""א",15.0,1570000,108,5.0,9.0,2009,12,179084.77,654114.02,34.7773,31.979402,0.763,1102.0
ראשון לציון,נאות שיקמה,"הרשב""א",4.0,1800000,113,5.0,8.0,2009,12,178861.31,653918.63,34.774944,31.977632,0.763,1102.0
ראשון לציון,נאות שיקמה,"הרשב""א",16.0,2380000,145,5.0,11.0,2009,12,179095.57,653977.59,34.77742,31.978172,0.763,1102.0
ראשון לציון,נאות שיקמה,"הרשב""א",6.0,1200000,69,3.0,10.0,2009,12,178902.75,653930.55,34.775382,31.977741,0.763,1102.0
ראשון לציון,נאות שיקמה,"הרשב""א",16.0,1175000,70,3.0,8.0,2009,8,179095.57,653977.59,34.77742,31.978172,0.763,1102.0
ראשון לציון,נאות שיקמה,"הרשב""א",17.0,945000,65,3.0,3.0,2009,8,179149.73,654097.91,34.777988,31.979259,0.763,1102.0
ראשון לציון,נאות שיקמה,"הרשב""א",11.0,950000,65,3.0,3.0,2009,7,179039.47,654060.31,34.776823,31.978916,0.763,1102.0
ראשון לציון,נאות שיקמה,"הרשב""א",19.0,950000,65,3.0,7.0,2009,7,179181.56,654067.18,34.778326,31.978983,0.763,1102.0
ראשון לציון,נאות שיקמה,"הרשב""א",8.0,1400000,120,4.5,4.0,2009,7,178949.77,653941.9,34.775879,31.977845,0.763,1102.0
ראשון לציון,נאות שיקמה,"הרשב""א",17.0,979000,65,3.0,6.0,2009,6,179149.73,654097.91,34.777988,31.979259,0.763,1102.0
ראשון לציון,נאות שיקמה,"הרשב""א",18.0,1227000,100,4.0,5.0,2009,6,179132.36,653984.43,34.777809,31.978235,0.763,1102.0
ראשון לציון,נאות שיקמה,"הרשב""א",8.0,950000,70,3.5,3.0,2009,6,178949.77,653941.9,34.775879,31.977845,0.763,1102.0
ראשון לציון,נאות שיקמה,"הרשב""א",8.0,1350000,110,4.5,9.0,2009,6,178949.77,653941.9,34.775879,31.977845,0.763,1102.0
ראשון לציון,נאות שיקמה,"הרשב""א",16.0,284000,70,3.0,10.0,2009,6,179095.57,653977.59,34.77742,31.978172,0.763,1102.0
ראשון לציון,נאות שיקמה,"הרשב""א",15.0,1262000,100,4.0,9.0,2009,5,179084.77,654114.02,34.7773,31.979402,0.763,1102.0
ראשון לציון,נאות שיקמה,"הרשב""א",19.0,1135000,82,4.0,7.0,2009,5,179181.56,654067.18,34.778326,31.978983,0.763,1102.0
ראשון לציון,נאות שיקמה,"הרשב""א",4.0,980000,69,3.0,3.0,2009,5,178861.31,653918.63,34.774944,31.977632,0.763,1102.0
ראשון לציון,נאות שיקמה,"הרשב""א",11.0,1140000,81,4.0,7.0,2009,4,179039.47,654060.31,34.776823,31.978916,0.763,1102.0
ראשון לציון,נאות שיקמה,"הרשב""א",20.0,1080000,82,4.0,8.0,2009,3,179166.37,654026.21,34.778167,31.978613,0.763,1102.0
ראשון לציון,נאות שיקמה,"הרשב""א",15.0,1400000,108,5.0,3.0,2009,3,179084.77,654114.02,34.7773,31.979402,0.763,1102.0
ראשון לציון,נאות שיקמה,"הרשב""א",16.0,1300000,97,4.0,3.0,2009,1,179095.57,653977.59,34.77742,31.978172,0.763,1102.0
ראשון לציון,נאות שיקמה,"הרשב""א",19.0,870000,65,3.0,3.0,2009,1,179181.56,654067.18,34.778326,31.978983,0.763,1102.0
ראשון לציון,נאות שיקמה,"הרשב""א",4.0,1000000,83,3.0,3.0,2008,11,178861.31,653918.63,34.774944,31.977632,0.763,1102.0
ראשון לציון,נאות שיקמה,"הרשב""א",4.0,1295000,94,4.0,9.0,2008,10,178861.31,653918.63,34.774944,31.977632,0.763,1102.0
ראשון לציון,נאות שיקמה,"הרשב""א",16.0,944000,70,3.0,10.0,2008,10,179095.57,653977.59,34.77742,31.978172,0.763,1102.0
ראשון לציון,נאות שיקמה,"הרשב""א",8.0,1034000,70,4.0,1.0,2008,9,178949.77,653941.9,34.775879,31.977845,0.763,1102.0
ראשון לציון,נאות שיקמה,"הרשב""א",20.0,930000,80,4.0,3.0,2008,9,179166.37,654026.21,34.778167,31.978613,0.763,1102.0
ראשון לציון,נאות שיקמה,"הרשב""א",18.0,930000,70,3.0,9.0,2008,8,179132.36,653984.43,34.777809,31.978235,0.763,1102.0
ראשון לציון,נאות שיקמה,"הרשב""א",16.0,1050000,97,4.0,3.0,2008,6,179095.57,653977.59,34.77742,31.978172,0.763,1102.0
ראשון לציון,נאות שיקמה,"הרשב""א",4.0,1677000,119,5.0,3.0,2008,5,178861.31,653918.63,34.774944,31.977632,0.763,1102.0
ראשון לציון,נאות שיקמה,"הרשב""א",2.0,1000000,82,4.0,3.0,2008,5,178828.84,653954.02,34.774599,31.97795,0.763,1102.0
ראשון לציון,נאות שיקמה,"הרשב""א",13.0,1180000,108,5.0,5.0,2008,4,179025.83,654126.23,34.776676,31.97951,0.763,1102.0
ראשון לציון,נאות שיקמה,"הרשב""א",2.0,750000,65,3.0,4.0,2008,1,178828.84,653954.02,34.774599,31.97795,0.763,1102.0
ראשון לציון,נאות שיקמה,"הרשב""א",17.0,740000,65,3.0,5.0,2008,1,179149.73,654097.91,34.777988,31.979259,0.763,1102.0
ראשון לציון,נאות שיקמה,"הרשב""א",18.0,801000,70,3.0,10.0,2008,1,179132.36,653984.43,34.777809,31.978235,0.763,1102.0
ראשון לציון,נאות שיקמה,"הרשב""א",10.0,1721000,124,6.0,11.0,2008,1,178989.79,653950.39,34.776302,31.977923,0.763,1102.0
ראשון לציון,נאות שיקמה,"הרשב""א",15.0,711000,70,4.0,1.0,2007,12,179084.77,654114.02,34.7773,31.979402,0.763,1102.0
ראשון לציון,נאות שיקמה,"הרשב""א",15.0,950000,125,5.0,5.0,2007,12,179084.77,654114.02,34.7773,31.979402,0.763,1102.0
ראשון לציון,נאות שיקמה,"הרשב""א",15.0,870000,75,4.0,3.0,2007,12,179084.77,654114.02,34.7773,31.979402,0.763,1102.0
ראשון לציון,נאות שיקמה,"הרשב""א",6.0,1098000,96,4.0,4.0,2007,12,178902.75,653930.55,34.775382,31.977741,0.763,1102.0
ראשון לציון,נאות שיקמה,"הרשב""א",6.0,820000,75,3.0,10.0,2007,11,178902.75,653930.55,34.775382,31.977741,0.763,1102.0
ראשון לציון,נאות שיקמה,"הרשב""א",16.0,1080000,100,4.0,7.0,2007,11,179095.57,653977.59,34.77742,31.978172,0.763,1102.0
ראשון לציון,נאות שיקמה,"הרשב""א",15.0,773000,70,3.5,3.0,2007,11,179084.77,654114.02,34.7773,31.979402,0.763,1102.0
ראשון לציון,נאות שיקמה,"הרשב""א",16.0,1250000,113,5.0,10.0,2007,10,179095.57,653977.59,34.77742,31.978172,0.763,1102.0
ראשון לציון,נאות שיקמה,"הרשב""א",15.0,833000,70,4.0,8.0,2007,10,179084.77,654114.02,34.7773,31.979402,0.763,1102.0
ראשון לציון,נאות שיקמה,"הרשב""א",20.0,813000,82,4.0,1.0,2007,10,179166.37,654026.21,34.778167,31.978613,0.763,1102.0
ראשון לציון,נאות שיקמה,"הרשב""א",8.0,1229000,106,4.0,8.0,2007,9,178949.77,653941.9,34.775879,31.977845,0.763,1102.0
ראשון לציון,נאות שיקמה,"הרשב""א",19.0,743000,81,4.0,6.0,2007,9,179181.56,654067.18,34.778326,31.978983,0.763,1102.0
ראשון לציון,נאות שיקמה,"הרשב""א",11.0,725000,65,3.0,7.0,2007,8,179039.47,654060.31,34.776823,31.978916,0.763,1102.0
ראשון לציון,נאות שיקמה,"הרשב""א",15.0,866000,100,4.0,1.0,2007,8,179084.77,654114.02,34.7773,31.979402,0.763,1102.0
ראשון לציון,נאות שיקמה,"הרשב""א",8.0,1232000,119,6.0,6.0,2007,8,178949.77,653941.9,34.775879,31.977845,0.763,1102.0
ראשון לציון,נאות שיקמה,"הרשב""א",20.0,679000,65,3.0,8.0,2007,6,179166.37,654026.21,34.778167,31.978613,0.763,1102.0
ראשון לציון,נאות שיקמה,"הרשב""א",16.0,791000,70,3.0,9.0,2007,6,179095.57,653977.59,34.77742,31.978172,0.763,1102.0
ראשון לציון,נאות שיקמה,"הרשב""א",19.0,721000,66,3.0,6.0,2007,5,179181.56,654067.18,34.778326,31.978983,0.763,1102.0
ראשון לציון,נאות שיקמה,"הרשב""א",2.0,652000,75,3.0,4.0,2007,3,178828.84,653954.02,34.774599,31.97795,0.763,1102.0
ראשון לציון,נאות שיקמה,"הרשב""א",20.0,723000,82,4.0,8.0,2007,3,179166.37,654026.21,34.778167,31.978613,0.763,1102.0
ראשון לציון,נאות שיקמה,"הרשב""א",13.0,1027000,125,5.0,7.0,2007,3,179025.83,654126.23,34.776676,31.97951,0.763,1102.0
ראשון לציון,נאות שיקמה,"הרשב""א",20.0,787000,81,4.0,3.0,2007,3,179166.37,654026.21,34.778167,31.978613,0.763,1102.0
ראשון לציון,נאות שיקמה,"הרשב""א",11.0,779000,82,4.0,4.0,2007,2,179039.47,654060.31,34.776823,31.978916,0.763,1102.0
ראשון לציון,נאות שיקמה,"הרשב""א",13.0,970000,108,5.0,1.0,2007,1,179025.83,654126.23,34.776676,31.97951,0.763,1102.0
ראשון לציון,נאות שיקמה,"הרשב""א",13.0,1103000,108,5.0,6.0,2006,9,179025.83,654126.23,34.776676,31.97951,0.763,1102.0
ראשון לציון,נאות שיקמה,"הרשב""א",19.0,798000,81,4.0,8.0,2006,9,179181.56,654067.18,34.778326,31.978983,0.763,1102.0
ראשון לציון,נאות שיקמה,"הרשב""א",8.0,724000,70,4.0,1.0,2006,8,178949.77,653941.9,34.775879,31.977845,0.763,1102.0
ראשון לציון,נאות שיקמה,"הרשב""א",11.0,827000,81,4.0,6.0,2006,3,179039.47,654060.31,34.776823,31.978916,0.763,1102.0
ראשון לציון,נאות שיקמה,"הרשב""א",10.0,1224000,119,6.0,4.0,2006,3,178989.79,653950.39,34.776302,31.977923,0.763,1102.0
ראשון לציון,נאות שיקמה,"הרשב""א",17.0,710000,64,3.0,7.0,2006,2,179149.73,654097.91,34.777988,31.979259,0.763,1102.0
ראשון לציון,נאות שיקמה,"הרשב""א",8.0,1213000,119,6.0,3.0,2005,12,178949.77,653941.9,34.775879,31.977845,0.763,1102.0
ראשון לציון,נאות שיקמה,"הרשב""א",15.0,987000,108,5.0,10.0,2005,8,179084.77,654114.02,34.7773,31.979402,0.763,1102.0
ראשון לציון,נאות שיקמה,"הרשב""א",20.0,703000,60,3.0,1.0,2005,8,179166.37,654026.21,34.778167,31.978613,0.763,1102.0
ראשון לציון,נאות שיקמה,"הרשב""א",20.0,690000,65,3.0,8.0,2005,8,179166.37,654026.21,34.778167,31.978613,0.763,1102.0
ראשון לציון,נאות שיקמה,"הרשב""א",18.0,758000,70,3.0,10.0,2005,8,179132.36,653984.43,34.777809,31.978235,0.763,1102.0
ראשון לציון,נאות שיקמה,"הרשב""א",20.0,823000,81,4.0,3.0,2005,7,179166.37,654026.21,34.778167,31.978613,0.763,1102.0
ראשון לציון,נאות שיקמה,"הרשב""א",10.0,1180000,119,6.0,6.0,2005,6,178989.79,653950.39,34.776302,31.977923,0.763,1102.0
ראשון לציון,נאות שיקמה,"הרשב""א",10.0,1146000,119,6.0,7.0,2005,5,178989.79,653950.39,34.776302,31.977923,0.763,1102.0
ראשון לציון,נאות שיקמה,"הרשב""א",6.0,1180000,112,5.0,7.0,2005,5,178902.75,653930.55,34.775382,31.977741,0.763,1102.0
ראשון לציון,נאות שיקמה,"הרשב""א",20.0,676000,63,3.0,7.0,2005,5,179166.37,654026.21,34.778167,31.978613,0.763,1102.0
ראשון לציון,נאות שיקמה,"הרשב""א",8.0,1156000,119,6.0,7.0,2005,5,178949.77,653941.9,34.775879,31.977845,0.763,1102.0
ראשון לציון,נאות שיקמה,"הרשב""א",13.0,780000,84,4.0,1.0,2005,5,179025.83,654126.23,34.776676,31.97951,0.763,1102.0
ראשון לציון,נאות שיקמה,"הרשב""א",20.0,678000,65,3.0,5.0,2005,4,179166.37,654026.21,34.778167,31.978613,0.763,1102.0
ראשון לציון,נאות שיקמה,"הרשב""א",2.0,677000,81,4.0,5.0,2005,4,178828.84,653954.02,34.774599,31.97795,0.763,1102.0
ראשון לציון,נאות שיקמה,"הרשב""א",15.0,892000,108,5.0,10.0,2005,4,179084.77,654114.02,34.7773,31.979402,0.763,1102.0
ראשון לציון,נאות שיקמה,"הרשב""א",15.0,986000,108,5.0,3.0,2005,1,179084.77,654114.02,34.7773,31.979402,0.763,1102.0
ראשון לציון,נאות שיקמה,"הרשב""א",15.0,962000,108,5.0,1.0,2005,1,179084.77,654114.02,34.7773,31.979402,0.763,1102.0
ראשון לציון,נאות שיקמה,"הרשב""א",13.0,942000,108,5.0,1.0,2005,1,179025.83,654126.23,34.776676,31.97951,0.763,1102.0
ראשון לציון,נאות שיקמה,"הרשב""א",8.0,685000,70,4.0,3.0,2004,12,178949.77,653941.9,34.775879,31.977845,0.763,1102.0
ראשון לציון,נאות שיקמה,"הרשב""א",13.0,773000,70,4.0,6.0,2004,12,179025.83,654126.23,34.776676,31.97951,0.763,1102.0
ראשון לציון,נאות שיקמה,"הרשב""א",15.0,840000,95,4.0,3.0,2004,12,179084.77,654114.02,34.7773,31.979402,0.763,1102.0
ראשון לציון,נאות שיקמה,"הרשב""א",11.0,679000,65,3.0,3.0,2004,11,179039.47,654060.31,34.776823,31.978916,0.763,1102.0
ראשון לציון,נאות שיקמה,"הרשב""א",10.0,709000,70,4.0,1.0,2004,11,178989.79,653950.39,34.776302,31.977923,0.763,1102.0
ראשון לציון,נאות שיקמה,"הרשב""א",8.0,1101000,106,4.0,9.0,2004,10,178949.77,653941.9,34.775879,31.977845,0.763,1102.0
ראשון לציון,נאות שיקמה,"הרשב""א",19.0,685000,65,3.0,3.0,2004,10,179181.56,654067.18,34.778326,31.978983,0.763,1102.0
ראשון לציון,נאות שיקמה,"הרשב""א",15.0,1004000,108,5.0,6.0,2004,9,179084.77,654114.02,34.7773,31.979402,0.763,1102.0
ראשון לציון,נאות שיקמה,"הרשב""א",15.0,1033000,108,5.0,7.0,2004,8,179084.77,654114.02,34.7773,31.979402,0.763,1102.0
ראשון לציון,נאות שיקמה,"הרשב""א",6.0,924000,112,4.0,1.0,2004,7,178902.75,653930.55,34.775382,31.977741,0.763,1102.0
ראשון לציון,נאות שיקמה,"הרשב""א",8.0,689000,70,4.0,1.0,2004,7,178949.77,653941.9,34.775879,31.977845,0.763,1102.0
ראשון לציון,נאות שיקמה,"הרשב""א",13.0,1028000,83,4.0,10.0,2004,7,179025.83,654126.23,34.776676,31.97951,0.763,1102.0
ראשון לציון,נאות שיקמה,"הרשב""א",15.0,1071000,108,5.0,8.0,2004,6,179084.77,654114.02,34.7773,31.979402,0.763,1102.0
ראשון לציון,נאות שיקמה,"הרשב""א",4.0,794000,69,3.0,3.0,2004,5,178861.31,653918.63,34.774944,31.977632,0.763,1102.0
ראשון לציון,נאות שיקמה,"הרשב""א",6.0,971000,96,4.0,3.0,2004,5,178902.75,653930.55,34.775382,31.977741,0.763,1102.0
ראשון לציון,נאות שיקמה,"הרשב""א",16.0,764000,70,3.0,8.0,2004,5,179095.57,653977.59,34.77742,31.978172,0.763,1102.0
ראשון לציון,נאות שיקמה,"הרשב""א",17.0,685000,65,3.0,6.0,2004,5,179149.73,654097.91,34.777988,31.979259,0.763,1102.0
ראשון לציון,נאות שיקמה,"הרשב""א",19.0,779000,82,4.0,1.0,2004,5,179181.56,654067.18,34.778326,31.978983,0.763,1102.0
ראשון לציון,נאות שיקמה,"הרשב""א",6.0,1013000,94,4.0,4.0,2004,4,178902.75,653930.55,34.775382,31.977741,0.763,1102.0
ראשון לציון,נאות שיקמה,"הרשב""א",6.0,1168000,113,5.0,4.0,2004,3,178902.75,653930.55,34.775382,31.977741,0.763,1102.0
ראשון לציון,נאות שיקמה,"הרשב""א",8.0,1143000,119,6.0,4.0,2004,2,178949.77,653941.9,34.775879,31.977845,0.763,1102.0
ראשון לציון,נאות שיקמה,"הרשב""א",4.0,1022000,94,4.0,9.0,2004,2,178861.31,653918.63,34.774944,31.977632,0.763,1102.0
ראשון לציון,נאות שיקמה,"הרשב""א",2.0,809000,82,4.0,3.0,2004,1,178828.84,653954.02,34.774599,31.97795,0.763,1102.0
חולון,קרית פנחס איילון,עוזי חיטמן,1.0,3040000,119,4.0,5.0,2024,10,179016.18,657012.21,34.776453,32.005535,0.421,921.9
חולון,קרית פנחס איילון,עוזי חיטמן,1.0,2400000,118,4.0,3.0,2020,4,179016.18,657012.21,34.776453,32.005535,0.421,921.9
חולון,קרית פנחס איילון,עוזי חיטמן,1.0,2550000,118,4.0,7.0,2020,2,179016.18,657012.21,34.776453,32.005535,0.421,921.9
חולון,קרית פנחס איילון,עוזי חיטמן,1.0,3300000,125,5.0,0.0,2019,6,179016.18,657012.21,34.776453,32.005535,0.421,921.9
חולון,קרית פנחס איילון,עוזי חיטמן,1.0,2830000,141,5.0,5.0,2018,10,179016.18,657012.21,34.776453,32.005535,0.421,921.9
חולון,קרית פנחס איילון,עוזי חיטמן,1.0,2200000,132,5.0,3.0,2017,10,179016.18,657012.21,34.776453,32.005535,0.421,921.9
חולון,קרית פנחס איילון,עוזי חיטמן,1.0,2060000,142,5.0,6.0,2012,11,179016.18,657012.21,34.776453,32.005535,0.421,921.9
חולון,קרית פנחס איילון,עוזי חיטמן,1.0,1910000,115,5.0,3.0,2012,9,179016.18,657012.21,34.776453,32.005535,0.421,921.9
חולון,קרית פנחס איילון,עוזי חיטמן,1.0,1760000,117,5.0,1.0,2011,3,179016.18,657012.21,34.776453,32.005535,0.421,921.9
חולון,קרית פנחס איילון,עוזי חיטמן,1.0,1819000,125,5.0,3.0,2011,1,179016.18,657012.21,34.776453,32.005535,0.421,921.9
חולון,קרית פנחס איילון,עוזי חיטמן,1.0,2125000,122,5.0,0.0,2010,9,179016.18,657012.21,34.776453,32.005535,0.421,921.9
חולון,קרית פנחס איילון,עוזי חיטמן,1.0,1710000,100,4.0,3.0,2010,8,179016.18,657012.21,34.776453,32.005535,0.421,921.9
חולון,קרית פנחס איילון,עוזי חיטמן,1.0,1780000,125,5.0,3.0,2010,8,179016.18,657012.21,34.776453,32.005535,0.421,921.9
חולון,קרית פנחס איילון,עוזי חיטמן,1.0,1710000,107,4.0,8.0,2010,7,179016.18,657012.21,34.776453,32.005535,0.421,921.9
חולון,קרית פנחס איילון,עוזי חיטמן,1.0,1780000,130,5.0,9.0,2010,7,179016.18,657012.21,34.776453,32.005535,0.421,921.9
חולון,קרית פנחס איילון,עוזי חיטמן,1.0,1750000,100,4.0,7.0,2010,7,179016.18,657012.21,34.776453,32.005535,0.421,921.9
חולון,קרית פנחס איילון,עוזי חיטמן,1.0,1750000,107,4.0,8.0,2010,7,179016.18,657012.21,34.776453,32.005535,0.421,921.9
חולון,קרית פנחס איילון,עוזי חיטמן,1.0,3290000,120,4.0,9.0,2010,6,179016.18,657012.21,34.776453,32.005535,0.421,921.9
חולון,קרית פנחס איילון,עוזי חיטמן,1.0,3290000,181,5.0,7.0,2010,6,179016.18,657012.21,34.776453,32.005535,0.421,921.9
חולון,קרית פנחס איילון,עוזי חיטמן,1.0,1970000,117,5.0,8.0,2010,6,179016.18,657012.21,34.776453,32.005535,0.421,921.9
חולון,קרית פנחס איילון,עוזי חיטמן,1.0,1970000,117,5.0,7.0,2010,6,179016.18,657012.21,34.776453,32.005535,0.421,921.9
חולון,קרית פנחס איילון,עוזי חיטמן,1.0,1900000,117,5.0,7.0,2010,6,179016.18,657012.21,34.776453,32.005535,0.421,921.9
חולון,קרית פנחס איילון,עוזי חיטמן,1.0,1875000,122,5.0,5.0,2010,6,179016.18,657012.21,34.776453,32.005535,0.421,921.9
חולון,קרית פנחס איילון,עוזי חיטמן,1.0,1875000,121,5.0,6.0,2010,6,179016.18,657012.21,34.776453,32.005535,0.421,921.9
חולון,קרית פנחס איילון,עוזי חיטמן,1.0,950000,117,5.0,7.0,2010,6,179016.18,657012.21,34.776453,32.005535,0.421,921.9
חולון,קרית פנחס איילון,עוזי חיטמן,1.0,885000,121,5.0,3.0,2010,6,179016.18,657012.21,34.776453,32.005535,0.421,921.9
חולון,קרית פנחס איילון,עוזי חיטמן,1.0,1765000,122,5.0,8.0,2010,6,179016.18,657012.21,34.776453,32.005535,0.421,921.9
חולון,קרית פנחס איילון,עוזי חיטמן,1.0,1765000,121,5.0,5.0,2010,6,179016.18,657012.21,34.776453,32.005535,0.421,921.9
חולון,קרית פנחס איילון,עוזי חיטמן,1.0,1770000,121,4.0,5.0,2010,6,179016.18,657012.21,34.776453,32.005535,0.421,921.9
חולון,קרית פנחס איילון,עוזי חיטמן,1.0,925000,121,5.0,7.0,2010,5,179016.18,657012.21,34.776453,32.005535,0.421,921.9
חולון,קרית פנחס איילון,עוזי חיטמן,1.0,1540000,172,6.0,9.0,2010,5,179016.18,657012.21,34.776453,32.005535,0.421,921.9
חולון,קרית פנחס איילון,עוזי חיטמן,1.0,1850000,121,5.0,4.0,2010,5,179016.18,657012.21,34.776453,32.005535,0.421,921.9
חולון,קרית פנחס איילון,עוזי חיטמן,1.0,3080000,172,6.0,4.0,2010,5,179016.18,657012.21,34.776453,32.005535,0.421,921.9
חולון,קרית פנחס איילון,עוזי חיטמן,1.0,1745000,130,5.0,6.0,2010,5,179016.18,657012.21,34.776453,32.005535,0.421,921.9
חולון,קרית פנחס איילון,עוזי חיטמן,1.0,775000,107,4.0,8.0,2010,5,179016.18,657012.21,34.776453,32.005535,0.421,921.9
חולון,קרית פנחס איילון,עוזי חיטמן,1.0,1745000,130,4.0,3.0,2010,5,179016.18,657012.21,34.776453,32.005535,0.421,921.9
חולון,קרית פנחס איילון,עוזי חיטמן,1.0,1550000,107,4.0,3.0,2010,5,179016.18,657012.21,34.776453,32.005535,0.421,921.9
חולון,קרית פנחס איילון,עוזי חיטמן,1.0,1633000,121,5.0,5.0,2010,5,179016.18,657012.21,34.776453,32.005535,0.421,921.9
חולון,קרית פנחס איילון,עוזי חיטמן,1.0,865000,117,5.0,5.0,2010,5,179016.18,657012.21,34.776453,32.005535,0.421,921.9
חולון,קרית פנחס איילון,עוזי חיטמן,1.0,1765000,117,5.0,3.0,2010,5,179016.18,657012.21,34.776453,32.005535,0.421,921.9
חולון,קרית פנחס איילון,עוזי חיטמן,1.0,1635000,121,5.0,4.0,2010,5,179016.18,657012.21,34.776453,32.005535,0.421,921.9
חולון,קרית פנחס איילון,עוזי חיטמן,1.0,1633000,121,5.0,3.0,2010,5,179016.18,657012.21,34.776453,32.005535,0.421,921.9
חולון,קרית פנחס איילון,עוזי חיטמן,1.0,1635000,121,5.0,0.0,2010,5,179016.18,657012.21,34.776453,32.005535,0.421,921.9
חולון,קרית פנחס איילון,עוזי חיטמן,1.0,2125000,126,5.0,1.0,2010,5,179016.18,657012.21,34.776453,32.005535,0.421,921.9
חולון,קרית פנחס איילון,עוזי חיטמן,1.0,1649000,110,4.0,5.0,2010,4,179016.18,657012.21,34.776453,32.005535,0.421,921.9
חולון,קרית פנחס איילון,עוזי חיטמן,4.0,2850000,101,4.0,7.0,2026,2,179024.01,656961.39,34.776538,32.005077,0.421,921.9
חולון,קרית פנחס איילון,עוזי חיטמן,4.0,3150000,122,5.0,4.0,2025,7,179024.01,656961.39,34.776538,32.005077,0.421,921.9
חולון,קרית פנחס איילון,עוזי חיטמן,3.0,3000000,92,4.0,3.0,2025,4,179047.21,657023.4,34.776781,32.005637,0.421,921.9
חולון,קרית פנחס איילון,עוזי חיטמן,3.0,3200000,109,5.0,7.0,2023,11,179047.21,657023.4,34.776781,32.005637,0.421,921.9
חולון,קרית פנחס איילון,עוזי חיטמן,4.0,3180000,107,4.0,3.0,2022,6,179024.01,656961.39,34.776538,32.005077,0.421,921.9
חולון,קרית פנחס איילון,עוזי חיטמן,4.0,3450000,122,5.0,3.0,2022,6,179024.01,656961.39,34.776538,32.005077,0.421,921.9
חולון,קרית פנחס איילון,עוזי חיטמן,5.0,4000000,146,5.0,3.0,2022,2,179071.85,657039.6,34.777041,32.005784,0.421,921.9
חולון,קרית פנחס איילון,עוזי חיטמן,5.0,2625000,87,4.0,6.0,2021,10,179071.85,657039.6,34.777041,32.005784,0.421,921.9
חולון,קרית פנחס איילון,עוזי חיטמן,4.0,2420000,104,4.0,5.0,2021,6,179024.01,656961.39,34.776538,32.005077,0.421,921.9
חולון,קרית פנחס איילון,עוזי חיטמן,4.0,2600000,125,5.0,4.0,2020,11,179024.01,656961.39,34.776538,32.005077,0.421,921.9
חולון,קרית פנחס איילון,עוזי חיטמן,3.0,2325000,113,5.0,7.0,2020,7,179047.21,657023.4,34.776781,32.005637,0.421,921.9
חולון,קרית פנחס איילון,עוזי חיטמן,4.0,2480000,101,4.0,7.0,2019,8,179024.01,656961.39,34.776538,32.005077,0.421,921.9
חולון,קרית פנחס איילון,עוזי חיטמן,3.0,2300000,91,4.0,3.0,2019,6,179047.21,657023.4,34.776781,32.005637,0.421,921.9
חולון,קרית פנחס איילון,עוזי חיטמן,5.0,2150000,91,4.0,4.0,2018,3,179071.85,657039.6,34.777041,32.005784,0.421,921.9
חולון,קרית פנחס איילון,עוזי חיטמן,3.0,2800000,138,5.0,3.0,2017,5,179047.21,657023.4,34.776781,32.005637,0.421,921.9
חולון,קרית פנחס איילון,עוזי חיטמן,3.0,2380000,109,5.0,5.0,2017,3,179047.21,657023.4,34.776781,32.005637,0.421,921.9
חולון,קרית פנחס איילון,עוזי חיטמן,3.0,3899000,130,5.0,9.0,2016,8,179047.21,657023.4,34.776781,32.005637,0.421,921.9
חולון,קרית פנחס איילון,עוזי חיטמן,3.0,2400000,114,5.0,8.0,2016,6,179047.21,657023.4,34.776781,32.005637,0.421,921.9
חולון,קרית פנחס איילון,עוזי חיטמן,5.0,1860000,91,4.0,1.0,2016,1,179071.85,657039.6,34.777041,32.005784,0.421,921.9
חולון,קרית פנחס איילון,עוזי חיטמן,4.0,2000000,120,5.0,3.0,2014,9,179024.01,656961.39,34.776538,32.005077,0.421,921.9
חולון,קרית פנחס איילון,עוזי חיטמן,4.0,2700000,130,5.0,0.0,2014,9,179024.01,656961.39,34.776538,32.005077,0.421,921.9
חולון,קרית פנחס איילון,עוזי חיטמן,4.0,1920000,125,5.0,3.0,2014,8,179024.01,656961.39,34.776538,32.005077,0.421,921.9
חולון,קרית פנחס איילון,עוזי חיטמן,4.0,1994000,120,5.0,1.0,2014,4,179024.01,656961.39,34.776538,32.005077,0.421,921.9
חולון,קרית פנחס איילון,עוזי חיטמן,5.0,1670000,91,4.0,4.0,2014,2,179071.85,657039.6,34.777041,32.005784,0.421,921.9
חולון,קרית פנחס איילון,עוזי חיטמן,4.0,2425000,125,5.0,8.0,2013,11,179024.01,656961.39,34.776538,32.005077,0.421,921.9
חולון,קרית פנחס איילון,עוזי חיטמן,4.0,2425000,130,7.0,3.0,2013,11,179024.01,656961.39,34.776538,32.005077,0.421,921.9
חולון,קרית פנחס איילון,עוזי חיטמן,4.0,1680000,100,4.0,4.0,2013,8,179024.01,656961.39,34.776538,32.005077,0.421,921.9
חולון,קרית פנחס איילון,עוזי חיטמן,4.0,2440000,125,5.0,9.0,2013,8,179024.01,656961.39,34.776538,32.005077,0.421,921.9
חולון,קרית פנחס איילון,עוזי חיטמן,4.0,2440000,130,4.0,9.0,2013,8,179024.01,656961.39,34.776538,32.005077,0.421,921.9
חולון,קרית פנחס איילון,עוזי חיטמן,3.0,1940000,111,5.0,6.0,2013,7,179047.21,657023.4,34.776781,32.005637,0.421,921.9
חולון,קרית פנחס איילון,עוזי חיטמן,4.0,1690000,100,4.0,5.0,2013,5,179024.01,656961.39,34.776538,32.005077,0.421,921.9
חולון,קרית פנחס איילון,עוזי חיטמן,4.0,3200000,175,7.0,3.0,2013,2,179024.01,656961.39,34.776538,32.005077,0.421,921.9
חולון,קרית פנחס איילון,עוזי חיטמן,4.0,3200000,175,5.0,9.0,2013,2,179024.01,656961.39,34.776538,32.005077,0.421,921.9
חולון,קרית פנחס איילון,עוזי חיטמן,4.0,1759000,100,4.0,8.0,2013,2,179024.01,656961.39,34.776538,32.005077,0.421,921.9
חולון,קרית פנחס איילון,עוזי חיטמן,4.0,1760000,102,4.0,8.0,2013,2,179024.01,656961.39,34.776538,32.005077,0.421,921.9
חולון,קרית פנחס איילון,עוזי חיטמן,4.0,1719000,100,4.0,3.0,2013,2,179024.01,656961.39,34.776538,32.005077,0.421,921.9
חולון,קרית פנחס איילון,עוזי חיטמן,4.0,1720000,102,5.0,8.0,2013,2,179024.01,656961.39,34.776538,32.005077,0.421,921.9
חולון,קרית פנחס איילון,עוזי חיטמן,4.0,3300000,140,7.0,3.0,2013,1,179024.01,656961.39,34.776538,32.005077,0.421,921.9
חולון,קרית פנחס איילון,עוזי חיטמן,4.0,3300000,170,4.0,7.0,2013,1,179024.01,656961.39,34.776538,32.005077,0.421,921.9
חולון,קרית פנחס איילון,עוזי חיטמן,4.0,2412000,120,5.0,8.0,2013,1,179024.01,656961.39,34.776538,32.005077,0.421,921.9
חולון,קרית פנחס איילון,עוזי חיטמן,4.0,2412000,131,5.0,7.0,2013,1,179024.01,656961.39,34.776538,32.005077,0.421,921.9
חולון,קרית פנחס איילון,עוזי חיטמן,3.0,1830000,97,4.0,3.0,2012,12,179047.21,657023.4,34.776781,32.005637,0.421,921.9
חולון,קרית פנחס איילון,עוזי חיטמן,4.0,1700000,100,4.0,6.0,2012,10,179024.01,656961.39,34.776538,32.005077,0.421,921.9
חולון,קרית פנחס איילון,עוזי חיטמן,4.0,1710000,100,4.0,7.0,2012,10,179024.01,656961.39,34.776538,32.005077,0.421,921.9
חולון,קרית פנחס איילון,עוזי חיטמן,4.0,1710000,102,4.0,6.0,2012,10,179024.01,656961.39,34.776538,32.005077,0.421,921.9
חולון,קרית פנחס איילון,עוזי חיטמן,4.0,1700000,102,4.0,6.0,2012,10,179024.01,656961.39,34.776538,32.005077,0.421,921.9
חולון,קרית פנחס איילון,עוזי חיטמן,3.0,2600000,138,5.0,3.0,2012,9,179047.21,657023.4,34.776781,32.005637,0.421,921.9
חולון,קרית פנחס איילון,עוזי חיטמן,4.0,1710000,100,4.0,3.0,2012,9,179024.01,656961.39,34.776538,32.005077,0.421,921.9
חולון,קרית פנחס איילון,עוזי חיטמן,4.0,1710000,102,4.0,5.0,2012,9,179024.01,656961.39,34.776538,32.005077,0.421,921.9
חולון,קרית פנחס איילון,עוזי חיטמן,4.0,1700000,100,4.0,6.0,2012,8,179024.01,656961.39,34.776538,32.005077,0.421,921.9
חולון,קרית פנחס איילון,עוזי חיטמן,4.0,1700000,102,4.0,5.0,2012,8,179024.01,656961.39,34.776538,32.005077,0.421,921.9
חולון,קרית פנחס איילון,עוזי חיטמן,3.0,1825000,111,5.0,6.0,2012,8,179047.21,657023.4,34.776781,32.005637,0.421,921.9
חולון,קרית פנחס איילון,עוזי חיטמן,4.0,1845000,120,5.0,3.0,2012,7,179024.01,656961.39,34.776538,32.005077,0.421,921.9
חולון,קרית פנחס איילון,עוזי חיטמן,4.0,1845000,120,4.0,4.0,2012,7,179024.01,656961.39,34.776538,32.005077,0.421,921.9
חולון,קרית פנחס איילון,עוזי חיטמן,4.0,3357000,130,7.0,3.0,2012,7,179024.01,656961.39,34.776538,32.005077,0.421,921.9
חולון,קרית פנחס איילון,עוזי חיטמן,4.0,3357400,170,7.0,4.0,2012,7,179024.01,656961.39,34.776538,32.005077,0.421,921.9
חולון,קרית פנחס איילון,עוזי חיטמן,4.0,1645000,120,4.0,4.0,2012,7,179024.01,656961.39,34.776538,32.005077,0.421,921.9
חולון,קרית פנחס איילון,עוזי חיטמן,4.0,1690000,100,4.0,5.0,2012,6,179024.01,656961.39,34.776538,32.005077,0.421,921.9
חולון,קרית פנחס איילון,עוזי חיטמן,4.0,1690000,115,4.0,3.0,2012,6,179024.01,656961.39,34.776538,32.005077,0.421,921.9
חולון,קרית פנחס איילון,עוזי חיטמן,3.0,1850000,109,5.0,7.0,2012,5,179047.21,657023.4,34.776781,32.005637,0.421,921.9
חולון,קרית פנחס איילון,עוזי חיטמן,4.0,2500000,120,5.0,0.0,2012,5,179024.01,656961.39,34.776538,32.005077,0.421,921.9
חולון,קרית פנחס איילון,עוזי חיטמן,4.0,2500500,129,4.0,3.0,2012,5,179024.01,656961.39,34.776538,32.005077,0.421,921.9
חולון,קרית פנחס איילון,עוזי חיטמן,3.0,1845000,109,5.0,7.0,2012,4,179047.21,657023.4,34.776781,32.005637,0.421,921.9
חולון,קרית פנחס איילון,עוזי חיטמן,4.0,3200000,150,7.0,3.0,2012,4,179024.01,656961.39,34.776538,32.005077,0.421,921.9
חולון,קרית פנחס איילון,עוזי חיטמן,4.0,1690000,100,4.0,7.0,2012,3,179024.01,656961.39,34.776538,32.005077,0.421,921.9
חולון,קרית פנחס איילון,עוזי חיטמן,4.0,1690000,102,4.0,3.0,2012,3,179024.01,656961.39,34.776538,32.005077,0.421,921.9
חולון,קרית פנחס איילון,עוזי חיטמן,4.0,2217000,121,5.0,6.0,2012,2,179024.01,656961.39,34.776538,32.005077,0.421,921.9
חולון,קרית פנחס איילון,עוזי חיטמן,4.0,2450000,130,5.0,0.0,2012,2,179024.01,656961.39,34.776538,32.005077,0.421,921.9
חולון,קרית פנחס איילון,עוזי חיטמן,4.0,2180000,120,5.0,0.0,2012,2,179024.01,656961.39,34.776538,32.005077,0.421,921.9
חולון,קרית פנחס איילון,עוזי חיטמן,3.0,1749000,111,5.0,5.0,2011,1,179047.21,657023.4,34.776781,32.005637,0.421,921.9
חולון,קרית פנחס איילון,עוזי חיטמן,3.0,1700000,120,5.0,3.0,2010,10,179047.21,657023.4,34.776781,32.005637,0.421,921.9
חולון,קרית פנחס איילון,עוזי חיטמן,5.0,1310000,100,4.0,4.0,2009,1,179071.85,657039.6,34.777041,32.005784,0.421,921.9
חולון,קרית פנחס איילון,עוזי חיטמן,3.0,1250000,130,5.0,8.0,2008,11,179047.21,657023.4,34.776781,32.005637,0.421,921.9
חולון,קרית פנחס איילון,עוזי חיטמן,3.0,1430000,130,5.0,3.0,2008,7,179047.21,657023.4,34.776781,32.005637,0.421,921.9
חולון,קרית פנחס איילון,עוזי חיטמן,5.0,1080000,100,4.0,3.0,2007,9,179071.85,657039.6,34.777041,32.005784,0.421,921.9
חולון,קרית פנחס איילון,עוזי חיטמן,3.0,1320000,130,5.0,6.0,2007,8,179047.21,657023.4,34.776781,32.005637,0.421,921.9
חולון,קרית פנחס איילון,עוזי חיטמן,5.0,1055000,120,4.0,1.0,2007,8,179071.85,657039.6,34.777041,32.005784,0.421,921.9
חולון,קרית פנחס איילון,עוזי חיטמן,5.0,1055000,120,4.0,1.0,2007,8,179071.85,657039.6,34.777041,32.005784,0.421,921.9
חולון,קרית פנחס איילון,עוזי חיטמן,5.0,1680000,130,5.0,8.0,2007,7,179071.85,657039.6,34.777041,32.005784,0.421,921.9
חולון,קרית פנחס איילון,עוזי חיטמן,5.0,1700000,130,5.0,8.0,2007,7,179071.85,657039.6,34.777041,32.005784,0.421,921.9
חולון,קרית פנחס איילון,עוזי חיטמן,5.0,1068000,95,4.0,3.0,2007,6,179071.85,657039.6,34.777041,32.005784,0.421,921.9
חולון,קרית פנחס איילון,עוזי חיטמן,5.0,1090000,120,4.0,6.0,2007,6,179071.85,657039.6,34.777041,32.005784,0.421,921.9
חולון,קרית פנחס איילון,עוזי חיטמן,5.0,1100000,100,4.0,7.0,2007,6,179071.85,657039.6,34.777041,32.005784,0.421,921.9
חולון,קרית פנחס איילון,עוזי חיטמן,5.0,1057000,90,4.0,3.0,2007,5,179071.85,657039.6,34.777041,32.005784,0.421,921.9
חולון,קרית פנחס איילון,עוזי חיטמן,5.0,1070000,120,4.0,4.0,2007,5,179071.85,657039.6,34.777041,32.005784,0.421,921.9
חולון,קרית פנחס איילון,עוזי חיטמן,5.0,1040000,120,4.0,7.0,2007,5,179071.85,657039.6,34.777041,32.005784,0.421,921.9
חולון,קרית פנחס איילון,עוזי חיטמן,3.0,1297000,130,5.0,6.0,2007,4,179047.21,657023.4,34.776781,32.005637,0.421,921.9
חולון,קרית פנחס איילון,עוזי חיטמן,5.0,1065000,120,4.0,5.0,2007,3,179071.85,657039.6,34.777041,32.005784,0.421,921.9
חולון,קרית פנחס איילון,עוזי חיטמן,5.0,1050000,120,4.0,3.0,2006,10,179071.85,657039.6,34.777041,32.005784,0.421,921.9
חולון,קרית פנחס איילון,עוזי חיטמן,5.0,1075000,120,4.0,6.0,2006,10,179071.85,657039.6,34.777041,32.005784,0.421,921.9
חולון,קרית פנחס איילון,עוזי חיטמן,5.0,1284000,130,5.0,7.0,2006,7,179071.85,657039.6,34.777041,32.005784,0.421,921.9
חולון,קרית פנחס איילון,עוזי חיטמן,5.0,1510000,130,5.0,3.0,2006,6,179071.85,657039.6,34.777041,32.005784,0.421,921.9
חולון,קרית פנחס איילון,עוזי חיטמן,5.0,1333000,125,5.0,4.0,2006,6,179071.85,657039.6,34.777041,32.005784,0.421,921.9
חולון,קרית פנחס איילון,עוזי חיטמן,5.0,1290000,125,5.0,6.0,2006,5,179071.85,657039.6,34.777041,32.005784,0.421,921.9
חולון,קרית פנחס איילון,עוזי חיטמן,5.0,1042000,100,4.0,5.0,2006,4,179071.85,657039.6,34.777041,32.005784,0.421,921.9
חולון,קרית פנחס איילון,עוזי חיטמן,5.0,2306000,125,5.0,3.0,2006,4,179071.85,657039.6,34.777041,32.005784,0.421,921.9
חולון,קרית פנחס איילון,עוזי חיטמן,5.0,1535000,125,5.0,3.0,2006,4,179071.85,657039.6,34.777041,32.005784,0.421,921.9
חולון,קרית פנחס איילון,עוזי חיטמן,5.0,1538000,130,5.0,3.0,2006,2,179071.85,657039.6,34.777041,32.005784,0.421,921.9
חולון,קרית עבודה,נס ציונה,6.0,1730000,63,2.5,3.0,2024,4,179012.9,658500.28,34.776356,32.018954,0.421,921.9
חולון,קרית עבודה,נס ציונה,6.0,1320000,49,2.5,3.0,2015,8,179012.9,658500.28,34.776356,32.018954,0.421,921.9
חולון,קרית עבודה,נס ציונה,6.0,972000,49,2.5,3.0,2012,5,179012.9,658500.28,34.776356,32.018954,0.421,921.9
חולון,קרית עבודה,נס ציונה,6.0,1010000,53,2.5,3.0,2010,10,179012.9,658500.28,34.776356,32.018954,0.421,921.9
חולון,קרית עבודה,נס ציונה,6.0,1000000,49,2.0,1.0,2010,6,179012.9,658500.28,34.776356,32.018954,0.421,921.9
חולון,קרית עבודה,נס ציונה,6.0,700000,52,2.5,1.0,2009,9,179012.9,658500.28,34.776356,32.018954,0.421,921.9
חולון,קרית עבודה,נס ציונה,6.0,760000,49,2.5,1.0,2008,9,179012.9,658500.28,34.776356,32.018954,0.421,921.9
חולון,קרית עבודה,נס ציונה,6.0,740000,53,2.5,4.0,2008,8,179012.9,658500.28,34.776356,32.018954,0.421,921.9
חולון,קרית עבודה,נס ציונה,6.0,1320000,125,5.0,15.0,2007,8,179012.9,658500.28,34.776356,32.018954,0.421,921.9
חולון,קרית עבודה,נס ציונה,6.0,610000,62,2.0,3.0,2003,7,179012.9,658500.28,34.776356,32.018954,0.421,921.9
חולון,קרית עבודה,נס ציונה,3.0,1580000,59,2.5,1.0,2025,12,179055.87,658519.18,34.77681,32.019126,0.421,921.9
חולון,קרית עבודה,נס ציונה,5.0,1450000,40,2.0,4.0,2025,12,179052.49,658499.79,34.776775,32.018951,0.421,921.9
חולון,קרית עבודה,נס ציונה,8.0,1845000,64,2.0,3.0,2025,7,179011.9,658485.76,34.776346,32.018823,0.421,921.9
חולון,קרית עבודה,נס ציונה,5.0,1950000,75,3.0,1.0,2024,8,179052.49,658499.79,34.776775,32.018951,0.421,921.9
חולון,קרית עבודה,נס ציונה,5.0,1920000,74,3.0,3.0,2024,7,179052.49,658499.79,34.776775,32.018951,0.421,921.9
חולון,קרית עבודה,נס ציונה,8.0,1825000,65,2.5,3.0,2022,7,179011.9,658485.76,34.776346,32.018823,0.421,921.9
חולון,קרית עבודה,נס ציונה,12.0,2035000,68,4.0,3.0,2022,4,179010.07,658451.72,34.776328,32.018516,0.421,921.9
חולון,קרית עבודה,נס ציונה,1.0,1645000,62,2.0,1.0,2022,3,179053.67,658535.82,34.776786,32.019276,0.421,921.9
חולון,קרית עבודה,נס ציונה,5.0,1150000,40,2.0,4.0,2021,12,179052.49,658499.79,34.776775,32.018951,0.421,921.9
חולון,קרית עבודה,נס ציונה,5.0,1680000,75,3.0,1.0,2021,11,179052.49,658499.79,34.776775,32.018951,0.421,921.9
חולון,קרית עבודה,נס ציונה,8.0,1300000,65,2.0,3.0,2020,8,179011.9,658485.76,34.776346,32.018823,0.421,921.9
חולון,קרית עבודה,נס ציונה,5.0,1520000,61,3.0,3.0,2020,7,179052.49,658499.79,34.776775,32.018951,0.421,921.9
חולון,קרית עבודה,נס ציונה,10.0,1850000,75,4.0,1.0,2020,2,179010.07,658451.72,34.776328,32.018516,0.421,921.9
חולון,קרית עבודה,נס ציונה,10.0,1585000,81,3.5,1.0,2020,1,179010.07,658451.72,34.776328,32.018516,0.421,921.9
חולון,קרית עבודה,נס ציונה,1.0,1449400,62,3.0,3.0,2019,12,179053.67,658535.82,34.776786,32.019276,0.421,921.9
חולון,קרית עבודה,נס ציונה,8.0,1410000,65,2.5,3.0,2019,12,179011.9,658485.76,34.776346,32.018823,0.421,921.9
חולון,קרית עבודה,נס ציונה,3.0,1250000,64,2.5,3.0,2019,7,179055.87,658519.18,34.77681,32.019126,0.421,921.9
חולון,קרית עבודה,נס ציונה,10.0,1820000,68,4.0,1.0,2019,6,179010.07,658451.72,34.776328,32.018516,0.421,921.9
חולון,קרית עבודה,נס ציונה,3.0,1260000,53,3.0,3.0,2019,5,179055.87,658519.18,34.77681,32.019126,0.421,921.9
חולון,קרית עבודה,נס ציונה,5.0,1400000,75,3.0,3.0,2019,3,179052.49,658499.79,34.776775,32.018951,0.421,921.9
חולון,קרית עבודה,נס ציונה,8.0,1300000,54,2.5,3.0,2019,1,179011.9,658485.76,34.776346,32.018823,0.421,921.9
חולון,קרית עבודה,נס ציונה,5.0,1430000,63,3.0,1.0,2016,12,179052.49,658499.79,34.776775,32.018951,0.421,921.9
חולון,קרית עבודה,נס ציונה,8.0,1420000,67,3.0,3.0,2016,9,179011.9,658485.76,34.776346,32.018823,0.421,921.9
חולון,קרית עבודה,נס ציונה,1.0,1234000,54,2.0,3.0,2016,8,179053.67,658535.82,34.776786,32.019276,0.421,921.9
חולון,קרית עבודה,נס ציונה,10.0,1465000,75,4.0,1.0,2015,9,179010.07,658451.72,34.776328,32.018516,0.421,921.9
חולון,קרית עבודה,נס ציונה,12.0,700000,65,4.0,1.0,2015,5,179010.07,658451.72,34.776328,32.018516,0.421,921.9
חולון,קרית עבודה,נס ציונה,1.0,1205000,55,3.0,3.0,2014,9,179053.67,658535.82,34.776786,32.019276,0.421,921.9
חולון,קרית עבודה,נס ציונה,5.0,925000,61,3.0,3.0,2013,12,179052.49,658499.79,34.776775,32.018951,0.421,921.9
חולון,קרית עבודה,נס ציונה,3.0,1200000,56,3.0,1.0,2013,8,179055.87,658519.18,34.77681,32.019126,0.421,921.9
חולון,קרית עבודה,נס ציונה,3.0,857000,65,3.0,4.0,2013,5,179055.87,658519.18,34.77681,32.019126,0.421,921.9
חולון,קרית עבודה,נס ציונה,5.0,750000,39,1.5,3.0,2013,1,179052.49,658499.79,34.776775,32.018951,0.421,921.9
חולון,קרית עבודה,נס ציונה,10.0,1232000,68,4.0,1.0,2012,10,179010.07,658451.72,34.776328,32.018516,0.421,921.9
חולון,קרית עבודה,נס ציונה,8.0,500000,54,2.5,3.0,2012,2,179011.9,658485.76,34.776346,32.018823,0.421,921.9
חולון,קרית עבודה,נס ציונה,3.0,960000,53,3.0,3.0,2010,8,179055.87,658519.18,34.77681,32.019126,0.421,921.9
חולון,קרית עבודה,נס ציונה,10.0,1260000,120,4.0,4.0,2010,7,179010.07,658451.72,34.776328,32.018516,0.421,921.9
חולון,קרית עבודה,נס ציונה,12.0,1482000,75,4.5,4.0,2010,6,179010.07,658451.72,34.776328,32.018516,0.421,921.9
חולון,קרית עבודה,נס ציונה,12.0,120000,54,3.0,3.0,2009,7,179010.07,658451.72,34.776328,32.018516,0.421,921.9
חולון,קרית עבודה,נס ציונה,4.0,1740000,172,5.0,5.0,2009,3,179016.86,658520.22,34.776397,32.019134,0.421,921.9
חולון,קרית עבודה,נס ציונה,3.0,630000,53,3.0,4.0,2009,1,179055.87,658519.18,34.77681,32.019126,0.421,921.9
חולון,קרית עבודה,נס ציונה,8.0,725000,54,2.0,4.0,2008,12,179011.9,658485.76,34.776346,32.018823,0.421,921.9
חולון,קרית עבודה,נס ציונה,8.0,900000,54,2.0,4.0,2008,10,179011.9,658485.76,34.776346,32.018823,0.421,921.9
חולון,קרית עבודה,נס ציונה,12.0,910000,68,4.0,3.0,2008,4,179010.07,658451.72,34.776328,32.018516,0.421,921.9
חולון,קרית עבודה,נס ציונה,5.0,618000,65,3.0,3.0,2007,10,179052.49,658499.79,34.776775,32.018951,0.421,921.9
חולון,קרית עבודה,נס ציונה,1.0,636000,51,2.0,3.0,2006,8,179053.67,658535.82,34.776786,32.019276,0.421,921.9
חולון,קרית עבודה,נס ציונה,1.0,678000,51,2.0,3.0,2006,2,179053.67,658535.82,34.776786,32.019276,0.421,921.9
חולון,קרית עבודה,נס ציונה,8.0,620000,54,2.0,4.0,2006,1,179011.9,658485.76,34.776346,32.018823,0.421,921.9
חולון,קרית עבודה,נס ציונה,3.0,428000,53,3.0,4.0,2005,7,179055.87,658519.18,34.77681,32.019126,0.421,921.9
חולון,קרית עבודה,נס ציונה,10.0,667000,87,4.0,3.0,2005,3,179010.07,658451.72,34.776328,32.018516,0.421,921.9
חולון,קרית עבודה,נס ציונה,4.0,907000,119,4.5,3.0,2004,8,179016.86,658520.22,34.776397,32.019134,0.421,921.9
חולון,אגרובנק,שנקר,40.0,1715000,92,3.5,3.0,2025,12,178985.43,659006.05,34.776044,32.023514,0.421,921.9
חולון,אגרובנק,שנקר,42.0,2000000,88,3.5,4.0,2024,2,178985.43,659006.05,34.776044,32.023514,0.421,921.9
חולון,אגרובנק,שנקר,42.0,1945000,81,4.0,6.0,2022,5,178985.43,659006.05,34.776044,32.023514,0.421,921.9
חולון,אגרובנק,שנקר,42.0,1000000,85,4.0,5.0,2022,4,178985.43,659006.05,34.776044,32.023514,0.421,921.9
חולון,אגרובנק,שנקר,42.0,1780000,95,4.0,1.0,2021,11,178985.43,659006.05,34.776044,32.023514,0.421,921.9
חולון,אגרובנק,שנקר,42.0,1137000,70,3.0,5.0,2021,8,178985.43,659006.05,34.776044,32.023514,0.421,921.9
חולון,אגרובנק,שנקר,42.0,1630000,75,3.0,8.0,2021,7,178985.43,659006.05,34.776044,32.023514,0.421,921.9
חולון,אגרובנק,שנקר,40.0,1870000,92,4.0,4.0,2021,2,178985.43,659006.05,34.776044,32.023514,0.421,921.9
חולון,אגרובנק,שנקר,42.0,1690000,97,4.0,8.0,2020,12,178985.43,659006.05,34.776044,32.023514,0.421,921.9
חולון,אגרובנק,שנקר,40.0,300000,97,4.0,4.0,2020,9,178985.43,659006.05,34.776044,32.023514,0.421,921.9
חולון,אגרובנק,שנקר,40.0,300000,97,4.0,4.0,2020,9,178985.43,659006.05,34.776044,32.023514,0.421,921.9
חולון,אגרובנק,שנקר,42.0,1510000,95,3.5,8.0,2018,7,178985.43,659006.05,34.776044,32.023514,0.421,921.9
חולון,אגרובנק,שנקר,40.0,1680000,79,4.0,8.0,2018,1,178985.43,659006.05,34.776044,32.023514,0.421,921.9
חולון,אגרובנק,שנקר,42.0,1800000,80,3.5,5.0,2017,7,178985.43,659006.05,34.776044,32.023514,0.421,921.9
חולון,אגרובנק,שנקר,40.0,1600000,92,3.5,4.0,2017,5,178985.43,659006.05,34.776044,32.023514,0.421,921.9
חולון,אגרובנק,שנקר,42.0,284000,80,4.0,6.0,2016,11,178985.43,659006.05,34.776044,32.023514,0.421,921.9
חולון,אגרובנק,שנקר,40.0,715000,95,4.0,3.0,2016,7,178985.43,659006.05,34.776044,32.023514,0.421,921.9
חולון,אגרובנק,שנקר,40.0,649000,64,3.0,8.0,2015,12,178985.43,659006.05,34.776044,32.023514,0.421,921.9
חולון,אגרובנק,שנקר,42.0,1450000,65,3.0,8.0,2015,10,178985.43,659006.05,34.776044,32.023514,0.421,921.9
חולון,אגרובנק,שנקר,40.0,342000,80,4.0,5.0,2015,2,178985.43,659006.05,34.776044,32.023514,0.421,921.9
חולון,אגרובנק,שנקר,40.0,1235000,79,4.0,3.0,2013,11,178985.43,659006.05,34.776044,32.023514,0.421,921.9
חולון,אגרובנק,שנקר,42.0,1250000,79,3.5,4.0,2013,11,178985.43,659006.05,34.776044,32.023514,0.421,921.9
חולון,אגרובנק,שנקר,42.0,1600000,85,3.5,5.0,2012,12,178985.43,659006.05,34.776044,32.023514,0.421,921.9
חולון,אגרובנק,שנקר,42.0,330000,80,3.5,1.0,2011,8,178985.43,659006.05,34.776044,32.023514,0.421,921.9
חולון,אגרובנק,שנקר,42.0,300000,64,3.0,3.0,2010,12,178985.43,659006.05,34.776044,32.023514,0.421,921.9
חולון,אגרובנק,שנקר,42.0,1175000,65,3.0,8.0,2009,12,178985.43,659006.05,34.776044,32.023514,0.421,921.9
חולון,אגרובנק,שנקר,42.0,960000,80,4.0,5.0,2008,2,178985.43,659006.05,34.776044,32.023514,0.421,921.9
חולון,אגרובנק,שנקר,42.0,651000,85,4.0,3.0,2006,11,178985.43,659006.05,34.776044,32.023514,0.421,921.9
חולון,אגרובנק,שנקר,40.0,891000,85,4.0,3.0,2006,2,178985.43,659006.05,34.776044,32.023514,0.421,921.9
חולון,אגרובנק,שנקר,8.0,1850000,66,3.0,3.0,2026,1,179039.37,659434.21,34.776597,32.027377,0.421,921.9
חולון,אגרובנק,שנקר,10.0,1956000,50,2.0,1.0,2025,11,179019.41,659380.07,34.776388,32.026888,0.421,921.9
חולון,אגרובנק,שנקר,43.0,1825000,65,3.0,1.0,2025,11,179036.79,658972.8,34.776589,32.023216,0.421,921.9
חולון,אגרובנק,שנקר,10.0,1978000,50,2.0,1.0,2025,11,179019.41,659380.07,34.776388,32.026888,0.421,921.9
חולון,אגרובנק,שנקר,10.0,149000,99,4.0,1.0,2025,10,179019.41,659380.07,34.776388,32.026888,0.421,921.9
חולון,אגרובנק,שנקר,10.0,2198000,51,2.0,1.0,2025,9,179019.41,659380.07,34.776388,32.026888,0.421,921.9
חולון,אגרובנק,שנקר,10.0,970000,111,4.0,3.0,2025,9,179019.41,659380.07,34.776388,32.026888,0.421,921.9
חולון,אגרובנק,שנקר,10.0,275000,99,4.0,1.0,2025,9,179019.41,659380.07,34.776388,32.026888,0.421,921.9
חולון,אגרובנק,שנקר,39.0,1919100,80,4.0,3.0,2025,9,179054.95,659048.91,34.776778,32.023903,0.421,921.9
חולון,קרית עבודה,שנקר,60.0,1950000,88,3.5,3.0,2025,9,178943.88,658580.73,34.775622,32.019677,0.421,921.9
חולון,אגרובנק,שנקר,10.0,656000,111,4.0,3.0,2025,9,179019.41,659380.07,34.776388,32.026888,0.421,921.9
חולון,אגרובנק,שנקר,39.0,2120000,79,4.0,3.0,2025,9,179054.95,659048.91,34.776778,32.023903,0.421,921.9
חולון,אגרובנק,שנקר,10.0,2666000,94,3.0,3.0,2025,8,179019.41,659380.07,34.776388,32.026888,0.421,921.9
חולון,אגרובנק,שנקר,10.0,274000,95,4.0,1.0,2025,8,179019.41,659380.07,34.776388,32.026888,0.421,921.9
חולון,אגרובנק,שנקר,24.0,800000,48,2.0,4.0,2025,7,179019.09,659251.1,34.77639,32.025725,0.421,921.9
חולון,אגרובנק,שנקר,19.0,1670000,57,3.0,3.0,2025,5,179078.42,659276.37,34.777017,32.025955,0.421,921.9
חולון,אגרובנק,שנקר,30.0,1890000,68,3.0,1.0,2025,3,179006.94,659140.37,34.776266,32.024726,0.421,921.9
חולון,אגרובנק,שנקר,26.0,2095900,77,3.0,5.0,2025,3,179022.25,659212.83,34.776425,32.02538,0.421,921.9
חולון,קרית עבודה,שנקר,77.0,1860000,67,3.0,3.0,2025,3,178983.87,658467.9,34.77605,32.018661,0.421,921.9
חולון,אגרובנק,שנקר,15.0,2000000,51,3.0,0.0,2025,2,179081.03,659338.57,34.777042,32.026516,0.421,921.9
חולון,אגרובנק,שנקר,17.0,1863600,73,3.0,4.0,2024,12,179079.63,659295.88,34.777029,32.026131,0.421,921.9
חולון,קרית עבודה,שנקר,76.0,1920000,75,3.0,5.0,2024,11,178925.08,658438.31,34.775429,32.018392,0.421,921.9
חולון,אגרובנק,שנקר,22.0,800000,50,2.5,0.0,2024,11,179026.4,659284.12,34.776466,32.026023,0.421,921.9
חולון,אגרובנק,שנקר,36.0,2000000,94,4.0,5.0,2024,9,178990.92,659056.82,34.7761,32.023972,0.421,921.9
חולון,קרית עבודה,שנקר,75.0,2200000,78,4.0,4.0,2024,8,178982.9,658486.09,34.776039,32.018825,0.421,921.9
חולון,קרית עבודה,שנקר,76.0,2050000,68,3.0,3.0,2024,7,178925.08,658438.31,34.775429,32.018392,0.421,921.9
חולון,אגרובנק,שנקר,26.0,2450000,86,3.0,3.0,2024,7,179022.25,659212.83,34.776425,32.02538,0.421,921.9
חולון,קרית עבודה,שנקר,76.0,2086000,75,3.5,6.0,2024,5,178925.08,658438.31,34.775429,32.018392,0.421,921.9
חולון,אגרובנק,שנקר,6.0,1800000,50,3.0,4.0,2024,3,179040.94,659471.36,34.776612,32.027712,0.421,921.9
חולון,אגרובנק,שנקר,34.0,2080000,86,4.0,3.0,2024,2,179003.25,659092.48,34.776229,32.024294,0.421,921.9
חולון,אגרובנק,שנקר,39.0,1770000,75,4.0,8.0,2024,2,179054.95,659048.91,34.776778,32.023903,0.421,921.9
חולון,אגרובנק,שנקר,34.0,2121200,94,4.0,5.0,2024,1,179003.25,659092.48,34.776229,32.024294,0.421,921.9
חולון,קרית עבודה,שנקר,83.0,1815000,67,3.0,4.0,2023,11,178970.32,658362.39,34.775911,32.017709,0.421,921.9
חולון,קרית עבודה,שנקר,76.0,1898900,75,4.0,5.0,2023,11,178925.08,658438.31,34.775429,32.018392,0.421,921.9
חולון,אגרובנק,שנקר,15.0,2200000,66,3.0,0.0,2023,6,179081.03,659338.57,34.777042,32.026516,0.421,921.9
חולון,אגרובנק,שנקר,8.0,2350000,82,4.0,1.0,2023,6,179039.37,659434.21,34.776597,32.027377,0.421,921.9
חולון,קרית עבודה,שנקר,47.0,1825000,60,3.0,4.0,2023,6,179031.63,658887.33,34.776538,32.022445,0.421,921.9
חולון,אגרובנק,שנקר,35.0,1600000,51,2.0,3.0,2023,5,179055.61,659074.2,34.776784,32.024131,0.421,921.9
חולון,קרית עבודה,שנקר,83.0,1850000,56,3.0,3.0,2023,4,178970.32,658362.39,34.775911,32.017709,0.421,921.9
חולון,אגרובנק,שנקר,26.0,2000000,71,3.0,5.0,2023,3,179022.25,659212.83,34.776425,32.02538,0.421,921.9
חולון,אגרובנק,שנקר,28.0,650000,75,3.0,4.0,2023,2,179014.41,659165.29,34.776344,32.024951,0.421,921.9
חולון,אגרובנק,שנקר,39.0,1900000,67,3.0,9.0,2023,1,179054.95,659048.91,34.776778,32.023903,0.421,921.9
חולון,קרית עבודה,שנקר,83.0,1133000,54,3.0,4.0,2023,1,178970.32,658362.39,34.775911,32.017709,0.421,921.9
חולון,אגרובנק,שנקר,39.0,1580000,40,2.0,3.0,2022,12,179054.95,659048.91,34.776778,32.023903,0.421,921.9
חולון,אגרובנק,שנקר,34.0,2400000,94,4.0,7.0,2022,7,179003.25,659092.48,34.776229,32.024294,0.421,921.9
חולון,קרית עבודה,שנקר,66.0,1800000,85,3.0,3.0,2022,5,178928.85,658530.44,34.775465,32.019223,0.421,921.9
חולון,אגרובנק,שנקר,29.0,1275000,70,3.0,1.0,2022,2,179062.99,659125.4,34.77686,32.024593,0.421,921.9
חולון,אגרובנק,שנקר,26.0,2100000,69,3.0,4.0,2022,2,179022.25,659212.83,34.776425,32.02538,0.421,921.9
חולון,קרית עבודה,שנקר,83.0,1557000,63,3.0,4.0,2022,2,178970.32,658362.39,34.775911,32.017709,0.421,921.9
חולון,אגרובנק,שנקר,28.0,1750000,69,3.0,4.0,2022,1,179014.41,659165.29,34.776344,32.024951,0.421,921.9
חולון,אגרובנק,שנקר,30.0,500000,61,3.0,4.0,2022,1,179006.94,659140.37,34.776266,32.024726,0.421,921.9
חולון,אגרובנק,שנקר,26.0,1767600,80,3.0,3.0,2021,12,179022.25,659212.83,34.776425,32.02538,0.421,921.9
חולון,אגרובנק,שנקר,26.0,2100000,103,4.0,3.0,2021,12,179022.25,659212.83,34.776425,32.02538,0.421,921.9
חולון,אגרובנק,שנקר,39.0,1850000,79,4.0,7.0,2021,12,179054.95,659048.91,34.776778,32.023903,0.421,921.9
חולון,קרית עבודה,שנקר,74.0,1425000,68,3.0,3.0,2021,11,178925.62,658456.16,34.775434,32.018553,0.421,921.9
חולון,אגרובנק,שנקר,6.0,1500000,52,3.0,4.0,2021,10,179040.94,659471.36,34.776612,32.027712,0.421,921.9
חולון,קרית עבודה,שנקר,74.0,1240000,56,3.0,3.0,2021,9,178925.62,658456.16,34.775434,32.018553,0.421,921.9
חולון,קרית עבודה,שנקר,64.0,2130000,83,3.0,3.0,2021,9,178937.12,658544.27,34.775552,32.019348,0.421,921.9
חולון,קרית עבודה,שנקר,46.0,200000,86,4.0,3.0,2021,9,178974.82,658878.79,34.775937,32.022366,0.421,921.9
חולון,אגרובנק,שנקר,10.0,1695000,63,3.0,1.0,2021,8,179019.41,659380.07,34.776388,32.026888,0.421,921.9
חולון,קרית עבודה,שנקר,47.0,1188000,50,3.0,4.0,2021,6,179031.63,658887.33,34.776538,32.022445,0.421,921.9
חולון,אגרובנק,שנקר,6.0,1400000,67,3.0,3.0,2021,6,179040.94,659471.36,34.776612,32.027712,0.421,921.9
חולון,אגרובנק,שנקר,39.0,1750000,82,4.0,3.0,2021,6,179054.95,659048.91,34.776778,32.023903,0.421,921.9
חולון,קרית עבודה,שנקר,66.0,1370000,76,3.0,4.0,2021,6,178928.85,658530.44,34.775465,32.019223,0.421,921.9
חולון,אגרובנק,שנקר,24.0,1420000,46,2.0,3.0,2021,5,179019.09,659251.1,34.77639,32.025725,0.421,921.9
חולון,קרית עבודה,שנקר,76.0,1735000,72,4.0,3.0,2021,4,178925.08,658438.31,34.775429,32.018392,0.421,921.9
חולון,קרית עבודה,שנקר,66.0,725000,67,3.0,1.0,2021,3,178928.85,658530.44,34.775465,32.019223,0.421,921.9
חולון,קרית עבודה,שנקר,77.0,1422500,67,3.0,3.0,2021,1,178983.87,658467.9,34.77605,32.018661,0.421,921.9
חולון,אגרובנק,שנקר,5.0,1400000,38,2.0,0.0,2021,1,179117.43,659440.23,34.777423,32.027434,0.421,921.9
חולון,אגרובנק,שנקר,39.0,1760000,85,4.0,5.0,2021,1,179054.95,659048.91,34.776778,32.023903,0.421,921.9
חולון,קרית עבודה,שנקר,53.0,1275000,54,2.0,3.0,2021,1,179020.19,658788.24,34.776421,32.021551,0.421,921.9
חולון,אגרובנק,שנקר,24.0,1480000,56,2.0,3.0,2021,1,179019.09,659251.1,34.77639,32.025725,0.421,921.9
חולון,אגרובנק,שנקר,7.0,700000,89,4.0,1.0,2021,1,179113.5,659403.87,34.777383,32.027106,0.421,921.9
חולון,קרית עבודה,שנקר,66.0,1800000,91,4.0,1.0,2020,12,178928.85,658530.44,34.775465,32.019223,0.421,921.9
חולון,קרית עבודה,שנקר,79.0,1325000,60,2.0,3.0,2020,11,178982.29,658450.5,34.776034,32.018504,0.421,921.9
חולון,קרית עבודה,שנקר,53.0,1500000,68,3.0,1.0,2020,11,179020.19,658788.24,34.776421,32.021551,0.421,921.9
חולון,אגרובנק,שנקר,27.0,1480000,54,3.0,3.0,2020,9,179067.31,659142.46,34.776905,32.024747,0.421,921.9
חולון,אגרובנק,שנקר,32.0,1460000,63,3.0,1.0,2020,9,179005.44,659120.53,34.776251,32.024547,0.421,921.9
חולון,אגרובנק,שנקר,26.0,1690000,79,4.0,3.0,2020,7,179022.25,659212.83,34.776425,32.02538,0.421,921.9
חולון,אגרובנק,שנקר,45.0,300000,60,3.0,3.0,2020,7,179032.2,658936.23,34.776542,32.022886,0.421,921.9
חולון,אגרובנק,שנקר,10.0,1562000,50,2.5,3.0,2020,7,179019.41,659380.07,34.776388,32.026888,0.421,921.9
חולון,אגרובנק,שנקר,34.0,1616100,92,4.0,5.0,2020,6,179003.25,659092.48,34.776229,32.024294,0.421,921.9
חולון,קרית עבודה,שנקר,75.0,1625000,84,3.5,3.0,2020,4,178982.9,658486.09,34.776039,32.018825,0.421,921.9
חולון,קרית עבודה,שנקר,64.0,1470000,68,3.0,4.0,2020,1,178937.12,658544.27,34.775552,32.019348,0.421,921.9
חולון,קרית עבודה,שנקר,71.0,1432500,60,3.0,3.0,2020,1,178989.85,658522.55,34.776111,32.019154,0.421,921.9
חולון,אגרובנק,שנקר,45.0,300000,67,3.0,3.0,2019,11,179032.2,658936.23,34.776542,32.022886,0.421,921.9
חולון,קרית עבודה,שנקר,58.0,600000,75,3.0,1.0,2019,11,178948.97,658601.11,34.775675,32.019861,0.421,921.9
חולון,קרית עבודה,שנקר,72.0,1610000,76,3.5,1.0,2019,11,178925.88,658473.34,34.775436,32.018708,0.421,921.9
חולון,אגרובנק,שנקר,38.0,1790000,90,4.0,3.0,2019,10,178990.92,659056.82,34.7761,32.023972,0.421,921.9
חולון,קרית עבודה,שנקר,60.0,1598000,88,3.5,3.0,2019,10,178943.88,658580.73,34.775622,32.019677,0.421,921.9
חולון,אגרובנק,שנקר,38.0,1600000,75,3.0,3.0,2019,9,178990.92,659056.82,34.7761,32.023972,0.421,921.9
חולון,אגרובנק,שנקר,6.0,1240000,50,2.5,1.0,2019,9,179040.94,659471.36,34.776612,32.027712,0.421,921.9
חולון,אגרובנק,שנקר,19.0,1505000,70,3.0,1.0,2019,8,179078.42,659276.37,34.777017,32.025955,0.421,921.9
חולון,אגרובנק,שנקר,35.0,1340000,82,3.0,4.0,2019,8,179055.61,659074.2,34.776784,32.024131,0.421,921.9
חולון,אגרובנק,שנקר,6.0,1385000,65,3.5,4.0,2019,7,179040.94,659471.36,34.776612,32.027712,0.421,921.9
חולון,קרית עבודה,שנקר,76.0,1550000,73,3.0,6.0,2019,6,178925.08,658438.31,34.775429,32.018392,0.421,921.9
חולון,אגרובנק,שנקר,28.0,1484800,64,2.5,5.0,2019,6,179014.41,659165.29,34.776344,32.024951,0.421,921.9
חולון,אגרובנק,שנקר,28.0,1531200,64,2.5,5.0,2019,6,179014.41,659165.29,34.776344,32.024951,0.421,921.9
חולון,אגרובנק,שנקר,23.0,1270000,66,2.5,3.0,2019,6,179064.18,659209.23,34.776869,32.025349,0.421,921.9
חולון,קרית עבודה,שנקר,70.0,1130000,60,2.0,3.0,2019,6,178927.74,658491.08,34.775455,32.018868,0.421,921.9
חולון,אגרובנק,שנקר,23.0,1375000,82,3.0,3.0,2019,6,179064.18,659209.23,34.776869,32.025349,0.421,921.9
חולון,אגרובנק,שנקר,32.0,1355000,60,3.0,4.0,2019,5,179005.44,659120.53,34.776251,32.024547,0.421,921.9
חולון,אגרובנק,שנקר,39.0,1315000,78,4.0,5.0,2019,5,179054.95,659048.91,34.776778,32.023903,0.421,921.9
חולון,קרית עבודה,שנקר,71.0,1465000,71,3.0,4.0,2019,5,178989.85,658522.55,34.776111,32.019154,0.421,921.9
חולון,אגרובנק,שנקר,38.0,1625000,85,4.0,8.0,2019,4,178990.92,659056.82,34.7761,32.023972,0.421,921.9
חולון,אגרובנק,שנקר,39.0,1665000,70,3.0,1.0,2019,3,179054.95,659048.91,34.776778,32.023903,0.421,921.9
חולון,קרית עבודה,שנקר,74.0,1200000,64,3.0,3.0,2019,3,178925.62,658456.16,34.775434,32.018553,0.421,921.9
חולון,אגרובנק,שנקר,17.0,1470200,58,3.0,3.0,2019,3,179079.63,659295.88,34.777029,32.026131,0.421,921.9
חולון,אגרובנק,שנקר,18.0,2130000,97,4.0,5.0,2019,3,179023.41,659315.73,34.776433,32.026308,0.421,921.9
חולון,קרית עבודה,שנקר,58.0,1420000,66,2.0,4.0,2019,2,178948.97,658601.11,34.775675,32.019861,0.421,921.9
חולון,אגרובנק,שנקר,34.0,1800000,94,4.5,6.0,2019,2,179003.25,659092.48,34.776229,32.024294,0.421,921.9
חולון,אגרובנק,שנקר,34.0,1670000,86,4.0,4.0,2019,1,179003.25,659092.48,34.776229,32.024294,0.421,921.9
חולון,אגרובנק,שנקר,6.0,1285000,53,3.0,4.0,2018,12,179040.94,659471.36,34.776612,32.027712,0.421,921.9
חולון,קרית עבודה,שנקר,74.0,1390000,75,3.0,3.0,2018,12,178925.62,658456.16,34.775434,32.018553,0.421,921.9
חולון,קרית עבודה,שנקר,76.0,1430000,73,3.0,3.0,2018,12,178925.08,658438.31,34.775429,32.018392,0.421,921.9
חולון,אגרובנק,שנקר,5.0,1393900,65,2.5,0.0,2018,12,179117.43,659440.23,34.777423,32.027434,0.421,921.9
חולון,אגרובנק,שנקר,30.0,1400000,67,3.0,3.0,2018,11,179006.94,659140.37,34.776266,32.024726,0.421,921.9
חולון,אגרובנק,שנקר,24.0,1764000,85,3.0,3.0,2018,9,179019.09,659251.1,34.77639,32.025725,0.421,921.9
חולון,אגרובנק,שנקר,32.0,1520000,67,3.0,4.0,2018,8,179005.44,659120.53,34.776251,32.024547,0.421,921.9
חולון,אגרובנק,שנקר,23.0,1313100,72,3.0,3.0,2018,7,179064.18,659209.23,34.776869,32.025349,0.421,921.9
חולון,אגרובנק,שנקר,7.0,1480000,64,3.0,0.0,2018,7,179113.5,659403.87,34.777383,32.027106,0.421,921.9
חולון,אגרובנק,שנקר,26.0,327000,80,3.0,1.0,2018,7,179022.25,659212.83,34.776425,32.02538,0.421,921.9
חולון,אגרובנק,שנקר,22.0,1650000,82,4.0,1.0,2018,6,179026.4,659284.12,34.776466,32.026023,0.421,921.9
חולון,אגרובנק,שנקר,27.0,1230000,40,2.0,3.0,2018,6,179067.31,659142.46,34.776905,32.024747,0.421,921.9
חולון,קרית עבודה,שנקר,83.0,1161600,90,3.0,3.0,2018,5,178970.32,658362.39,34.775911,32.017709,0.421,921.9
חולון,קרית עבודה,שנקר,47.0,1450000,77,4.0,3.0,2018,5,179031.63,658887.33,34.776538,32.022445,0.421,921.9
חולון,אגרובנק,שנקר,39.0,1400000,86,4.0,7.0,2018,5,179054.95,659048.91,34.776778,32.023903,0.421,921.9
חולון,קרית עבודה,שנקר,64.0,1150000,68,3.5,3.0,2018,4,178937.12,658544.27,34.775552,32.019348,0.421,921.9
חולון,אגרובנק,שנקר,22.0,1350000,50,2.5,0.0,2018,4,179026.4,659284.12,34.776466,32.026023,0.421,921.9
חולון,אגרובנק,שנקר,32.0,560000,55,2.5,3.0,2018,4,179005.44,659120.53,34.776251,32.024547,0.421,921.9
חולון,אגרובנק,שנקר,32.0,1450000,63,3.0,4.0,2018,3,179005.44,659120.53,34.776251,32.024547,0.421,921.9
חולון,אגרובנק,שנקר,17.0,1270000,59,2.5,4.0,2018,3,179079.63,659295.88,34.777029,32.026131,0.421,921.9
חולון,אגרובנק,שנקר,38.0,1770000,91,4.0,7.0,2018,3,178990.92,659056.82,34.7761,32.023972,0.421,921.9
חולון,אגרובנק,שנקר,45.0,1470000,82,4.0,4.0,2018,3,179032.2,658936.23,34.776542,32.022886,0.421,921.9
חולון,אגרובנק,שנקר,13.0,1340000,64,3.0,1.0,2018,1,179081.03,659338.57,34.777042,32.026516,0.421,921.9
חולון,אגרובנק,שנקר,39.0,1549000,82,4.0,5.0,2018,1,179054.95,659048.91,34.776778,32.023903,0.421,921.9
חולון,קרית עבודה,שנקר,83.0,1270000,56,3.0,3.0,2018,1,178970.32,658362.39,34.775911,32.017709,0.421,921.9
חולון,אגרובנק,שנקר,11.0,1300000,79,3.5,1.0,2018,1,179081.03,659338.57,34.777042,32.026516,0.421,921.9
חולון,קרית עבודה,שנקר,74.0,1540000,67,3.0,1.0,2017,11,178925.62,658456.16,34.775434,32.018553,0.421,921.9
חולון,אגרובנק,שנקר,43.0,1475000,80,4.0,3.0,2017,10,179036.79,658972.8,34.776589,32.023216,0.421,921.9
חולון,קרית עבודה,שנקר,76.0,1510000,70,3.0,3.0,2017,10,178925.08,658438.31,34.775429,32.018392,0.421,921.9
חולון,קרית עבודה,שנקר,62.0,1340000,66,3.0,3.0,2017,10,178937.76,658561.79,34.775558,32.019506,0.421,921.9
חולון,אגרובנק,שנקר,39.0,1730000,86,4.0,6.0,2017,9,179054.95,659048.91,34.776778,32.023903,0.421,921.9
חולון,אגרובנק,שנקר,30.0,1450000,67,3.0,1.0,2017,9,179006.94,659140.37,34.776266,32.024726,0.421,921.9
חולון,קרית עבודה,שנקר,47.0,1180000,52,2.0,3.0,2017,9,179031.63,658887.33,34.776538,32.022445,0.421,921.9
חולון,אגרובנק,שנקר,24.0,1350000,46,2.5,3.0,2017,8,179019.09,659251.1,34.77639,32.025725,0.421,921.9
חולון,אגרובנק,שנקר,27.0,1290000,54,3.0,3.0,2017,8,179067.31,659142.46,34.776905,32.024747,0.421,921.9
חולון,אגרובנק,שנקר,8.0,1375000,66,3.0,4.0,2017,6,179039.37,659434.21,34.776597,32.027377,0.421,921.9
חולון,אגרובנק,שנקר,24.0,1646400,69,3.0,4.0,2017,6,179019.09,659251.1,34.77639,32.025725,0.421,921.9
חולון,אגרובנק,שנקר,36.0,1780000,95,4.0,4.0,2017,6,178990.92,659056.82,34.7761,32.023972,0.421,921.9
חולון,קרית עבודה,שנקר,76.0,1500000,75,4.0,3.0,2017,5,178925.08,658438.31,34.775429,32.018392,0.421,921.9
חולון,קרית עבודה,שנקר,47.0,600000,77,3.0,3.0,2017,4,179031.63,658887.33,34.776538,32.022445,0.421,921.9
חולון,קרית עבודה,שנקר,47.0,115000,80,4.0,3.0,2017,3,179031.63,658887.33,34.776538,32.022445,0.421,921.9
חולון,קרית עבודה,שנקר,83.0,1250000,90,3.0,3.0,2017,3,178970.32,658362.39,34.775911,32.017709,0.421,921.9
חולון,אגרובנק,שנקר,6.0,730000,50,3.0,1.0,2017,3,179040.94,659471.36,34.776612,32.027712,0.421,921.9
חולון,אגרובנק,שנקר,35.0,1020000,46,2.0,3.0,2017,2,179055.61,659074.2,34.776784,32.024131,0.421,921.9
חולון,קרית עבודה,שנקר,47.0,1075000,50,2.5,4.0,2017,2,179031.63,658887.33,34.776538,32.022445,0.421,921.9
חולון,אגרובנק,שנקר,3.0,400000,65,3.0,0.0,2017,1,179114.43,659471.29,34.77739,32.027714,0.421,921.9
חולון,אגרובנק,שנקר,19.0,1299000,58,3.0,3.0,2017,1,179078.42,659276.37,34.777017,32.025955,0.421,921.9
חולון,אגרובנק,שנקר,24.0,1510000,65,2.5,4.0,2017,1,179019.09,659251.1,34.77639,32.025725,0.421,921.9
חולון,אגרובנק,שנקר,26.0,1520000,79,3.5,3.0,2016,12,179022.25,659212.83,34.776425,32.02538,0.421,921.9
חולון,אגרובנק,שנקר,6.0,1000000,50,2.5,3.0,2016,12,179040.94,659471.36,34.776612,32.027712,0.421,921.9
חולון,אגרובנק,שנקר,36.0,1682000,85,4.0,8.0,2016,11,178990.92,659056.82,34.7761,32.023972,0.421,921.9
חולון,אגרובנק,שנקר,24.0,1200000,50,2.0,3.0,2016,11,179019.09,659251.1,34.77639,32.025725,0.421,921.9
חולון,קרית עבודה,שנקר,62.0,1600000,62,3.0,3.0,2016,10,178937.76,658561.79,34.775558,32.019506,0.421,921.9
חולון,אגרובנק,שנקר,15.0,1314000,64,3.0,0.0,2016,9,179081.03,659338.57,34.777042,32.026516,0.421,921.9
חולון,אגרובנק,שנקר,36.0,1685000,85,4.0,5.0,2016,8,178990.92,659056.82,34.7761,32.023972,0.421,921.9
חולון,אגרובנק,שנקר,30.0,1634000,80,3.0,3.0,2016,8,179006.94,659140.37,34.776266,32.024726,0.421,921.9
חולון,אגרובנק,שנקר,35.0,970000,52,2.0,4.0,2016,7,179055.61,659074.2,34.776784,32.024131,0.421,921.9
חולון,אגרובנק,שנקר,24.0,1249000,62,3.0,1.0,2016,7,179019.09,659251.1,34.77639,32.025725,0.421,921.9
חולון,אגרובנק,שנקר,11.0,1050000,65,3.0,0.0,2016,7,179081.03,659338.57,34.777042,32.026516,0.421,921.9
חולון,קרית עבודה,שנקר,64.0,1519000,68,3.0,3.0,2016,6,178937.12,658544.27,34.775552,32.019348,0.421,921.9
חולון,קרית עבודה,שנקר,53.0,1050000,47,2.0,3.0,2016,6,179020.19,658788.24,34.776421,32.021551,0.421,921.9
חולון,אגרובנק,שנקר,39.0,1299000,85,4.0,4.0,2016,5,179054.95,659048.91,34.776778,32.023903,0.421,921.9
חולון,קרית עבודה,שנקר,83.0,1100000,91,4.0,3.0,2016,3,178970.32,658362.39,34.775911,32.017709,0.421,921.9
חולון,קרית עבודה,שנקר,76.0,1370000,70,3.0,3.0,2016,2,178925.08,658438.31,34.775429,32.018392,0.421,921.9
חולון,קרית עבודה,שנקר,62.0,1325000,78,3.0,4.0,2016,2,178937.76,658561.79,34.775558,32.019506,0.421,921.9
חולון,אגרובנק,שנקר,17.0,1345000,82,3.0,3.0,2016,2,179079.63,659295.88,34.777029,32.026131,0.421,921.9
חולון,אגרובנק,שנקר,5.0,1450000,42,2.5,0.0,2016,1,179117.43,659440.23,34.777423,32.027434,0.421,921.9
חולון,אגרובנק,שנקר,7.0,1200000,64,3.0,0.0,2016,1,179113.5,659403.87,34.777383,32.027106,0.421,921.9
חולון,אגרובנק,שנקר,7.0,1138000,65,3.0,3.0,2015,12,179113.5,659403.87,34.777383,32.027106,0.421,921.9
חולון,אגרובנק,שנקר,7.0,1410000,89,4.0,1.0,2015,12,179113.5,659403.87,34.777383,32.027106,0.421,921.9
חולון,קרית עבודה,שנקר,74.0,1150000,65,3.0,4.0,2015,11,178925.62,658456.16,34.775434,32.018553,0.421,921.9
חולון,אגרובנק,שנקר,10.0,975000,50,2.5,3.0,2015,11,179019.41,659380.07,34.776388,32.026888,0.421,921.9
חולון,אגרובנק,שנקר,10.0,1055000,50,3.0,3.0,2015,11,179019.41,659380.07,34.776388,32.026888,0.421,921.9
חולון,אגרובנק,שנקר,39.0,1345000,87,4.0,3.0,2015,10,179054.95,659048.91,34.776778,32.023903,0.421,921.9
חולון,קרית עבודה,שנקר,77.0,1200000,56,2.0,4.0,2015,9,178983.87,658467.9,34.77605,32.018661,0.421,921.9
חולון,קרית עבודה,שנקר,72.0,1215000,66,3.0,1.0,2015,8,178925.88,658473.34,34.775436,32.018708,0.421,921.9
חולון,קרית עבודה,שנקר,70.0,1490000,66,3.5,3.0,2015,8,178927.74,658491.08,34.775455,32.018868,0.421,921.9
חולון,קרית עבודה,שנקר,74.0,1240000,65,3.0,3.0,2015,7,178925.62,658456.16,34.775434,32.018553,0.421,921.9
חולון,אגרובנק,שנקר,27.0,1160000,63,3.0,3.0,2015,7,179067.31,659142.46,34.776905,32.024747,0.421,921.9
חולון,אגרובנק,שנקר,10.0,1079000,50,2.0,1.0,2015,7,179019.41,659380.07,34.776388,32.026888,0.421,921.9
חולון,אגרובנק,שנקר,32.0,1026000,67,3.0,4.0,2015,7,179005.44,659120.53,34.776251,32.024547,0.421,921.9
חולון,אגרובנק,שנקר,27.0,690000,45,2.0,3.0,2015,6,179067.31,659142.46,34.776905,32.024747,0.421,921.9
חולון,אגרובנק,שנקר,27.0,1040000,53,2.5,4.0,2015,6,179067.31,659142.46,34.776905,32.024747,0.421,921.9
חולון,קרית עבודה,שנקר,83.0,400000,55,3.0,1.0,2015,5,178970.32,658362.39,34.775911,32.017709,0.421,921.9
חולון,אגרובנק,שנקר,24.0,960000,45,2.0,3.0,2015,5,179019.09,659251.1,34.77639,32.025725,0.421,921.9
חולון,קרית עבודה,שנקר,47.0,925000,51,3.0,4.0,2015,5,179031.63,658887.33,34.776538,32.022445,0.421,921.9
חולון,קרית עבודה,שנקר,47.0,1000000,75,4.0,4.0,2015,5,179031.63,658887.33,34.776538,32.022445,0.421,921.9
חולון,אגרובנק,שנקר,10.0,710000,50,2.0,4.0,2015,5,179019.41,659380.07,34.776388,32.026888,0.421,921.9
חולון,אגרובנק,שנקר,19.0,1248000,60,3.0,3.0,2015,4,179078.42,659276.37,34.777017,32.025955,0.421,921.9
חולון,אגרובנק,שנקר,26.0,220000,71,3.0,5.0,2015,4,179022.25,659212.83,34.776425,32.02538,0.421,921.9
חולון,קרית עבודה,שנקר,53.0,950000,47,2.0,3.0,2015,4,179020.19,658788.24,34.776421,32.021551,0.421,921.9
חולון,קרית עבודה,שנקר,62.0,1350000,60,3.0,3.0,2015,4,178937.76,658561.79,34.775558,32.019506,0.421,921.9
חולון,אגרובנק,שנקר,24.0,1100000,46,2.0,3.0,2015,4,179019.09,659251.1,34.77639,32.025725,0.421,921.9
חולון,אגרובנק,שנקר,26.0,1305000,70,3.0,4.0,2015,3,179022.25,659212.83,34.776425,32.02538,0.421,921.9
חולון,אגרובנק,שנקר,19.0,1240000,53,3.0,1.0,2015,3,179078.42,659276.37,34.777017,32.025955,0.421,921.9
חולון,קרית עבודה,שנקר,74.0,1350000,70,3.0,1.0,2015,2,178925.62,658456.16,34.775434,32.018553,0.421,921.9
חולון,אגרובנק,שנקר,38.0,1250000,75,3.0,1.0,2015,2,178990.92,659056.82,34.7761,32.023972,0.421,921.9
חולון,קרית עבודה,שנקר,47.0,949000,77,3.0,3.0,2015,2,179031.63,658887.33,34.776538,32.022445,0.421,921.9
חולון,קרית עבודה,שנקר,66.0,850000,56,2.0,1.0,2015,1,178928.85,658530.44,34.775465,32.019223,0.421,921.9
חולון,אגרובנק,שנקר,17.0,1200000,58,3.0,3.0,2015,1,179079.63,659295.88,34.777029,32.026131,0.421,921.9
חולון,קרית עבודה,שנקר,53.0,1037000,55,2.5,3.0,2015,1,179020.19,658788.24,34.776421,32.021551,0.421,921.9
חולון,אגרובנק,שנקר,39.0,1000000,67,3.0,9.0,2014,12,179054.95,659048.91,34.776778,32.023903,0.421,921.9
חולון,אגרובנק,שנקר,13.0,220000,64,3.0,3.0,2014,12,179081.03,659338.57,34.777042,32.026516,0.421,921.9
חולון,אגרובנק,שנקר,11.0,1070000,64,3.0,3.0,2014,11,179081.03,659338.57,34.777042,32.026516,0.421,921.9
חולון,אגרובנק,שנקר,13.0,953000,65,2.5,3.0,2014,11,179081.03,659338.57,34.777042,32.026516,0.421,921.9
חולון,קרית עבודה,שנקר,71.0,1040000,60,3.0,4.0,2014,11,178989.85,658522.55,34.776111,32.019154,0.421,921.9
חולון,אגרובנק,שנקר,38.0,1620000,90,3.5,5.0,2014,11,178990.92,659056.82,34.7761,32.023972,0.421,921.9
חולון,אגרובנק,שנקר,8.0,1050000,50,2.0,3.0,2014,10,179039.37,659434.21,34.776597,32.027377,0.421,921.9
חולון,אגרובנק,שנקר,43.0,1350000,75,4.0,3.0,2014,9,179036.79,658972.8,34.776589,32.023216,0.421,921.9
חולון,אגרובנק,שנקר,39.0,1370000,75,4.0,3.0,2014,8,179054.95,659048.91,34.776778,32.023903,0.421,921.9
חולון,אגרובנק,שנקר,10.0,990000,50,2.5,3.0,2014,8,179019.41,659380.07,34.776388,32.026888,0.421,921.9
חולון,קרית עבודה,שנקר,70.0,1240000,70,3.0,4.0,2014,7,178927.74,658491.08,34.775455,32.018868,0.421,921.9
חולון,קרית עבודה,שנקר,83.0,1000000,54,3.0,3.0,2014,6,178970.32,658362.39,34.775911,32.017709,0.421,921.9
חולון,אגרובנק,שנקר,39.0,1499000,77,4.0,4.0,2014,5,179054.95,659048.91,34.776778,32.023903,0.421,921.9
חולון,אגרובנק,שנקר,24.0,780000,42,1.5,4.0,2014,5,179019.09,659251.1,34.77639,32.025725,0.421,921.9
חולון,אגרובנק,שנקר,35.0,1167000,62,3.5,3.0,2014,4,179055.61,659074.2,34.776784,32.024131,0.421,921.9
חולון,קרית עבודה,שנקר,77.0,1220000,55,3.0,3.0,2014,3,178983.87,658467.9,34.77605,32.018661,0.421,921.9
חולון,אגרובנק,שנקר,38.0,1340000,80,3.5,3.0,2014,3,178990.92,659056.82,34.7761,32.023972,0.421,921.9
חולון,אגרובנק,שנקר,29.0,720000,41,2.0,3.0,2014,3,179062.99,659125.4,34.77686,32.024593,0.421,921.9
חולון,אגרובנק,שנקר,24.0,1130000,85,2.5,1.0,2014,3,179019.09,659251.1,34.77639,32.025725,0.421,921.9
חולון,קרית עבודה,שנקר,46.0,900000,45,3.0,1.0,2014,2,178974.82,658878.79,34.775937,32.022366,0.421,921.9
חולון,אגרובנק,שנקר,10.0,466000,50,2.0,3.0,2014,2,179019.41,659380.07,34.776388,32.026888,0.421,921.9
חולון,אגרובנק,שנקר,39.0,1935000,125,5.0,4.0,2014,2,179054.95,659048.91,34.776778,32.023903,0.421,921.9
חולון,אגרובנק,שנקר,21.0,1067000,61,3.0,3.0,2014,1,179071.47,659238.25,34.776945,32.025611,0.421,921.9
חולון,אגרובנק,שנקר,21.0,1485000,72,4.0,3.0,2013,12,179071.47,659238.25,34.776945,32.025611,0.421,921.9
חולון,אגרובנק,שנקר,32.0,690000,68,2.5,4.0,2013,12,179005.44,659120.53,34.776251,32.024547,0.421,921.9
חולון,קרית עבודה,שנקר,47.0,960000,100,4.0,4.0,2013,12,179031.63,658887.33,34.776538,32.022445,0.421,921.9
חולון,קרית עבודה,שנקר,58.0,1219000,54,2.0,3.0,2013,12,178948.97,658601.11,34.775675,32.019861,0.421,921.9
חולון,קרית עבודה,שנקר,60.0,1290000,76,3.5,4.0,2013,11,178943.88,658580.73,34.775622,32.019677,0.421,921.9
חולון,אגרובנק,שנקר,10.0,1070000,50,3.0,3.0,2013,10,179019.41,659380.07,34.776388,32.026888,0.421,921.9
חולון,קרית עבודה,שנקר,53.0,1050000,55,2.0,1.0,2013,10,179020.19,658788.24,34.776421,32.021551,0.421,921.9
חולון,אגרובנק,שנקר,15.0,900000,64,3.0,1.0,2013,9,179081.03,659338.57,34.777042,32.026516,0.421,921.9
חולון,אגרובנק,שנקר,26.0,1485000,71,4.0,3.0,2013,8,179022.25,659212.83,34.776425,32.02538,0.421,921.9
חולון,קרית עבודה,שנקר,83.0,800000,54,3.0,3.0,2013,7,178970.32,658362.39,34.775911,32.017709,0.421,921.9
חולון,קרית עבודה,שנקר,79.0,1180000,61,3.0,1.0,2013,7,178982.29,658450.5,34.776034,32.018504,0.421,921.9
חולון,אגרובנק,שנקר,39.0,1150000,77,3.5,5.0,2013,7,179054.95,659048.91,34.776778,32.023903,0.421,921.9
חולון,אגרובנק,שנקר,36.0,1200000,64,3.0,3.0,2013,6,178990.92,659056.82,34.7761,32.023972,0.421,921.9
חולון,אגרובנק,שנקר,15.0,1000000,64,3.0,1.0,2013,5,179081.03,659338.57,34.777042,32.026516,0.421,921.9
חולון,קרית עבודה,שנקר,64.0,1000000,68,3.0,3.0,2013,4,178937.12,658544.27,34.775552,32.019348,0.421,921.9
חולון,קרית עבודה,שנקר,47.0,844000,50,2.0,3.0,2013,4,179031.63,658887.33,34.776538,32.022445,0.421,921.9
חולון,אגרובנק,שנקר,39.0,1630000,101,4.0,9.0,2013,4,179054.95,659048.91,34.776778,32.023903,0.421,921.9
חולון,אגרובנק,שנקר,39.0,1275000,78,4.0,4.0,2013,3,179054.95,659048.91,34.776778,32.023903,0.421,921.9
חולון,קרית עבודה,שנקר,83.0,1100000,100,4.0,4.0,2013,2,178970.32,658362.39,34.775911,32.017709,0.421,921.9
חולון,אגרובנק,שנקר,27.0,499000,27,2.0,3.0,2013,2,179067.31,659142.46,34.776905,32.024747,0.421,921.9
חולון,אגרובנק,שנקר,19.0,1049000,78,3.0,3.0,2013,1,179078.42,659276.37,34.777017,32.025955,0.421,921.9
חולון,אגרובנק,שנקר,34.0,1490000,84,4.0,4.0,2013,1,179003.25,659092.48,34.776229,32.024294,0.421,921.9
חולון,אגרובנק,שנקר,8.0,1300000,100,4.0,1.0,2012,12,179039.37,659434.21,34.776597,32.027377,0.421,921.9
חולון,אגרובנק,שנקר,6.0,755000,50,3.0,4.0,2012,12,179040.94,659471.36,34.776612,32.027712,0.421,921.9
חולון,אגרובנק,שנקר,32.0,1150000,58,3.0,1.0,2012,12,179005.44,659120.53,34.776251,32.024547,0.421,921.9
חולון,אגרובנק,שנקר,24.0,1300000,81,3.5,3.0,2012,11,179019.09,659251.1,34.77639,32.025725,0.421,921.9
חולון,אגרובנק,שנקר,35.0,930000,62,2.5,3.0,2012,11,179055.61,659074.2,34.776784,32.024131,0.421,921.9
חולון,אגרובנק,שנקר,21.0,1237000,62,3.0,3.0,2012,11,179071.47,659238.25,34.776945,32.025611,0.421,921.9
חולון,אגרובנק,שנקר,17.0,1060000,58,3.0,3.0,2012,11,179079.63,659295.88,34.777029,32.026131,0.421,921.9
חולון,אגרובנק,שנקר,38.0,1330000,85,4.0,3.0,2012,10,178990.92,659056.82,34.7761,32.023972,0.421,921.9
חולון,קרית עבודה,שנקר,53.0,900000,60,3.0,1.0,2012,10,179020.19,658788.24,34.776421,32.021551,0.421,921.9
חולון,אגרובנק,שנקר,19.0,940000,50,3.0,3.0,2012,10,179078.42,659276.37,34.777017,32.025955,0.421,921.9
חולון,אגרובנק,שנקר,7.0,825000,64,3.0,0.0,2012,10,179113.5,659403.87,34.777383,32.027106,0.421,921.9
חולון,אגרובנק,שנקר,27.0,580000,21,2.0,1.0,2012,9,179067.31,659142.46,34.776905,32.024747,0.421,921.9
חולון,קרית עבודה,שנקר,62.0,300000,54,3.0,1.0,2012,9,178937.76,658561.79,34.775558,32.019506,0.421,921.9
חולון,אגרובנק,שנקר,27.0,920000,59,2.5,3.0,2012,9,179067.31,659142.46,34.776905,32.024747,0.421,921.9
חולון,קרית עבודה,שנקר,76.0,975000,70,3.0,1.0,2012,8,178925.08,658438.31,34.775429,32.018392,0.421,921.9
חולון,אגרובנק,שנקר,24.0,850000,50,2.5,3.0,2012,8,179019.09,659251.1,34.77639,32.025725,0.421,921.9
חולון,אגרובנק,שנקר,38.0,1341000,85,3.5,6.0,2012,8,178990.92,659056.82,34.7761,32.023972,0.421,921.9
חולון,אגרובנק,שנקר,38.0,1300000,64,3.0,5.0,2012,8,178990.92,659056.82,34.7761,32.023972,0.421,921.9
חולון,אגרובנק,שנקר,35.0,820000,50,2.0,3.0,2012,5,179055.61,659074.2,34.776784,32.024131,0.421,921.9
חולון,קרית עבודה,שנקר,71.0,865000,60,3.0,4.0,2012,5,178989.85,658522.55,34.776111,32.019154,0.421,921.9
חולון,אגרובנק,שנקר,8.0,835000,50,2.5,4.0,2012,5,179039.37,659434.21,34.776597,32.027377,0.421,921.9
חולון,אגרובנק,שנקר,24.0,750000,42,1.5,4.0,2012,5,179019.09,659251.1,34.77639,32.025725,0.421,921.9
חולון,אגרובנק,שנקר,36.0,1320000,85,4.0,6.0,2012,5,178990.92,659056.82,34.7761,32.023972,0.421,921.9
חולון,קרית עבודה,שנקר,64.0,1100000,68,3.0,1.0,2012,5,178937.12,658544.27,34.775552,32.019348,0.421,921.9
חולון,קרית עבודה,שנקר,60.0,700000,76,3.5,4.0,2012,3,178943.88,658580.73,34.775622,32.019677,0.421,921.9
חולון,קרית עבודה,שנקר,47.0,650000,50,2.5,4.0,2012,3,179031.63,658887.33,34.776538,32.022445,0.421,921.9
חולון,אגרובנק,שנקר,10.0,840000,50,3.0,3.0,2012,2,179019.41,659380.07,34.776388,32.026888,0.421,921.9
חולון,אגרובנק,שנקר,15.0,870000,50,3.0,3.0,2012,2,179081.03,659338.57,34.777042,32.026516,0.421,921.9
חולון,אגרובנק,שנקר,27.0,900000,53,3.0,3.0,2011,12,179067.31,659142.46,34.776905,32.024747,0.421,921.9
חולון,קרית עבודה,שנקר,76.0,970000,73,3.0,3.0,2011,11,178925.08,658438.31,34.775429,32.018392,0.421,921.9
חולון,קרית עבודה,שנקר,77.0,1062000,49,2.5,3.0,2011,11,178983.87,658467.9,34.77605,32.018661,0.421,921.9
חולון,אגרובנק,שנקר,35.0,1020000,71,3.0,3.0,2011,11,179055.61,659074.2,34.776784,32.024131,0.421,921.9
חולון,אגרובנק,שנקר,23.0,690000,45,2.0,4.0,2011,9,179064.18,659209.23,34.776869,32.025349,0.421,921.9
חולון,אגרובנק,שנקר,3.0,460000,64,3.0,3.0,2011,8,179114.43,659471.29,34.77739,32.027714,0.421,921.9
חולון,אגרובנק,שנקר,19.0,966000,52,3.0,1.0,2011,7,179078.42,659276.37,34.777017,32.025955,0.421,921.9
חולון,קרית עבודה,שנקר,60.0,1235000,66,4.0,4.0,2011,7,178943.88,658580.73,34.775622,32.019677,0.421,921.9
חולון,אגרובנק,שנקר,38.0,1495000,80,3.5,8.0,2011,6,178990.92,659056.82,34.7761,32.023972,0.421,921.9
חולון,אגרובנק,שנקר,5.0,520000,41,2.0,0.0,2011,5,179117.43,659440.23,34.777423,32.027434,0.421,921.9
חולון,אגרובנק,שנקר,5.0,830000,64,3.0,3.0,2011,5,179117.43,659440.23,34.777423,32.027434,0.421,921.9
חולון,אגרובנק,שנקר,24.0,815000,40,2.0,3.0,2011,3,179019.09,659251.1,34.77639,32.025725,0.421,921.9
חולון,קרית עבודה,שנקר,73.0,840000,79,4.0,3.0,2011,3,178986.93,658503.04,34.776081,32.018978,0.421,921.9
חולון,קרית עבודה,שנקר,53.0,280000,55,2.0,1.0,2011,3,179020.19,658788.24,34.776421,32.021551,0.421,921.9
חולון,קרית עבודה,שנקר,53.0,785000,55,3.0,3.0,2011,3,179020.19,658788.24,34.776421,32.021551,0.421,921.9
חולון,אגרובנק,שנקר,20.0,1000000,120,4.0,3.0,2011,2,179026.4,659284.12,34.776466,32.026023,0.421,921.9
חולון,קרית עבודה,שנקר,75.0,1280000,84,4.0,4.0,2011,2,178982.9,658486.09,34.776039,32.018825,0.421,921.9
חולון,אגרובנק,שנקר,15.0,600000,120,4.0,1.0,2011,1,179081.03,659338.57,34.777042,32.026516,0.421,921.9
חולון,אגרובנק,שנקר,24.0,1050000,50,3.0,3.0,2011,1,179019.09,659251.1,34.77639,32.025725,0.421,921.9
חולון,קרית עבודה,שנקר,66.0,1200000,81,4.0,1.0,2010,12,178928.85,658530.44,34.775465,32.019223,0.421,921.9
חולון,קרית עבודה,שנקר,66.0,835000,65,2.0,1.0,2010,12,178928.85,658530.44,34.775465,32.019223,0.421,921.9
חולון,אגרובנק,שנקר,11.0,800000,60,3.0,3.0,2010,11,179081.03,659338.57,34.777042,32.026516,0.421,921.9
חולון,קרית עבודה,שנקר,53.0,833000,75,3.0,3.0,2010,11,179020.19,658788.24,34.776421,32.021551,0.421,921.9
חולון,אגרובנק,שנקר,32.0,1240000,79,4.0,4.0,2010,11,179005.44,659120.53,34.776251,32.024547,0.421,921.9
חולון,קרית עבודה,שנקר,71.0,570000,38,2.0,4.0,2010,11,178989.85,658522.55,34.776111,32.019154,0.421,921.9
חולון,קרית עבודה,שנקר,66.0,200000,64,3.0,3.0,2010,11,178928.85,658530.44,34.775465,32.019223,0.421,921.9
חולון,קרית עבודה,שנקר,60.0,1030000,66,3.5,4.0,2010,11,178943.88,658580.73,34.775622,32.019677,0.421,921.9
חולון,אגרובנק,שנקר,10.0,770000,50,3.0,3.0,2010,11,179019.41,659380.07,34.776388,32.026888,0.421,921.9
חולון,אגרובנק,שנקר,34.0,1525000,96,4.5,8.0,2010,10,179003.25,659092.48,34.776229,32.024294,0.421,921.9
חולון,אגרובנק,שנקר,39.0,1230000,100,4.0,8.0,2010,10,179054.95,659048.91,34.776778,32.023903,0.421,921.9
חולון,אגרובנק,שנקר,10.0,700000,50,2.0,3.0,2010,9,179019.41,659380.07,34.776388,32.026888,0.421,921.9
חולון,אגרובנק,שנקר,24.0,585000,42,1.5,4.0,2010,9,179019.09,659251.1,34.77639,32.025725,0.421,921.9
חולון,אגרובנק,שנקר,34.0,1150000,94,4.5,4.0,2010,9,179003.25,659092.48,34.776229,32.024294,0.421,921.9
חולון,אגרובנק,שנקר,5.0,775000,64,3.0,3.0,2010,9,179117.43,659440.23,34.777423,32.027434,0.421,921.9
חולון,קרית עבודה,שנקר,64.0,1100000,68,3.0,3.0,2010,9,178937.12,658544.27,34.775552,32.019348,0.421,921.9
חולון,אגרובנק,שנקר,26.0,680000,50,1.5,5.0,2010,9,179022.25,659212.83,34.776425,32.02538,0.421,921.9
חולון,קרית עבודה,שנקר,47.0,870000,76,3.5,3.0,2010,8,179031.63,658887.33,34.776538,32.022445,0.421,921.9
חולון,אגרובנק,שנקר,39.0,1360000,75,4.0,4.0,2010,8,179054.95,659048.91,34.776778,32.023903,0.421,921.9
חולון,קרית עבודה,שנקר,75.0,1000000,84,4.0,3.0,2010,8,178982.9,658486.09,34.776039,32.018825,0.421,921.9
חולון,אגרובנק,שנקר,21.0,1000000,61,3.0,3.0,2010,7,179071.47,659238.25,34.776945,32.025611,0.421,921.9
חולון,קרית עבודה,שנקר,76.0,1100000,70,3.0,6.0,2010,6,178925.08,658438.31,34.775429,32.018392,0.421,921.9
חולון,אגרובנק,שנקר,5.0,1265000,41,2.0,0.0,2010,6,179117.43,659440.23,34.777423,32.027434,0.421,921.9
חולון,אגרובנק,שנקר,21.0,1200000,72,4.0,3.0,2010,3,179071.47,659238.25,34.776945,32.025611,0.421,921.9
חולון,קרית עבודה,שנקר,71.0,780000,54,2.5,4.0,2010,2,178989.85,658522.55,34.776111,32.019154,0.421,921.9
חולון,אגרובנק,שנקר,28.0,750000,80,2.5,5.0,2010,2,179014.41,659165.29,34.776344,32.024951,0.421,921.9
חולון,קרית עבודה,שנקר,53.0,742000,47,2.0,3.0,2010,2,179020.19,658788.24,34.776421,32.021551,0.421,921.9
חולון,קרית עבודה,שנקר,60.0,800000,76,3.5,1.0,2010,2,178943.88,658580.73,34.775622,32.019677,0.421,921.9
חולון,אגרובנק,שנקר,13.0,650000,64,3.0,3.0,2010,2,179081.03,659338.57,34.777042,32.026516,0.421,921.9
חולון,אגרובנק,שנקר,5.0,300000,50,3.0,3.0,2010,1,179117.43,659440.23,34.777423,32.027434,0.421,921.9
חולון,אגרובנק,שנקר,11.0,950000,75,3.0,3.0,2009,12,179081.03,659338.57,34.777042,32.026516,0.421,921.9
חולון,קרית עבודה,שנקר,71.0,565000,38,2.0,4.0,2009,12,178989.85,658522.55,34.776111,32.019154,0.421,921.9
חולון,אגרובנק,שנקר,17.0,935000,61,3.0,3.0,2009,11,179079.63,659295.88,34.777029,32.026131,0.421,921.9
חולון,אגרובנק,שנקר,26.0,1025000,69,3.0,5.0,2009,9,179022.25,659212.83,34.776425,32.02538,0.421,921.9
חולון,קרית עבודה,שנקר,70.0,1050000,54,3.0,1.0,2009,8,178927.74,658491.08,34.775455,32.018868,0.421,921.9
חולון,אגרובנק,שנקר,11.0,570000,80,3.0,1.0,2009,8,179081.03,659338.57,34.777042,32.026516,0.421,921.9
חולון,אגרובנק,שנקר,6.0,755000,50,3.0,4.0,2009,8,179040.94,659471.36,34.776612,32.027712,0.421,921.9
חולון,אגרובנק,שנקר,39.0,1385000,120,5.0,3.0,2009,8,179054.95,659048.91,34.776778,32.023903,0.421,921.9
חולון,אגרובנק,שנקר,10.0,740000,50,2.5,3.0,2009,7,179019.41,659380.07,34.776388,32.026888,0.421,921.9
חולון,אגרובנק,שנקר,24.0,655000,40,2.0,3.0,2009,7,179019.09,659251.1,34.77639,32.025725,0.421,921.9
חולון,אגרובנק,שנקר,34.0,1155000,97,4.5,3.0,2009,7,179003.25,659092.48,34.776229,32.024294,0.421,921.9
חולון,קרית עבודה,שנקר,74.0,830000,68,3.0,1.0,2009,5,178925.62,658456.16,34.775434,32.018553,0.421,921.9
חולון,אגרובנק,שנקר,29.0,695000,64,3.0,3.0,2009,5,179062.99,659125.4,34.77686,32.024593,0.421,921.9
חולון,קרית עבודה,שנקר,70.0,800000,70,3.5,4.0,2009,4,178927.74,658491.08,34.775455,32.018868,0.421,921.9
חולון,אגרובנק,שנקר,24.0,745000,56,2.5,3.0,2009,3,179019.09,659251.1,34.77639,32.025725,0.421,921.9
חולון,אגרובנק,שנקר,38.0,755000,64,3.0,6.0,2009,3,178990.92,659056.82,34.7761,32.023972,0.421,921.9
חולון,קרית עבודה,שנקר,46.0,640000,60,3.0,3.0,2009,2,178974.82,658878.79,34.775937,32.022366,0.421,921.9
חולון,קרית עבודה,שנקר,74.0,725000,67,3.0,1.0,2009,1,178925.62,658456.16,34.775434,32.018553,0.421,921.9
חולון,אגרובנק,שנקר,39.0,980000,85,4.0,6.0,2008,12,179054.95,659048.91,34.776778,32.023903,0.421,921.9
חולון,אגרובנק,שנקר,5.0,650000,64,3.0,0.0,2008,12,179117.43,659440.23,34.777423,32.027434,0.421,921.9
חולון,אגרובנק,שנקר,28.0,740000,57,2.5,3.0,2008,12,179014.41,659165.29,34.776344,32.024951,0.421,921.9
חולון,אגרובנק,שנקר,8.0,400000,50,3.0,1.0,2008,10,179039.37,659434.21,34.776597,32.027377,0.421,921.9
חולון,אגרובנק,שנקר,17.0,850000,58,3.5,3.0,2008,9,179079.63,659295.88,34.777029,32.026131,0.421,921.9
חולון,אגרובנק,שנקר,21.0,700000,72,3.0,3.0,2008,9,179071.47,659238.25,34.776945,32.025611,0.421,921.9
חולון,קרית עבודה,שנקר,47.0,767000,77,4.0,3.0,2008,9,179031.63,658887.33,34.776538,32.022445,0.421,921.9
חולון,אגרובנק,שנקר,39.0,900000,85,4.0,6.0,2008,9,179054.95,659048.91,34.776778,32.023903,0.421,921.9
חולון,קרית עבודה,שנקר,46.0,385000,45,2.0,4.0,2008,8,178974.82,658878.79,34.775937,32.022366,0.421,921.9
חולון,אגרובנק,שנקר,19.0,700000,57,3.0,3.0,2008,6,179078.42,659276.37,34.777017,32.025955,0.421,921.9
חולון,אגרובנק,שנקר,11.0,560000,65,3.0,0.0,2008,6,179081.03,659338.57,34.777042,32.026516,0.421,921.9
חולון,קרית עבודה,שנקר,77.0,729000,55,2.5,5.0,2008,5,178983.87,658467.9,34.77605,32.018661,0.421,921.9
חולון,אגרובנק,שנקר,17.0,800000,61,3.0,3.0,2008,5,179079.63,659295.88,34.777029,32.026131,0.421,921.9
חולון,קרית עבודה,שנקר,70.0,489000,58,2.5,4.0,2008,5,178927.74,658491.08,34.775455,32.018868,0.421,921.9
חולון,קרית עבודה,שנקר,74.0,709000,56,3.0,3.0,2008,4,178925.62,658456.16,34.775434,32.018553,0.421,921.9
חולון,קרית עבודה,שנקר,71.0,566000,55,2.0,3.0,2008,3,178989.85,658522.55,34.776111,32.019154,0.421,921.9
חולון,אגרובנק,שנקר,34.0,865000,84,4.0,4.0,2008,3,179003.25,659092.48,34.776229,32.024294,0.421,921.9
חולון,אגרובנק,שנקר,15.0,600000,64,3.0,1.0,2008,2,179081.03,659338.57,34.777042,32.026516,0.421,921.9
חולון,אגרובנק,שנקר,6.0,435000,54,3.0,4.0,2008,2,179040.94,659471.36,34.776612,32.027712,0.421,921.9
חולון,אגרובנק,שנקר,23.0,498000,66,3.0,4.0,2008,1,179064.18,659209.23,34.776869,32.025349,0.421,921.9
חולון,קרית עבודה,שנקר,83.0,540000,54,3.0,4.0,2008,1,178970.32,658362.39,34.775911,32.017709,0.421,921.9
חולון,קרית עבודה,שנקר,62.0,680000,62,3.0,3.0,2008,1,178937.76,658561.79,34.775558,32.019506,0.421,921.9
חולון,קרית עבודה,שנקר,71.0,535000,54,2.5,4.0,2007,12,178989.85,658522.55,34.776111,32.019154,0.421,921.9
חולון,קרית עבודה,שנקר,53.0,560000,55,3.0,3.0,2007,12,179020.19,658788.24,34.776421,32.021551,0.421,921.9
חולון,אגרובנק,שנקר,24.0,735000,69,3.0,4.0,2007,12,179019.09,659251.1,34.77639,32.025725,0.421,921.9
חולון,אגרובנק,שנקר,35.0,590000,62,2.5,3.0,2007,12,179055.61,659074.2,34.776784,32.024131,0.421,921.9
חולון,אגרובנק,שנקר,3.0,690000,105,3.0,3.0,2007,11,179114.43,659471.29,34.77739,32.027714,0.421,921.9
חולון,אגרובנק,שנקר,32.0,863000,67,3.0,3.0,2007,11,179005.44,659120.53,34.776251,32.024547,0.421,921.9
חולון,אגרובנק,שנקר,18.0,980000,106,4.5,4.0,2007,11,179023.41,659315.73,34.776433,32.026308,0.421,921.9
חולון,אגרובנק,שנקר,10.0,386000,50,2.0,1.0,2007,11,179019.41,659380.07,34.776388,32.026888,0.421,921.9
חולון,אגרובנק,שנקר,18.0,720000,65,3.0,1.0,2007,10,179023.41,659315.73,34.776433,32.026308,0.421,921.9
חולון,אגרובנק,שנקר,39.0,441000,78,4.0,3.0,2007,9,179054.95,659048.91,34.776778,32.023903,0.421,921.9
חולון,אגרובנק,שנקר,11.0,564000,64,3.0,0.0,2007,9,179081.03,659338.57,34.777042,32.026516,0.421,921.9
חולון,אגרובנק,שנקר,15.0,523000,64,3.0,0.0,2007,9,179081.03,659338.57,34.777042,32.026516,0.421,921.9
חולון,אגרובנק,שנקר,15.0,392000,64,3.0,1.0,2007,8,179081.03,659338.57,34.777042,32.026516,0.421,921.9
חולון,קרית עבודה,שנקר,76.0,690000,70,3.0,3.0,2007,7,178925.08,658438.31,34.775429,32.018392,0.421,921.9
חולון,אגרובנק,שנקר,39.0,685000,87,4.0,6.0,2007,7,179054.95,659048.91,34.776778,32.023903,0.421,921.9
חולון,קרית עבודה,שנקר,76.0,600000,70,3.0,4.0,2007,7,178925.08,658438.31,34.775429,32.018392,0.421,921.9
חולון,אגרובנק,שנקר,39.0,777000,77,4.0,4.0,2007,7,179054.95,659048.91,34.776778,32.023903,0.421,921.9
חולון,אגרובנק,שנקר,32.0,720000,79,4.0,3.0,2007,6,179005.44,659120.53,34.776251,32.024547,0.421,921.9
חולון,אגרובנק,שנקר,29.0,560000,64,3.0,1.0,2007,5,179062.99,659125.4,34.77686,32.024593,0.421,921.9
חולון,קרית עבודה,שנקר,53.0,446000,55,2.5,3.0,2007,5,179020.19,658788.24,34.776421,32.021551,0.421,921.9
חולון,אגרובנק,שנקר,17.0,589000,61,3.0,3.0,2007,4,179079.63,659295.88,34.777029,32.026131,0.421,921.9
חולון,אגרובנק,שנקר,27.0,336000,21,1.0,1.0,2007,3,179067.31,659142.46,34.776905,32.024747,0.421,921.9
חולון,אגרובנק,שנקר,36.0,881000,85,4.0,6.0,2007,3,178990.92,659056.82,34.7761,32.023972,0.421,921.9
חולון,אגרובנק,שנקר,27.0,433000,40,2.0,3.0,2007,2,179067.31,659142.46,34.776905,32.024747,0.421,921.9
חולון,קרית עבודה,שנקר,53.0,435000,54,3.0,3.0,2007,2,179020.19,658788.24,34.776421,32.021551,0.421,921.9
חולון,אגרובנק,שנקר,39.0,309000,85,4.0,5.0,2007,2,179054.95,659048.91,34.776778,32.023903,0.421,921.9
חולון,אגרובנק,שנקר,39.0,642000,78,4.0,4.0,2007,2,179054.95,659048.91,34.776778,32.023903,0.421,921.9
חולון,אגרובנק,שנקר,39.0,649000,86,4.0,6.0,2007,2,179054.95,659048.91,34.776778,32.023903,0.421,921.9
חולון,קרית עבודה,שנקר,62.0,615000,54,2.0,3.0,2007,2,178937.76,658561.79,34.775558,32.019506,0.421,921.9
חולון,אגרובנק,שנקר,13.0,653000,65,3.0,1.0,2007,1,179081.03,659338.57,34.777042,32.026516,0.421,921.9
חולון,אגרובנק,שנקר,21.0,667500,61,3.0,3.0,2006,12,179071.47,659238.25,34.776945,32.025611,0.421,921.9
חולון,אגרובנק,שנקר,3.0,627000,102,3.0,1.0,2006,12,179114.43,659471.29,34.77739,32.027714,0.421,921.9
חולון,אגרובנק,שנקר,39.0,686000,85,4.0,7.0,2006,11,179054.95,659048.91,34.776778,32.023903,0.421,921.9
חולון,אגרובנק,שנקר,21.0,302000,72,3.0,3.0,2006,11,179071.47,659238.25,34.776945,32.025611,0.421,921.9
חולון,קרית עבודה,שנקר,76.0,553000,70,3.0,1.0,2006,10,178925.08,658438.31,34.775429,32.018392,0.421,921.9
חולון,אגרובנק,שנקר,18.0,220000,60,3.0,3.0,2006,8,179023.41,659315.73,34.776433,32.026308,0.421,921.9
חולון,אגרובנק,שנקר,17.0,621000,60,3.0,3.0,2006,7,179079.63,659295.88,34.777029,32.026131,0.421,921.9
חולון,קרית עבודה,שנקר,70.0,601000,66,3.0,3.0,2006,5,178927.74,658491.08,34.775455,32.018868,0.421,921.9
חולון,אגרובנק,שנקר,6.0,370000,50,3.0,4.0,2006,5,179040.94,659471.36,34.776612,32.027712,0.421,921.9
חולון,קרית עבודה,שנקר,77.0,645000,56,3.0,3.0,2006,4,178983.87,658467.9,34.77605,32.018661,0.421,921.9
חולון,קרית עבודה,שנקר,58.0,712000,65,3.0,3.0,2006,3,178948.97,658601.11,34.775675,32.019861,0.421,921.9
חולון,קרית עבודה,שנקר,64.0,424000,68,3.0,3.0,2006,2,178937.12,658544.27,34.775552,32.019348,0.421,921.9
חולון,קרית עבודה,שנקר,77.0,552000,49,2.5,3.0,2006,1,178983.87,658467.9,34.77605,32.018661,0.421,921.9
חולון,אגרובנק,שנקר,13.0,462000,64,3.0,1.0,2005,12,179081.03,659338.57,34.777042,32.026516,0.421,921.9
חולון,אגרובנק,שנקר,39.0,683000,67,4.0,9.0,2005,12,179054.95,659048.91,34.776778,32.023903,0.421,921.9
חולון,אגרובנק,שנקר,19.0,614000,57,3.0,1.0,2005,12,179078.42,659276.37,34.777017,32.025955,0.421,921.9
חולון,אגרובנק,שנקר,22.0,676000,82,4.0,1.0,2005,11,179026.4,659284.12,34.776466,32.026023,0.421,921.9
חולון,קרית עבודה,שנקר,73.0,710000,79,4.0,3.0,2005,9,178986.93,658503.04,34.776081,32.018978,0.421,921.9
חולון,אגרובנק,שנקר,24.0,582000,69,3.0,1.0,2005,9,179019.09,659251.1,34.77639,32.025725,0.421,921.9
חולון,אגרובנק,שנקר,24.0,769000,69,3.0,3.0,2005,8,179019.09,659251.1,34.77639,32.025725,0.421,921.9
חולון,אגרובנק,שנקר,34.0,892000,112,4.0,1.0,2005,8,179003.25,659092.48,34.776229,32.024294,0.421,921.9
חולון,קרית עבודה,שנקר,47.0,453000,80,4.0,3.0,2005,7,179031.63,658887.33,34.776538,32.022445,0.421,921.9
חולון,קרית עבודה,שנקר,70.0,249000,55,3.0,3.0,2005,7,178927.74,658491.08,34.775455,32.018868,0.421,921.9
חולון,אגרובנק,שנקר,26.0,417000,45,2.0,1.0,2005,6,179022.25,659212.83,34.776425,32.02538,0.421,921.9
חולון,אגרובנק,שנקר,39.0,654000,85,4.0,4.0,2005,5,179054.95,659048.91,34.776778,32.023903,0.421,921.9
חולון,אגרובנק,שנקר,24.0,610000,62,2.0,4.0,2005,5,179019.09,659251.1,34.77639,32.025725,0.421,921.9
חולון,אגרובנק,שנקר,39.0,633000,78,4.0,7.0,2005,4,179054.95,659048.91,34.776778,32.023903,0.421,921.9
חולון,אגרובנק,שנקר,24.0,174000,40,2.0,3.0,2005,4,179019.09,659251.1,34.77639,32.025725,0.421,921.9
חולון,קרית עבודה,שנקר,62.0,634000,80,3.0,4.0,2005,3,178937.76,658561.79,34.775558,32.019506,0.421,921.9
חולון,אגרובנק,שנקר,6.0,572000,63,3.0,1.0,2005,2,179040.94,659471.36,34.776612,32.027712,0.421,921.9
חולון,קרית עבודה,שנקר,64.0,566000,55,2.0,1.0,2005,2,178937.12,658544.27,34.775552,32.019348,0.421,921.9
חולון,קרית עבודה,שנקר,77.0,583000,55,2.0,3.0,2005,1,178983.87,658467.9,34.77605,32.018661,0.421,921.9
חולון,אגרובנק,שנקר,39.0,612000,85,4.0,5.0,2005,1,179054.95,659048.91,34.776778,32.023903,0.421,921.9
חולון,קרית עבודה,שנקר,76.0,607000,73,3.0,4.0,2004,12,178925.08,658438.31,34.775429,32.018392,0.421,921.9
חולון,קרית עבודה,שנקר,47.0,686000,77,3.0,3.0,2004,12,179031.63,658887.33,34.776538,32.022445,0.421,921.9
חולון,אגרובנק,שנקר,10.0,436000,62,2.5,1.0,2004,12,179019.41,659380.07,34.776388,32.026888,0.421,921.9
חולון,אגרובנק,שנקר,34.0,928000,94,4.0,3.0,2004,12,179003.25,659092.48,34.776229,32.024294,0.421,921.9
חולון,אגרובנק,שנקר,38.0,763000,100,4.0,8.0,2004,11,178990.92,659056.82,34.7761,32.023972,0.421,921.9
חולון,קרית עבודה,שנקר,47.0,441000,50,2.0,3.0,2004,11,179031.63,658887.33,34.776538,32.022445,0.421,921.9
חולון,אגרובנק,שנקר,39.0,714000,100,4.0,3.0,2004,10,179054.95,659048.91,34.776778,32.023903,0.421,921.9
חולון,קרית עבודה,שנקר,53.0,385000,47,2.0,3.0,2004,9,179020.19,658788.24,34.776421,32.021551,0.421,921.9
חולון,אגרובנק,שנקר,23.0,394000,45,2.0,4.0,2004,9,179064.18,659209.23,34.776869,32.025349,0.421,921.9
חולון,אגרובנק,שנקר,18.0,946000,106,4.0,3.0,2004,9,179023.41,659315.73,34.776433,32.026308,0.421,921.9
חולון,אגרובנק,שנקר,5.0,537000,65,3.0,3.0,2004,7,179117.43,659440.23,34.777423,32.027434,0.421,921.9
חולון,אגרובנק,שנקר,32.0,785000,79,4.0,4.0,2004,5,179005.44,659120.53,34.776251,32.024547,0.421,921.9
חולון,אגרובנק,שנקר,5.0,458000,64,3.0,0.0,2004,4,179117.43,659440.23,34.777423,32.027434,0.421,921.9
חולון,קרית עבודה,שנקר,71.0,465000,38,2.0,3.0,2004,3,178989.85,658522.55,34.776111,32.019154,0.421,921.9
חולון,אגרובנק,שנקר,38.0,777000,87,4.0,5.0,2004,3,178990.92,659056.82,34.7761,32.023972,0.421,921.9
חולון,אגרובנק,שנקר,39.0,708000,70,3.0,1.0,2004,3,179054.95,659048.91,34.776778,32.023903,0.421,921.9
חולון,אגרובנק,שנקר,36.0,589000,64,3.0,8.0,2004,1,178990.92,659056.82,34.7761,32.023972,0.421,921.9
חולון,אגרובנק,שנקר,8.0,525000,50,2.0,3.0,2004,1,179039.37,659434.21,34.776597,32.027377,0.421,921.9
חולון,אגרובנק,שנקר,27.0,437000,53,2.0,3.0,2004,1,179067.31,659142.46,34.776905,32.024747,0.421,921.9
חולון,קרית עבודה,שנקר,77.0,678000,58,3.0,5.0,2004,1,178983.87,658467.9,34.77605,32.018661,0.421,921.9
חולון,אגרובנק,שנקר,30.0,744000,78,4.0,3.0,2003,11,179006.94,659140.37,34.776266,32.024726,0.421,921.9
חולון,אגרובנק,שנקר,10.0,667000,87,4.0,3.0,2003,11,179019.41,659380.07,34.776388,32.026888,0.421,921.9
חולון,אגרובנק,שנקר,39.0,682000,86,4.0,8.0,2003,11,179054.95,659048.91,34.776778,32.023903,0.421,921.9
חולון,אגרובנק,שנקר,30.0,740000,87,4.0,1.0,2003,10,179006.94,659140.37,34.776266,32.024726,0.421,921.9
חולון,אגרובנק,שנקר,39.0,694000,86,4.0,6.0,2003,9,179054.95,659048.91,34.776778,32.023903,0.421,921.9
חולון,אגרובנק,שנקר,19.0,493000,57,3.0,3.0,2003,9,179078.42,659276.37,34.777017,32.025955,0.421,921.9
חולון,קרית עבודה,שנקר,74.0,459000,56,3.0,4.0,2003,8,178925.62,658456.16,34.775434,32.018553,0.421,921.9
חולון,אגרובנק,שנקר,10.0,407000,50,2.0,4.0,2003,8,179019.41,659380.07,34.776388,32.026888,0.421,921.9
חולון,אגרובנק,שנקר,29.0,364000,42,2.0,3.0,2003,7,179062.99,659125.4,34.77686,32.024593,0.421,921.9
חולון,אגרובנק,שנקר,39.0,1194000,120,6.0,3.0,2003,7,179054.95,659048.91,34.776778,32.023903,0.421,921.9
חולון,אגרובנק,שנקר,39.0,653000,78,4.0,8.0,2003,7,179054.95,659048.91,34.776778,32.023903,0.421,921.9
חולון,אגרובנק,שנקר,32.0,600000,55,2.5,4.0,2003,7,179005.44,659120.53,34.776251,32.024547,0.421,921.9
חולון,קרית עבודה,שנקר,53.0,318000,62,2.0,3.0,2003,6,179020.19,658788.24,34.776421,32.021551,0.421,921.9
חולון,אגרובנק,שנקר,43.0,953000,113,4.0,3.0,2003,6,179036.79,658972.8,34.776589,32.023216,0.421,921.9
חולון,אגרובנק,שנקר,24.0,453000,62,2.0,4.0,2003,4,179019.09,659251.1,34.77639,32.025725,0.421,921.9
חולון,אגרובנק,הגלעד,7.0,1275000,50,2.0,3.0,2019,11,179001.18,659498.13,34.77619,32.027952,0.421,921.9
חולון,אגרובנק,הגלעד,7.0,350000,62,3.0,4.0,2019,3,179001.18,659498.13,34.77619,32.027952,0.421,921.9
חולון,אגרובנק,הגלעד,7.0,1250000,50,3.0,3.0,2017,1,179001.18,659498.13,34.77619,32.027952,0.421,921.9
חולון,אגרובנק,הגלעד,7.0,1270000,52,2.5,1.0,2016,7,179001.18,659498.13,34.77619,32.027952,0.421,921.9
חולון,אגרובנק,הגלעד,7.0,930000,50,3.0,4.0,2014,4,179001.18,659498.13,34.77619,32.027952,0.421,921.9
חולון,אגרובנק,הגלעד,7.0,845000,50,3.0,4.0,2011,7,179001.18,659498.13,34.77619,32.027952,0.421,921.9
חולון,אגרובנק,הגלעד,7.0,1045000,80,3.5,3.0,2011,3,179001.18,659498.13,34.77619,32.027952,0.421,921.9
חולון,אגרובנק,הגלעד,7.0,750000,50,3.0,4.0,2010,5,179001.18,659498.13,34.77619,32.027952,0.421,921.9
חולון,אגרובנק,הגלעד,7.0,705000,50,2.5,3.0,2009,8,179001.18,659498.13,34.77619,32.027952,0.421,921.9
חולון,אגרובנק,הגלעד,7.0,710000,50,2.5,3.0,2009,6,179001.18,659498.13,34.77619,32.027952,0.421,921.9
חולון,אגרובנק,הגלעד,7.0,394000,50,3.0,4.0,2006,10,179001.18,659498.13,34.77619,32.027952,0.421,921.9
חולון,אגרובנק,הגלעד,7.0,527000,50,2.0,3.0,2003,9,179001.18,659498.13,34.77619,32.027952,0.421,921.9
חולון,אגרובנק,הגלעד,5.0,2145000,50,2.0,4.0,2025,4,178939.9,659507.35,34.775541,32.028033,0.421,921.9
חולון,אגרובנק,הגלעד,1.0,1924000,65,3.0,3.0,2024,4,178804.06,659507.67,34.774103,32.028031,0.421,921.9
חולון,אגרובנק,הגלעד,6.0,1787800,55,3.0,1.0,2022,12,178899.14,659471.92,34.775111,32.027712,0.421,921.9
חולון,אגרובנק,הגלעד,1.0,2000000,83,3.0,4.0,2022,6,178804.06,659507.67,34.774103,32.028031,0.421,921.9
חולון,אגרובנק,הגלעד,8.0,648000,64,2.0,4.0,2022,1,178932.64,659463.58,34.775466,32.027638,0.421,921.9
חולון,אגרובנק,הגלעד,6.0,1800000,81,4.0,3.0,2021,12,178899.14,659471.92,34.775111,32.027712,0.421,921.9
חולון,אגרובנק,הגלעד,5.0,540000,62,3.0,1.0,2021,11,178939.9,659507.35,34.775541,32.028033,0.421,921.9
חולון,אגרובנק,הגלעד,1.0,1535000,65,3.0,3.0,2021,2,178804.06,659507.67,34.774103,32.028031,0.421,921.9
חולון,אגרובנק,הגלעד,5.0,625000,50,3.0,3.0,2020,8,178939.9,659507.35,34.775541,32.028033,0.421,921.9
חולון,אגרובנק,הגלעד,5.0,312000,50,2.0,3.0,2020,8,178939.9,659507.35,34.775541,32.028033,0.421,921.9
חולון,אגרובנק,הגלעד,5.0,490000,50,3.0,1.0,2019,10,178939.9,659507.35,34.775541,32.028033,0.421,921.9
חולון,אגרובנק,הגלעד,6.0,1285000,50,3.0,4.0,2019,7,178899.14,659471.92,34.775111,32.027712,0.421,921.9
חולון,אגרובנק,הגלעד,1.0,1100000,72,3.0,1.0,2018,6,178804.06,659507.67,34.774103,32.028031,0.421,921.9
חולון,אגרובנק,הגלעד,5.0,1300000,63,3.5,3.0,2018,1,178939.9,659507.35,34.775541,32.028033,0.421,921.9
חולון,אגרובנק,הגלעד,1.0,1260000,49,3.0,3.0,2017,9,178804.06,659507.67,34.774103,32.028031,0.421,921.9
חולון,אגרובנק,הגלעד,1.0,1060000,65,3.0,3.0,2015,7,178804.06,659507.67,34.774103,32.028031,0.421,921.9
חולון,אגרובנק,הגלעד,5.0,900000,50,2.5,4.0,2015,7,178939.9,659507.35,34.775541,32.028033,0.421,921.9
חולון,אגרובנק,הגלעד,1.0,1149000,50,3.0,3.0,2015,3,178804.06,659507.67,34.774103,32.028031,0.421,921.9
חולון,אגרובנק,הגלעד,1.0,895000,49,3.0,4.0,2013,9,178804.06,659507.67,34.774103,32.028031,0.421,921.9
חולון,אגרובנק,הגלעד,5.0,1000000,50,3.0,3.0,2013,5,178939.9,659507.35,34.775541,32.028033,0.421,921.9
חולון,אגרובנק,הגלעד,5.0,990000,50,3.0,3.0,2013,5,178939.9,659507.35,34.775541,32.028033,0.421,921.9
חולון,אגרובנק,הגלעד,5.0,425000,50,3.0,3.0,2012,8,178939.9,659507.35,34.775541,32.028033,0.421,921.9
חולון,אגרובנק,הגלעד,6.0,890000,50,2.5,4.0,2012,2,178899.14,659471.92,34.775111,32.027712,0.421,921.9
חולון,אגרובנק,הגלעד,8.0,900000,50,2.5,1.0,2011,2,178932.64,659463.58,34.775466,32.027638,0.421,921.9
חולון,אגרובנק,הגלעד,1.0,770000,49,3.0,4.0,2010,8,178804.06,659507.67,34.774103,32.028031,0.421,921.9
חולון,אגרובנק,הגלעד,6.0,849000,50,3.0,1.0,2009,12,178899.14,659471.92,34.775111,32.027712,0.421,921.9
חולון,אגרובנק,הגלעד,6.0,800000,50,3.0,3.0,2009,11,178899.14,659471.92,34.775111,32.027712,0.421,921.9
חולון,אגרובנק,הגלעד,8.0,765000,50,3.0,3.0,2009,9,178932.64,659463.58,34.775466,32.027638,0.421,921.9
חולון,אגרובנק,הגלעד,1.0,735000,49,2.5,3.0,2009,7,178804.06,659507.67,34.774103,32.028031,0.421,921.9
חולון,אגרובנק,הגלעד,6.0,700000,50,3.0,3.0,2009,6,178899.14,659471.92,34.775111,32.027712,0.421,921.9
חולון,אגרובנק,הגלעד,6.0,215000,50,2.0,3.0,2008,9,178899.14,659471.92,34.775111,32.027712,0.421,921.9
חולון,אגרובנק,הגלעד,5.0,467000,60,3.0,4.0,2007,5,178939.9,659507.35,34.775541,32.028033,0.421,921.9
חולון,אגרובנק,הגלעד,6.0,386000,50,3.0,4.0,2006,11,178899.14,659471.92,34.775111,32.027712,0.421,921.9
חולון,אגרובנק,הגלעד,5.0,390000,50,2.0,4.0,2006,10,178939.9,659507.35,34.775541,32.028033,0.421,921.9
חולון,אגרובנק,הגלעד,1.0,498000,49,3.0,3.0,2006,9,178804.06,659507.67,34.774103,32.028031,0.421,921.9
חולון,אגרובנק,הגלעד,8.0,417000,50,3.0,3.0,2006,5,178932.64,659463.58,34.775466,32.027638,0.421,921.9
חולון,אגרובנק,הגלעד,5.0,249000,50,2.0,1.0,2005,11,178939.9,659507.35,34.775541,32.028033,0.421,921.9
חולון,אגרובנק,הגלעד,6.0,450000,50,2.5,3.0,2005,8,178899.14,659471.92,34.775111,32.027712,0.421,921.9
חולון,אגרובנק,הגלעד,5.0,526000,50,2.0,3.0,2004,5,178939.9,659507.35,34.775541,32.028033,0.421,921.9
חולון,אגרובנק,הגלעד,1.0,579000,49,3.0,3.0,2003,6,178804.06,659507.67,34.774103,32.028031,0.421,921.9
חולון,אגרובנק,הגלעד,1.0,477000,49,3.0,4.0,2003,5,178804.06,659507.67,34.774103,32.028031,0.421,921.9
חולון,אגרובנק,הגלעד,5.0,580000,63,4.0,3.0,2003,4,178939.9,659507.35,34.775541,32.028033,0.421,921.9
תל אביב-יפו,קרית שלום,היהודי זיס,7.0,1999000,118,5.0,1.0,2016,5,178998.33,660996.18,34.776097,32.041461,1.064,1197.2
תל אביב-יפו,קרית שלום,היהודי זיס,7.0,1450000,87,4.0,1.0,2011,7,178998.33,660996.18,34.776097,32.041461,1.064,1197.2
תל אביב-יפו,קרית שלום,היהודי זיס,1.0,3200000,113,4.0,0.0,2022,5,178977.86,660930.5,34.775883,32.040868,1.064,1197.2
תל אביב-יפו,קרית שלום,היהודי זיס,9.0,2250000,61,2.0,0.0,2020,11,179006.54,661019.1,34.776183,32.041668,1.064,1197.2
תל אביב-יפו,קרית שלום,היהודי זיס,14.0,164000,100,4.0,0.0,2016,6,179057.37,661044.85,34.77672,32.041902,1.064,1197.2
תל אביב-יפו,קרית שלום,היהודי זיס,14.0,327000,100,4.0,0.0,2016,6,179057.37,661044.85,34.77672,32.041902,1.064,1197.2
תל אביב-יפו,קרית שלום,היהודי זיס,14.0,164000,102,4.0,0.0,2016,5,179057.37,661044.85,34.77672,32.041902,1.064,1197.2
תל אביב-יפו,קרית שלום,היהודי זיס,9.0,100000,47,2.5,0.0,2016,1,179006.54,661019.1,34.776183,32.041668,1.064,1197.2
תל אביב-יפו,קרית שלום,היהודי זיס,14.0,655000,100,4.0,0.0,2015,8,179057.37,661044.85,34.77672,32.041902,1.064,1197.2
תל אביב-יפו,קרית שלום,היהודי זיס,23.0,1290000,46,3.0,1.0,2014,11,179109.42,661117.16,34.777268,32.042556,1.064,1197.2
תל אביב-יפו,קרית שלום,היהודי זיס,4.0,1670000,108,5.0,0.0,2014,6,179008.89,660919.62,34.776212,32.040771,1.064,1197.2
תל אביב-יפו,קרית שלום,היהודי זיס,9.0,1180000,57,2.5,1.0,2012,7,179006.54,661019.1,34.776183,32.041668,1.064,1197.2
תל אביב-יפו,קרית שלום,היהודי זיס,23.0,810000,46,2.0,1.0,2012,1,179109.42,661117.16,34.777268,32.042556,1.064,1197.2
תל אביב-יפו,קרית שלום,היהודי זיס,9.0,690000,57,2.5,1.0,2008,6,179006.54,661019.1,34.776183,32.041668,1.064,1197.2
תל אביב-יפו,קרית שלום,היהודי זיס,1.0,920000,115,4.0,0.0,2007,12,178977.86,660930.5,34.775883,32.040868,1.064,1197.2
תל אביב-יפו,קרית שלום,היהודי זיס,21.0,575000,56,2.0,1.0,2007,6,179093.31,661105.03,34.777098,32.042446,1.064,1197.2
תל אביב-יפו,קרית שלום,היהודי זיס,4.0,738000,108,4.0,0.0,2007,1,179008.89,660919.62,34.776212,32.040771,1.064,1197.2
תל אביב-יפו,קרית שלום,היהודי זיס,9.0,522000,53,2.0,0.0,2006,12,179006.54,661019.1,34.776183,32.041668,1.064,1197.2
תל אביב-יפו,קרית שלום,היהודי זיס,10.0,735000,101,4.0,1.0,2006,5,179036.55,661011.77,34.776501,32.041603,1.064,1197.2
תל אביב-יפו,קרית שלום,אסירי ציון,12.0,2325000,73,3.0,1.0,2020,11,178997.82,661511.16,34.77607,32.046105,1.064,1197.2
תל אביב-יפו,קרית שלום,אסירי ציון,12.0,2050000,70,4.0,1.0,2019,8,178997.82,661511.16,34.77607,32.046105,1.064,1197.2
תל אביב-יפו,קרית שלום,אסירי ציון,3.0,4580000,133,5.0,3.0,2025,4,179080.65,661604.43,34.776943,32.046949,1.064,1197.2
תל אביב-יפו,קרית שלום,אסירי ציון,1.0,3150000,94,4.0,8.0,2023,2,179097.67,661635.08,34.777122,32.047226,1.064,1197.2
תל אביב-יפו,קרית שלום,אסירי ציון,1.0,2875000,90,4.0,0.0,2021,9,179097.67,661635.08,34.777122,32.047226,1.064,1197.2
תל אביב-יפו,קרית שלום,אסירי ציון,1.0,2250000,97,4.0,7.0,2021,1,179097.67,661635.08,34.777122,32.047226,1.064,1197.2
תל אביב-יפו,קרית שלום,אסירי ציון,3.0,100000,84,4.0,4.0,2020,10,179080.65,661604.43,34.776943,32.046949,1.064,1197.2
תל אביב-יפו,קרית שלום,אסירי ציון,3.0,2200000,90,4.0,4.0,2019,10,179080.65,661604.43,34.776943,32.046949,1.064,1197.2
תל אביב-יפו,קרית שלום,אסירי ציון,3.0,2260000,86,4.0,3.0,2019,9,179080.65,661604.43,34.776943,32.046949,1.064,1197.2
תל אביב-יפו,קרית שלום,אסירי ציון,3.0,2150000,90,4.0,4.0,2019,6,179080.65,661604.43,34.776943,32.046949,1.064,1197.2
תל אביב-יפו,קרית שלום,אסירי ציון,1.0,2150000,100,4.0,4.0,2019,1,179097.67,661635.08,34.777122,32.047226,1.064,1197.2
תל אביב-יפו,קרית שלום,אסירי ציון,3.0,2370000,87,4.0,1.0,2019,1,179080.65,661604.43,34.776943,32.046949,1.064,1197.2
תל אביב-יפו,קרית שלום,אסירי ציון,3.0,2200000,87,4.0,4.0,2018,10,179080.65,661604.43,34.776943,32.046949,1.064,1197.2
תל אביב-יפו,קרית שלום,אסירי ציון,3.0,2200000,124,5.0,8.0,2016,8,179080.65,661604.43,34.776943,32.046949,1.064,1197.2
תל אביב-יפו,קרית שלום,אסירי ציון,3.0,1600000,85,4.0,4.0,2015,11,179080.65,661604.43,34.776943,32.046949,1.064,1197.2
תל אביב-יפו,קרית שלום,אסירי ציון,1.0,1950000,117,5.0,7.0,2015,10,179097.67,661635.08,34.777122,32.047226,1.064,1197.2
תל אביב-יפו,קרית שלום,אסירי ציון,3.0,2000000,84,4.0,0.0,2015,10,179080.65,661604.43,34.776943,32.046949,1.064,1197.2
תל אביב-יפו,קרית שלום,אסירי ציון,3.0,1685000,87,4.0,3.0,2014,7,179080.65,661604.43,34.776943,32.046949,1.064,1197.2
תל אביב-יפו,קרית שלום,אסירי ציון,3.0,2535000,133,5.0,3.0,2014,7,179080.65,661604.43,34.776943,32.046949,1.064,1197.2
תל אביב-יפו,קרית שלום,אסירי ציון,1.0,1600000,122,4.0,8.0,2014,5,179097.67,661635.08,34.777122,32.047226,1.064,1197.2
תל אביב-יפו,קרית שלום,אסירי ציון,2.0,1727000,92,4.0,3.0,2014,2,179044.81,661642.61,34.776562,32.047292,1.064,1197.2
תל אביב-יפו,קרית שלום,אסירי ציון,1.0,1927000,84,4.0,0.0,2013,11,179097.67,661635.08,34.777122,32.047226,1.064,1197.2
תל אביב-יפו,קרית שלום,אסירי ציון,3.0,1720000,100,4.0,0.0,2013,8,179080.65,661604.43,34.776943,32.046949,1.064,1197.2
תל אביב-יפו,קרית שלום,אסירי ציון,3.0,1400000,97,4.0,7.0,2012,10,179080.65,661604.43,34.776943,32.046949,1.064,1197.2
תל אביב-יפו,קרית שלום,אסירי ציון,3.0,1328000,97,3.0,3.0,2012,9,179080.65,661604.43,34.776943,32.046949,1.064,1197.2
תל אביב-יפו,קרית שלום,אסירי ציון,1.0,2000000,149,4.0,8.0,2012,2,179097.67,661635.08,34.777122,32.047226,1.064,1197.2
תל אביב-יפו,קרית שלום,אסירי ציון,1.0,1524000,110,4.0,3.0,2011,3,179097.67,661635.08,34.777122,32.047226,1.064,1197.2
תל אביב-יפו,קרית שלום,אסירי ציון,3.0,2030000,120,5.0,6.0,2011,2,179080.65,661604.43,34.776943,32.046949,1.064,1197.2
תל אביב-יפו,קרית שלום,אסירי ציון,3.0,1090000,95,3.5,0.0,2010,8,179080.65,661604.43,34.776943,32.046949,1.064,1197.2
תל אביב-יפו,קרית שלום,אסירי ציון,2.0,1600000,92,4.0,3.0,2010,5,179044.81,661642.61,34.776562,32.047292,1.064,1197.2
תל אביב-יפו,קרית שלום,אסירי ציון,3.0,2275000,147,4.5,3.0,2010,3,179080.65,661604.43,34.776943,32.046949,1.064,1197.2
תל אביב-יפו,קרית שלום,אסירי ציון,1.0,660000,110,4.0,4.0,2009,11,179097.67,661635.08,34.777122,32.047226,1.064,1197.2
תל אביב-יפו,קרית שלום,אסירי ציון,3.0,1200000,88,4.0,3.0,2009,6,179080.65,661604.43,34.776943,32.046949,1.064,1197.2
תל אביב-יפו,קרית שלום,אסירי ציון,3.0,1050000,106,4.0,4.0,2008,8,179080.65,661604.43,34.776943,32.046949,1.064,1197.2
תל אביב-יפו,קרית שלום,אסירי ציון,1.0,924000,100,4.0,7.0,2007,6,179097.67,661635.08,34.777122,32.047226,1.064,1197.2
תל אביב-יפו,קרית שלום,אסירי ציון,3.0,940000,100,4.0,8.0,2007,5,179080.65,661604.43,34.776943,32.046949,1.064,1197.2
תל אביב-יפו,קרית שלום,אסירי ציון,3.0,890000,100,4.0,8.0,2007,3,179080.65,661604.43,34.776943,32.046949,1.064,1197.2
תל אביב-יפו,קרית שלום,אסירי ציון,1.0,1152000,100,4.0,8.0,2007,2,179097.67,661635.08,34.777122,32.047226,1.064,1197.2
תל אביב-יפו,קרית שלום,אסירי ציון,3.0,977000,120,5.0,3.0,2006,11,179080.65,661604.43,34.776943,32.046949,1.064,1197.2
תל אביב-יפו,קרית שלום,אסירי ציון,3.0,786000,100,4.0,7.0,2006,11,179080.65,661604.43,34.776943,32.046949,1.064,1197.2
תל אביב-יפו,קרית שלום,אסירי ציון,1.0,950000,100,4.0,6.0,2006,11,179097.67,661635.08,34.777122,32.047226,1.064,1197.2
תל אביב-יפו,קרית שלום,אסירי ציון,3.0,772000,100,3.0,6.0,2006,10,179080.65,661604.43,34.776943,32.046949,1.064,1197.2
תל אביב-יפו,קרית שלום,אסירי ציון,3.0,895000,100,4.0,5.0,2006,10,179080.65,661604.43,34.776943,32.046949,1.064,1197.2
תל אביב-יפו,קרית שלום,אסירי ציון,3.0,825000,100,4.0,1.0,2006,10,179080.65,661604.43,34.776943,32.046949,1.064,1197.2
תל אביב-יפו,קרית שלום,אסירי ציון,3.0,1053000,95,4.0,4.0,2006,7,179080.65,661604.43,34.776943,32.046949,1.064,1197.2
תל אביב-יפו,קרית שלום,אסירי ציון,3.0,841000,90,3.0,7.0,2006,7,179080.65,661604.43,34.776943,32.046949,1.064,1197.2
תל אביב-יפו,קרית שלום,אסירי ציון,3.0,945000,100,4.0,3.0,2006,6,179080.65,661604.43,34.776943,32.046949,1.064,1197.2
תל אביב-יפו,קרית שלום,אסירי ציון,3.0,930000,100,4.0,3.0,2006,5,179080.65,661604.43,34.776943,32.046949,1.064,1197.2
תל אביב-יפו,קרית שלום,אסירי ציון,3.0,1063000,100,4.0,5.0,2006,5,179080.65,661604.43,34.776943,32.046949,1.064,1197.2
תל אביב-יפו,קרית שלום,אסירי ציון,3.0,1070000,100,4.0,5.0,2006,5,179080.65,661604.43,34.776943,32.046949,1.064,1197.2
תל אביב-יפו,קרית שלום,אסירי ציון,3.0,810000,90,3.0,3.0,2006,5,179080.65,661604.43,34.776943,32.046949,1.064,1197.2
תל אביב-יפו,קרית שלום,אסירי ציון,3.0,790000,90,3.0,1.0,2006,4,179080.65,661604.43,34.776943,32.046949,1.064,1197.2
תל אביב-יפו,קרית שלום,אסירי ציון,3.0,895000,90,4.0,3.0,2006,3,179080.65,661604.43,34.776943,32.046949,1.064,1197.2
תל אביב-יפו,קרית שלום,אסירי ציון,3.0,1569000,120,4.0,3.0,2006,1,179080.65,661604.43,34.776943,32.046949,1.064,1197.2
תל אביב-יפו,קרית שלום,אסירי ציון,3.0,800000,100,3.0,1.0,2005,12,179080.65,661604.43,34.776943,32.046949,1.064,1197.2
תל אביב-יפו,קרית שלום,אסירי ציון,3.0,1046000,100,4.0,0.0,2005,11,179080.65,661604.43,34.776943,32.046949,1.064,1197.2
תל אביב-יפו,קרית שלום,אסירי ציון,3.0,1088000,100,4.0,0.0,2005,9,179080.65,661604.43,34.776943,32.046949,1.064,1197.2
תל אביב-יפו,קרית שלום,אסירי ציון,3.0,1005000,100,4.0,6.0,2005,5,179080.65,661604.43,34.776943,32.046949,1.064,1197.2
תל אביב-יפו,קרית שלום,אסירי ציון,3.0,874000,100,4.0,7.0,2005,5,179080.65,661604.43,34.776943,32.046949,1.064,1197.2
תל אביב-יפו,קרית שלום,אסירי ציון,1.0,854000,100,4.0,3.0,2005,4,179097.67,661635.08,34.777122,32.047226,1.064,1197.2
תל אביב-יפו,קרית שלום,אסירי ציון,1.0,934000,100,4.0,0.0,2005,2,179097.67,661635.08,34.777122,32.047226,1.064,1197.2
תל אביב-יפו,קרית שלום,אסירי ציון,3.0,825000,100,4.0,3.0,2004,11,179080.65,661604.43,34.776943,32.046949,1.064,1197.2
תל אביב-יפו,קרית שלום,אסירי ציון,1.0,941000,100,4.0,0.0,2004,11,179097.67,661635.08,34.777122,32.047226,1.064,1197.2
תל אביב-יפו,קרית שלום,אסירי ציון,1.0,909000,100,4.0,4.0,2004,10,179097.67,661635.08,34.777122,32.047226,1.064,1197.2
תל אביב-יפו,קרית שלום,אסירי ציון,3.0,1356000,125,4.0,3.0,2004,8,179080.65,661604.43,34.776943,32.046949,1.064,1197.2
תל אביב-יפו,קרית שלום,אסירי ציון,3.0,724000,75,4.0,3.0,2004,8,179080.65,661604.43,34.776943,32.046949,1.064,1197.2
תל אביב-יפו,קרית שלום,אסירי ציון,3.0,690000,75,3.0,3.0,2004,7,179080.65,661604.43,34.776943,32.046949,1.064,1197.2
תל אביב-יפו,קרית שלום,אסירי ציון,3.0,1034000,100,4.0,5.0,2004,7,179080.65,661604.43,34.776943,32.046949,1.064,1197.2
תל אביב-יפו,קרית שלום,אסירי ציון,1.0,689000,80,3.0,3.0,2004,7,179097.67,661635.08,34.777122,32.047226,1.064,1197.2
תל אביב-יפו,קרית שלום,אסירי ציון,3.0,1034000,100,4.0,4.0,2004,7,179080.65,661604.43,34.776943,32.046949,1.064,1197.2
תל אביב-יפו,קרית שלום,אסירי ציון,1.0,773000,100,4.0,5.0,2004,6,179097.67,661635.08,34.777122,32.047226,1.064,1197.2
תל אביב-יפו,קרית שלום,אסירי ציון,3.0,905000,100,4.0,4.0,2004,6,179080.65,661604.43,34.776943,32.046949,1.064,1197.2
תל אביב-יפו,קרית שלום,אסירי ציון,1.0,782000,100,4.0,1.0,2004,6,179097.67,661635.08,34.777122,32.047226,1.064,1197.2
תל אביב-יפו,קרית שלום,אסירי ציון,1.0,813000,100,4.0,3.0,2004,5,179097.67,661635.08,34.777122,32.047226,1.064,1197.2
תל אביב-יפו,קרית שלום,אסירי ציון,3.0,1333000,125,5.0,6.0,2004,4,179080.65,661604.43,34.776943,32.046949,1.064,1197.2
תל אביב-יפו,קרית שלום,אסירי ציון,1.0,1088000,125,5.0,6.0,2004,4,179097.67,661635.08,34.777122,32.047226,1.064,1197.2
תל אביב-יפו,קרית שלום,אסירי ציון,2.0,287000,62,4.0,3.0,2004,3,179044.81,661642.61,34.776562,32.047292,1.064,1197.2
תל אביב-יפו,קרית שלום,אסירי ציון,2.0,513000,55,2.0,3.0,2003,9,179044.81,661642.61,34.776562,32.047292,1.064,1197.2
תל אביב-יפו,שפירא,חכמי אתונה,2.0,2150000,56,3.0,3.0,2025,11,178857.86,662012.84,34.774567,32.050624,1.064,1197.2
תל אביב-יפו,שפירא,חכמי אתונה,4.0,1535000,80,3.0,1.0,2025,6,178893.2,661993.4,34.774942,32.05045,1.064,1197.2
תל אביב-יפו,שפירא,חכמי אתונה,4.0,2250000,58,2.0,1.0,2025,4,178893.2,661993.4,34.774942,32.05045,1.064,1197.2
תל אביב-יפו,שפירא,חכמי אתונה,42.0,333000,48,3.0,3.0,2025,1,179079.65,661949.42,34.776918,32.05006,1.064,1197.2
תל אביב-יפו,שפירא,חכמי אתונה,42.0,1000000,38,1.0,3.0,2025,1,179079.65,661949.42,34.776918,32.05006,1.064,1197.2
תל אביב-יפו,שפירא,חכמי אתונה,43.0,1884000,38,2.0,1.0,2024,10,179091.33,661989.4,34.77704,32.050421,1.064,1197.2
תל אביב-יפו,שפירא,חכמי אתונה,73.0,2200000,47,3.0,1.0,2024,9,179317.43,661915.54,34.779437,32.049763,1.064,1197.2
תל אביב-יפו,שפירא,חכמי אתונה,41.0,600000,44,3.0,1.0,2024,4,179071.95,661983.6,34.776835,32.050368,1.064,1197.2
תל אביב-יפו,שפירא,חכמי אתונה,2.0,2525000,57,3.0,1.0,2024,1,178857.86,662012.84,34.774567,32.050624,1.064,1197.2
תל אביב-יפו,שפירא,חכמי אתונה,1.0,1150000,35,2.0,1.0,2022,10,178855.61,662040.46,34.774542,32.050873,1.064,1197.2
תל אביב-יפו,שפירא,חכמי אתונה,2.0,2850000,51,3.0,1.0,2022,6,178857.86,662012.84,34.774567,32.050624,1.064,1197.2
תל אביב-יפו,שפירא,חכמי אתונה,65.0,2800000,70,3.0,3.0,2022,6,179231.69,661943.72,34.778528,32.050014,1.064,1197.2
תל אביב-יפו,שפירא,חכמי אתונה,1.0,4300000,160,5.0,1.0,2022,2,178855.61,662040.46,34.774542,32.050873,1.064,1197.2
תל אביב-יפו,שפירא,חכמי אתונה,2.0,2450000,51,3.0,1.0,2022,2,178857.86,662012.84,34.774567,32.050624,1.064,1197.2
תל אביב-יפו,שפירא,חכמי אתונה,2.0,2575000,55,3.0,3.0,2022,2,178857.86,662012.84,34.774567,32.050624,1.064,1197.2
תל אביב-יפו,שפירא,חכמי אתונה,4.0,2520000,62,2.0,1.0,2022,1,178893.2,661993.4,34.774942,32.05045,1.064,1197.2
תל אביב-יפו,שפירא,חכמי אתונה,14.0,1447000,50,2.0,3.0,2022,1,178941.9,661983.79,34.775458,32.050365,1.064,1197.2
תל אביב-יפו,שפירא,חכמי אתונה,24.0,1700000,80,3.0,1.0,2021,11,178974.55,661977.56,34.775804,32.05031,1.064,1197.2
תל אביב-יפו,שפירא,חכמי אתונה,2.0,1915000,43,2.0,1.0,2021,7,178857.86,662012.84,34.774567,32.050624,1.064,1197.2
תל אביב-יפו,שפירא,חכמי אתונה,4.0,1765000,61,3.0,1.0,2021,6,178893.2,661993.4,34.774942,32.05045,1.064,1197.2
תל אביב-יפו,שפירא,חכמי אתונה,2.0,2170000,57,3.0,3.0,2021,5,178857.86,662012.84,34.774567,32.050624,1.064,1197.2
תל אביב-יפו,שפירא,חכמי אתונה,2.0,2170000,57,3.0,3.0,2021,5,178857.86,662012.84,34.774567,32.050624,1.064,1197.2
תל אביב-יפו,שפירא,חכמי אתונה,2.0,2210000,57,3.0,3.0,2021,4,178857.86,662012.84,34.774567,32.050624,1.064,1197.2
תל אביב-יפו,שפירא,חכמי אתונה,2.0,2210000,57,3.0,3.0,2021,4,178857.86,662012.84,34.774567,32.050624,1.064,1197.2
תל אביב-יפו,שפירא,חכמי אתונה,55.0,2400000,42,3.0,0.0,2021,3,179149.96,661961.12,34.777662,32.050168,1.064,1197.2
תל אביב-יפו,שפירא,חכמי אתונה,73.0,271000,91,4.0,0.0,2021,1,179317.43,661915.54,34.779437,32.049763,1.064,1197.2
תל אביב-יפו,שפירא,חכמי אתונה,51.0,2000000,44,3.0,1.0,2021,1,179115.6,661963.8,34.777298,32.050191,1.064,1197.2
תל אביב-יפו,שפירא,חכמי אתונה,73.0,2435000,42,2.0,0.0,2020,12,179317.43,661915.54,34.779437,32.049763,1.064,1197.2
תל אביב-יפו,שפירא,חכמי אתונה,1.0,800000,38,1.0,3.0,2020,11,178855.61,662040.46,34.774542,32.050873,1.064,1197.2
תל אביב-יפו,שפירא,חכמי אתונה,4.0,2200000,69,2.0,3.0,2020,6,178893.2,661993.4,34.774942,32.05045,1.064,1197.2
תל אביב-יפו,שפירא,חכמי אתונה,17.0,500000,27,1.5,1.0,2019,6,178946.87,662021.91,34.775509,32.050709,1.064,1197.2
תל אביב-יפו,שפירא,חכמי אתונה,43.0,261000,37,2.0,1.0,2019,4,179091.33,661989.4,34.77704,32.050421,1.064,1197.2
תל אביב-יפו,שפירא,חכמי אתונה,65.0,1435000,70,3.0,3.0,2019,4,179231.69,661943.72,34.778528,32.050014,1.064,1197.2
תל אביב-יפו,שפירא,חכמי אתונה,17.0,500000,27,1.5,1.0,2019,3,178946.87,662021.91,34.775509,32.050709,1.064,1197.2
תל אביב-יפו,שפירא,חכמי אתונה,4.0,1755000,60,2.5,3.0,2019,1,178893.2,661993.4,34.774942,32.05045,1.064,1197.2
תל אביב-יפו,שפירא,חכמי אתונה,1.0,965000,39,2.0,1.0,2018,7,178855.61,662040.46,34.774542,32.050873,1.064,1197.2
תל אביב-יפו,שפירא,חכמי אתונה,68.0,2185000,92,4.0,1.0,2018,4,179289.86,661893.36,34.779146,32.049562,1.064,1197.2
תל אביב-יפו,שפירא,חכמי אתונה,17.0,380000,26,1.0,3.0,2017,12,178946.87,662021.91,34.775509,32.050709,1.064,1197.2
תל אביב-יפו,שפירא,חכמי אתונה,51.0,1000000,38,2.0,1.0,2017,11,179115.6,661963.8,34.777298,32.050191,1.064,1197.2
תל אביב-יפו,שפירא,חכמי אתונה,1.0,785000,89,3.0,1.0,2017,11,178855.61,662040.46,34.774542,32.050873,1.064,1197.2
תל אביב-יפו,שפירא,חכמי אתונה,56.0,2100000,43,2.0,0.0,2017,9,179168.43,661926.55,34.777859,32.049857,1.064,1197.2
תל אביב-יפו,שפירא,חכמי אתונה,46.0,1400000,169,6.0,1.0,2017,8,179093.69,661941.6,34.777067,32.04999,1.064,1197.2
תל אביב-יפו,שפירא,חכמי אתונה,73.0,2050000,45,3.0,1.0,2017,8,179317.43,661915.54,34.779437,32.049763,1.064,1197.2
תל אביב-יפו,שפירא,חכמי אתונה,55.0,2020000,83,4.0,0.0,2017,3,179149.96,661961.12,34.777662,32.050168,1.064,1197.2
תל אביב-יפו,שפירא,חכמי אתונה,54.0,1350000,60,3.0,3.0,2016,4,179150.59,661928.18,34.77767,32.049871,1.064,1197.2
תל אביב-יפו,שפירא,חכמי אתונה,49.0,400000,40,2.0,3.0,2016,3,179106.63,661965.94,34.777203,32.05021,1.064,1197.2
תל אביב-יפו,שפירא,חכמי אתונה,4.0,1470000,50,2.0,3.0,2016,2,178893.2,661993.4,34.774942,32.05045,1.064,1197.2
תל אביב-יפו,שפירא,חכמי אתונה,69.0,1415000,69,3.0,1.0,2016,2,179270.66,661934.8,34.778941,32.049935,1.064,1197.2
תל אביב-יפו,שפירא,חכמי אתונה,4.0,1399000,64,2.0,1.0,2015,12,178893.2,661993.4,34.774942,32.05045,1.064,1197.2
תל אביב-יפו,שפירא,חכמי אתונה,68.0,1499000,85,4.0,0.0,2015,3,179289.86,661893.36,34.779146,32.049562,1.064,1197.2
תל אביב-יפו,שפירא,חכמי אתונה,57.0,1150000,42,3.0,0.0,2015,1,179175.44,661953.92,34.777932,32.050104,1.064,1197.2
תל אביב-יפו,שפירא,חכמי אתונה,1.0,1175000,50,2.0,1.0,2014,9,178855.61,662040.46,34.774542,32.050873,1.064,1197.2
תל אביב-יפו,שפירא,חכמי אתונה,43.0,600000,31,1.0,1.0,2014,8,179091.33,661989.4,34.77704,32.050421,1.064,1197.2
תל אביב-יפו,שפירא,חכמי אתונה,1.0,554000,34,2.0,3.0,2014,8,178855.61,662040.46,34.774542,32.050873,1.064,1197.2
תל אביב-יפו,שפירא,חכמי אתונה,4.0,240000,50,2.0,3.0,2014,6,178893.2,661993.4,34.774942,32.05045,1.064,1197.2
תל אביב-יפו,שפירא,חכמי אתונה,1.0,273000,55,3.0,3.0,2014,4,178855.61,662040.46,34.774542,32.050873,1.064,1197.2
תל אביב-יפו,שפירא,חכמי אתונה,1.0,599000,50,2.0,3.0,2014,2,178855.61,662040.46,34.774542,32.050873,1.064,1197.2
תל אביב-יפו,שפירא,חכמי אתונה,39.0,889000,33,2.0,3.0,2014,2,179060.12,661978.66,34.77671,32.050323,1.064,1197.2
תל אביב-יפו,שפירא,חכמי אתונה,41.0,600000,51,2.0,1.0,2014,2,179071.95,661983.6,34.776835,32.050368,1.064,1197.2
תל אביב-יפו,שפירא,חכמי אתונה,1.0,1800000,60,3.0,1.0,2014,1,178855.61,662040.46,34.774542,32.050873,1.064,1197.2
תל אביב-יפו,שפירא,חכמי אתונה,37.0,749000,44,2.0,1.0,2014,1,179060.12,661978.66,34.77671,32.050323,1.064,1197.2
תל אביב-יפו,שפירא,חכמי אתונה,1.0,1000000,55,3.0,1.0,2014,1,178855.61,662040.46,34.774542,32.050873,1.064,1197.2
תל אביב-יפו,שפירא,חכמי אתונה,1.0,741000,50,2.0,1.0,2013,12,178855.61,662040.46,34.774542,32.050873,1.064,1197.2
תל אביב-יפו,שפירא,חכמי אתונה,40.0,750000,60,2.0,3.0,2013,12,179067.29,661953.46,34.776787,32.050096,1.064,1197.2
תל אביב-יפו,שפירא,חכמי אתונה,40.0,560000,45,2.0,1.0,2013,12,179067.29,661953.46,34.776787,32.050096,1.064,1197.2
תל אביב-יפו,שפירא,חכמי אתונה,42.0,650000,50,2.0,3.0,2013,12,179079.65,661949.42,34.776918,32.05006,1.064,1197.2
תל אביב-יפו,שפירא,חכמי אתונה,1.0,600000,50,2.0,3.0,2013,11,178855.61,662040.46,34.774542,32.050873,1.064,1197.2
תל אביב-יפו,שפירא,חכמי אתונה,60.0,1400000,42,2.0,0.0,2013,11,179206.08,661916.43,34.778258,32.049767,1.064,1197.2
תל אביב-יפו,שפירא,חכמי אתונה,4.0,1090000,70,3.0,3.0,2013,7,178893.2,661993.4,34.774942,32.05045,1.064,1197.2
תל אביב-יפו,שפירא,חכמי אתונה,65.0,815000,65,3.0,3.0,2013,5,179231.69,661943.72,34.778528,32.050014,1.064,1197.2
תל אביב-יפו,שפירא,חכמי אתונה,60.0,1150000,42,2.5,0.0,2013,3,179206.08,661916.43,34.778258,32.049767,1.064,1197.2
תל אביב-יפו,שפירא,חכמי אתונה,1.0,900000,50,2.0,3.0,2012,10,178855.61,662040.46,34.774542,32.050873,1.064,1197.2
תל אביב-יפו,שפירא,חכמי אתונה,56.0,805000,42,2.5,1.0,2012,5,179168.43,661926.55,34.777859,32.049857,1.064,1197.2
תל אביב-יפו,שפירא,חכמי אתונה,19.0,1280000,45,2.0,3.0,2012,5,178959.32,662019.65,34.775641,32.050689,1.064,1197.2
תל אביב-יפו,שפירא,חכמי אתונה,70.0,900000,75,3.0,3.0,2011,7,179310.24,661888.29,34.779362,32.049517,1.064,1197.2
תל אביב-יפו,שפירא,חכמי אתונה,7.0,369000,150,7.0,3.0,2011,6,178887.02,662030.36,34.774875,32.050783,1.064,1197.2
תל אביב-יפו,שפירא,חכמי אתונה,24.0,685000,85,4.0,3.0,2011,4,178974.55,661977.56,34.775804,32.05031,1.064,1197.2
תל אביב-יפו,שפירא,חכמי אתונה,1.0,1000000,115,4.0,3.0,2011,3,178855.61,662040.46,34.774542,32.050873,1.064,1197.2
תל אביב-יפו,שפירא,חכמי אתונה,55.0,1120000,42,2.5,1.0,2011,3,179149.96,661961.12,34.777662,32.050168,1.064,1197.2
תל אביב-יפו,שפירא,חכמי אתונה,49.0,775000,37,2.0,3.0,2011,1,179106.63,661965.94,34.777203,32.05021,1.064,1197.2
תל אביב-יפו,שפירא,חכמי אתונה,1.0,900000,45,2.0,3.0,2011,1,178855.61,662040.46,34.774542,32.050873,1.064,1197.2
תל אביב-יפו,שפירא,חכמי אתונה,73.0,870000,75,2.5,3.0,2010,12,179317.43,661915.54,34.779437,32.049763,1.064,1197.2
תל אביב-יפו,שפירא,חכמי אתונה,41.0,635000,42,2.0,3.0,2010,12,179071.95,661983.6,34.776835,32.050368,1.064,1197.2
תל אביב-יפו,שפירא,חכמי אתונה,14.0,680000,43,2.0,3.0,2010,12,178941.9,661983.79,34.775458,32.050365,1.064,1197.2
תל אביב-יפו,שפירא,חכמי אתונה,4.0,865000,60,2.5,3.0,2010,8,178893.2,661993.4,34.774942,32.05045,1.064,1197.2
תל אביב-יפו,שפירא,חכמי אתונה,8.0,764000,60,2.0,3.0,2010,8,178920.88,661994.74,34.775235,32.050463,1.064,1197.2
תל אביב-יפו,שפירא,חכמי אתונה,60.0,900000,42,2.5,1.0,2010,4,179206.08,661916.43,34.778258,32.049767,1.064,1197.2
תל אביב-יפו,שפירא,חכמי אתונה,70.0,650000,60,3.0,3.0,2009,12,179310.24,661888.29,34.779362,32.049517,1.064,1197.2
תל אביב-יפו,שפירא,חכמי אתונה,64.0,900000,42,2.0,0.0,2009,10,179248.53,661904.73,34.778708,32.049663,1.064,1197.2
תל אביב-יפו,שפירא,חכמי אתונה,51.0,800000,60,2.0,1.0,2009,8,179115.6,661963.8,34.777298,32.050191,1.064,1197.2
תל אביב-יפו,שפירא,חכמי אתונה,1.0,444000,38,2.0,1.0,2009,4,178855.61,662040.46,34.774542,32.050873,1.064,1197.2
תל אביב-יפו,שפירא,חכמי אתונה,1.0,510000,62,2.5,1.0,2009,4,178855.61,662040.46,34.774542,32.050873,1.064,1197.2
תל אביב-יפו,שפירא,חכמי אתונה,69.0,600000,77,4.0,3.0,2009,3,179270.66,661934.8,34.778941,32.049935,1.064,1197.2
תל אביב-יפו,שפירא,חכמי אתונה,4.0,915000,75,3.0,3.0,2009,2,178893.2,661993.4,34.774942,32.05045,1.064,1197.2
תל אביב-יפו,שפירא,חכמי אתונה,1.0,275000,50,2.0,3.0,2008,6,178855.61,662040.46,34.774542,32.050873,1.064,1197.2
תל אביב-יפו,שפירא,חכמי אתונה,7.0,514000,51,2.0,3.0,2008,3,178887.02,662030.36,34.774875,32.050783,1.064,1197.2
תל אביב-יפו,שפירא,חכמי אתונה,7.0,450000,50,2.5,1.0,2008,3,178887.02,662030.36,34.774875,32.050783,1.064,1197.2
תל אביב-יפו,שפירא,חכמי אתונה,70.0,500000,60,3.0,3.0,2008,3,179310.24,661888.29,34.779362,32.049517,1.064,1197.2
תל אביב-יפו,שפירא,חכמי אתונה,57.0,604000,42,2.0,0.0,2008,1,179175.44,661953.92,34.777932,32.050104,1.064,1197.2
תל אביב-יפו,שפירא,חכמי אתונה,56.0,568000,42,2.5,1.0,2008,1,179168.43,661926.55,34.777859,32.049857,1.064,1197.2
תל אביב-יפו,שפירא,חכמי אתונה,14.0,403000,50,3.0,3.0,2007,7,178941.9,661983.79,34.775458,32.050365,1.064,1197.2
תל אביב-יפו,שפירא,חכמי אתונה,4.0,471000,60,3.0,3.0,2007,7,178893.2,661993.4,34.774942,32.05045,1.064,1197.2
תל אביב-יפו,שפירא,חכמי אתונה,1.0,762000,80,4.0,1.0,2007,7,178855.61,662040.46,34.774542,32.050873,1.064,1197.2
תל אביב-יפו,שפירא,חכמי אתונה,2.0,382000,42,2.0,1.0,2007,6,178857.86,662012.84,34.774567,32.050624,1.064,1197.2
תל אביב-יפו,שפירא,חכמי אתונה,8.0,882000,200,7.0,3.0,2007,6,178920.88,661994.74,34.775235,32.050463,1.064,1197.2
תל אביב-יפו,שפירא,חכמי אתונה,1.0,395000,34,1.5,1.0,2007,5,178855.61,662040.46,34.774542,32.050873,1.064,1197.2
תל אביב-יפו,שפירא,חכמי אתונה,1.0,280000,50,2.0,1.0,2007,5,178855.61,662040.46,34.774542,32.050873,1.064,1197.2
תל אביב-יפו,שפירא,חכמי אתונה,68.0,630000,70,3.0,1.0,2007,5,179289.86,661893.36,34.779146,32.049562,1.064,1197.2
תל אביב-יפו,שפירא,חכמי אתונה,8.0,434000,80,3.0,3.0,2007,4,178920.88,661994.74,34.775235,32.050463,1.064,1197.2
תל אביב-יפו,שפירא,חכמי אתונה,47.0,747000,70,3.0,3.0,2007,4,179099.77,661974.73,34.77713,32.050289,1.064,1197.2
תל אביב-יפו,שפירא,חכמי אתונה,4.0,461000,72,3.0,3.0,2007,3,178893.2,661993.4,34.774942,32.05045,1.064,1197.2
תל אביב-יפו,שפירא,חכמי אתונה,41.0,341000,70,2.0,3.0,2007,3,179071.95,661983.6,34.776835,32.050368,1.064,1197.2
תל אביב-יפו,שפירא,חכמי אתונה,52.0,656000,80,3.0,3.0,2007,2,179120.22,661938.06,34.777348,32.049959,1.064,1197.2
תל אביב-יפו,שפירא,חכמי אתונה,4.0,368000,60,2.0,3.0,2006,12,178893.2,661993.4,34.774942,32.05045,1.064,1197.2
תל אביב-יפו,שפירא,חכמי אתונה,1.0,364000,70,3.0,1.0,2006,10,178855.61,662040.46,34.774542,32.050873,1.064,1197.2
תל אביב-יפו,שפירא,חכמי אתונה,4.0,337000,45,2.0,3.0,2006,6,178893.2,661993.4,34.774942,32.05045,1.064,1197.2
תל אביב-יפו,שפירא,חכמי אתונה,4.0,597000,70,3.0,1.0,2006,5,178893.2,661993.4,34.774942,32.05045,1.064,1197.2
תל אביב-יפו,שפירא,חכמי אתונה,1.0,699000,80,4.0,3.0,2006,5,178855.61,662040.46,34.774542,32.050873,1.064,1197.2
תל אביב-יפו,שפירא,חכמי אתונה,1.0,375000,80,4.0,3.0,2006,2,178855.61,662040.46,34.774542,32.050873,1.064,1197.2
תל אביב-יפו,שפירא,חכמי אתונה,17.0,338000,46,2.0,3.0,2005,10,178946.87,662021.91,34.775509,32.050709,1.064,1197.2
תל אביב-יפו,שפירא,חכמי אתונה,68.0,458000,57,2.0,0.0,2005,9,179289.86,661893.36,34.779146,32.049562,1.064,1197.2
תל אביב-יפו,שפירא,חכמי אתונה,62.0,374000,42,2.0,1.0,2005,6,179227.39,661907.69,34.778484,32.049689,1.064,1197.2
תל אביב-יפו,שפירא,חכמי אתונה,43.0,462000,60,3.0,1.0,2005,4,179091.33,661989.4,34.77704,32.050421,1.064,1197.2
תל אביב-יפו,שפירא,חכמי אתונה,1.0,470000,64,3.0,1.0,2004,9,178855.61,662040.46,34.774542,32.050873,1.064,1197.2
תל אביב-יפו,שפירא,חכמי אתונה,1.0,520000,70,3.0,1.0,2004,7,178855.61,662040.46,34.774542,32.050873,1.064,1197.2
תל אביב-יפו,שפירא,חכמי אתונה,1.0,246000,53,2.0,1.0,2004,7,178855.61,662040.46,34.774542,32.050873,1.064,1197.2
תל אביב-יפו,שפירא,חכמי אתונה,59.0,671000,42,2.0,0.0,2004,5,179197.89,661947.51,34.77817,32.050047,1.064,1197.2
תל אביב-יפו,שפירא,חכמי אתונה,55.0,436000,42,3.0,1.0,2004,3,179149.96,661961.12,34.777662,32.050168,1.064,1197.2
תל אביב-יפו,שפירא,חכמי אתונה,1.0,183000,50,2.0,3.0,2003,11,178855.61,662040.46,34.774542,32.050873,1.064,1197.2
תל אביב-יפו,שפירא,חכמי אתונה,1.0,226000,30,2.0,3.0,2003,4,178855.61,662040.46,34.774542,32.050873,1.064,1197.2
תל אביב-יפו,נווה שאנן,שלמה,137.0,1242000,32,2.0,1.0,2025,1,179045.32,662486.49,34.776532,32.054902,1.064,1197.2
תל אביב-יפו,נווה שאנן,שלמה,123.0,2900000,78,3.0,3.0,2022,2,179045.32,662486.49,34.776532,32.054902,1.064,1197.2
תל אביב-יפו,נווה שאנן,שלמה,135.0,1500000,70,3.0,3.0,2022,2,179045.32,662486.49,34.776532,32.054902,1.064,1197.2
תל אביב-יפו,נווה שאנן,שלמה,123.0,1150000,45,2.0,1.0,2021,11,179045.32,662486.49,34.776532,32.054902,1.064,1197.2
תל אביב-יפו,נווה שאנן,שלמה,123.0,700000,24,1.0,4.0,2021,6,179045.32,662486.49,34.776532,32.054902,1.064,1197.2
תל אביב-יפו,נווה שאנן,שלמה,123.0,1380000,33,2.0,3.0,2020,2,179045.32,662486.49,34.776532,32.054902,1.064,1197.2
תל אביב-יפו,נווה שאנן,שלמה,123.0,1415000,51,2.0,1.0,2020,1,179045.32,662486.49,34.776532,32.054902,1.064,1197.2
תל אביב-יפו,נווה שאנן,שלמה,127.0,1300000,58,2.0,4.0,2019,6,179045.32,662486.49,34.776532,32.054902,1.064,1197.2
תל אביב-יפו,נווה שאנן,שלמה,131.0,1230000,58,2.0,4.0,2019,5,179045.32,662486.49,34.776532,32.054902,1.064,1197.2
תל אביב-יפו,נווה שאנן,שלמה,131.0,869000,31,3.0,1.0,2018,8,179045.32,662486.49,34.776532,32.054902,1.064,1197.2
תל אביב-יפו,נווה שאנן,שלמה,123.0,223000,58,2.0,3.0,2018,1,179045.32,662486.49,34.776532,32.054902,1.064,1197.2
תל אביב-יפו,נווה שאנן,שלמה,123.0,1200000,45,2.0,3.0,2017,9,179045.32,662486.49,34.776532,32.054902,1.064,1197.2
תל אביב-יפו,נווה שאנן,שלמה,131.0,1270000,83,4.0,1.0,2017,5,179045.32,662486.49,34.776532,32.054902,1.064,1197.2
תל אביב-יפו,נווה שאנן,שלמה,123.0,1310000,50,2.0,3.0,2017,3,179045.32,662486.49,34.776532,32.054902,1.064,1197.2
תל אביב-יפו,נווה שאנן,שלמה,123.0,1120000,46,2.0,3.0,2016,7,179045.32,662486.49,34.776532,32.054902,1.064,1197.2
תל אביב-יפו,נווה שאנן,שלמה,123.0,920000,51,2.0,1.0,2016,7,179045.32,662486.49,34.776532,32.054902,1.064,1197.2
תל אביב-יפו,נווה שאנן,שלמה,123.0,1100000,50,3.0,3.0,2016,1,179045.32,662486.49,34.776532,32.054902,1.064,1197.2
תל אביב-יפו,נווה שאנן,שלמה,123.0,466000,76,3.0,3.0,2015,12,179045.32,662486.49,34.776532,32.054902,1.064,1197.2
תל אביב-יפו,נווה שאנן,שלמה,127.0,320000,40,1.5,3.0,2015,7,179045.32,662486.49,34.776532,32.054902,1.064,1197.2
תל אביב-יפו,נווה שאנן,שלמה,123.0,1119000,76,3.0,3.0,2014,12,179045.32,662486.49,34.776532,32.054902,1.064,1197.2
תל אביב-יפו,נווה שאנן,שלמה,123.0,680000,39,2.0,1.0,2014,12,179045.32,662486.49,34.776532,32.054902,1.064,1197.2
תל אביב-יפו,נווה שאנן,שלמה,131.0,900000,75,3.0,1.0,2014,3,179045.32,662486.49,34.776532,32.054902,1.064,1197.2
תל אביב-יפו,נווה שאנן,שלמה,123.0,749000,49,2.0,3.0,2014,3,179045.32,662486.49,34.776532,32.054902,1.064,1197.2
תל אביב-יפו,נווה שאנן,שלמה,123.0,760000,44,2.5,3.0,2013,8,179045.32,662486.49,34.776532,32.054902,1.064,1197.2
תל אביב-יפו,נווה שאנן,שלמה,131.0,725000,56,3.0,3.0,2012,9,179045.32,662486.49,34.776532,32.054902,1.064,1197.2
תל אביב-יפו,נווה שאנן,שלמה,123.0,675000,44,2.5,3.0,2012,1,179045.32,662486.49,34.776532,32.054902,1.064,1197.2
תל אביב-יפו,נווה שאנן,שלמה,123.0,500000,46,2.0,3.0,2011,7,179045.32,662486.49,34.776532,32.054902,1.064,1197.2
תל אביב-יפו,נווה שאנן,שלמה,123.0,595000,50,2.0,3.0,2009,12,179045.32,662486.49,34.776532,32.054902,1.064,1197.2
תל אביב-יפו,נווה שאנן,שלמה,123.0,890000,78,3.0,3.0,2009,10,179045.32,662486.49,34.776532,32.054902,1.064,1197.2
תל אביב-יפו,נווה שאנן,שלמה,123.0,492000,46,2.0,1.0,2009,8,179045.32,662486.49,34.776532,32.054902,1.064,1197.2
תל אביב-יפו,נווה שאנן,שלמה,127.0,825000,95,3.0,3.0,2008,11,179045.32,662486.49,34.776532,32.054902,1.064,1197.2
תל אביב-יפו,נווה שאנן,שלמה,135.0,700000,68,4.0,3.0,2008,9,179045.32,662486.49,34.776532,32.054902,1.064,1197.2
תל אביב-יפו,נווה שאנן,שלמה,123.0,500000,46,2.0,1.0,2008,8,179045.32,662486.49,34.776532,32.054902,1.064,1197.2
תל אביב-יפו,נווה שאנן,שלמה,123.0,710000,78,3.0,3.0,2008,3,179045.32,662486.49,34.776532,32.054902,1.064,1197.2
תל אביב-יפו,נווה שאנן,שלמה,123.0,320000,39,2.0,1.0,2008,2,179045.32,662486.49,34.776532,32.054902,1.064,1197.2
תל אביב-יפו,נווה שאנן,שלמה,127.0,2096000,85,3.0,3.0,2008,1,179045.32,662486.49,34.776532,32.054902,1.064,1197.2
תל אביב-יפו,נווה שאנן,שלמה,135.0,471000,63,3.0,3.0,2007,12,179045.32,662486.49,34.776532,32.054902,1.064,1197.2
תל אביב-יפו,נווה שאנן,שלמה,131.0,529000,100,4.0,3.0,2007,12,179045.32,662486.49,34.776532,32.054902,1.064,1197.2
תל אביב-יפו,נווה שאנן,שלמה,123.0,372000,45,2.0,1.0,2007,10,179045.32,662486.49,34.776532,32.054902,1.064,1197.2
תל אביב-יפו,נווה שאנן,שלמה,123.0,584000,90,3.0,3.0,2007,8,179045.32,662486.49,34.776532,32.054902,1.064,1197.2
תל אביב-יפו,נווה שאנן,שלמה,123.0,530000,78,3.0,3.0,2007,2,179045.32,662486.49,34.776532,32.054902,1.064,1197.2
תל אביב-יפו,נווה שאנן,שלמה,123.0,285000,46,2.0,3.0,2007,1,179045.32,662486.49,34.776532,32.054902,1.064,1197.2
תל אביב-יפו,נווה שאנן,שלמה,135.0,648000,68,3.0,3.0,2007,1,179045.32,662486.49,34.776532,32.054902,1.064,1197.2
תל אביב-יפו,נווה שאנן,שלמה,123.0,247000,33,2.0,3.0,2006,12,179045.32,662486.49,34.776532,32.054902,1.064,1197.2
תל אביב-יפו,נווה שאנן,שלמה,123.0,431000,76,3.0,3.0,2006,11,179045.32,662486.49,34.776532,32.054902,1.064,1197.2
תל אביב-יפו,נווה שאנן,שלמה,127.0,180000,55,2.0,3.0,2006,6,179045.32,662486.49,34.776532,32.054902,1.064,1197.2
תל אביב-יפו,נווה שאנן,שלמה,135.0,379000,68,4.0,3.0,2006,6,179045.32,662486.49,34.776532,32.054902,1.064,1197.2
תל אביב-יפו,נווה שאנן,שלמה,123.0,176000,45,2.0,1.0,2005,1,179045.32,662486.49,34.776532,32.054902,1.064,1197.2
תל אביב-יפו,נווה שאנן,שלמה,123.0,325000,50,3.0,3.0,2004,10,179045.32,662486.49,34.776532,32.054902,1.064,1197.2
תל אביב-יפו,פלורנטין,שלמה,87.0,3820000,54,2.0,3.0,2026,2,178548.66,662508.88,34.771272,32.055086,1.064,1197.2
תל אביב-יפו,גבעת הרצל,שלמה,54.0,3890000,62,3.0,6.0,2026,1,178326.03,662455.77,34.768917,32.054599,1.064,1197.2
תל אביב-יפו,פלורנטין,שלמה,87.0,3390000,49,2.0,4.0,2025,12,178548.66,662508.88,34.771272,32.055086,1.064,1197.2
תל אביב-יפו,פלורנטין,שלמה,87.0,3390000,50,2.0,4.0,2025,11,178548.66,662508.88,34.771272,32.055086,1.064,1197.2
תל אביב-יפו,צפון יפו,שלמה,2.0,2355000,55,2.0,3.0,2025,10,177506.98,662463.76,34.760244,32.054641,1.064,1197.2
תל אביב-יפו,צפון יפו,שלמה,2.0,2350000,46,2.0,4.0,2025,10,177506.98,662463.76,34.760244,32.054641,1.064,1197.2
תל אביב-יפו,פלורנטין,שלמה,87.0,3950000,52,2.0,6.0,2025,8,178548.66,662508.88,34.771272,32.055086,1.064,1197.2
תל אביב-יפו,פלורנטין,שלמה,87.0,5690000,68,2.0,8.0,2025,6,178548.66,662508.88,34.771272,32.055086,1.064,1197.2
תל אביב-יפו,פלורנטין,שלמה,87.0,1380000,51,2.0,4.0,2025,5,178548.66,662508.88,34.771272,32.055086,1.064,1197.2
תל אביב-יפו,פלורנטין,שלמה,87.0,3510000,46,2.0,6.0,2025,5,178548.66,662508.88,34.771272,32.055086,1.064,1197.2
תל אביב-יפו,פלורנטין,שלמה,87.0,4270000,52,2.0,5.0,2025,4,178548.66,662508.88,34.771272,32.055086,1.064,1197.2
תל אביב-יפו,פלורנטין,שלמה,87.0,3692000,52,2.0,4.0,2025,2,178548.66,662508.88,34.771272,32.055086,1.064,1197.2
תל אביב-יפו,פלורנטין,שלמה,85.0,2715000,52,2.0,3.0,2025,2,178474.19,662544.44,34.770482,32.055404,1.064,1197.2
תל אביב-יפו,פלורנטין,שלמה,61.0,2600000,51,2.0,3.0,2025,2,178258.29,662519.03,34.768197,32.055167,1.064,1197.2
תל אביב-יפו,פלורנטין,שלמה,87.0,3400000,46,2.0,1.0,2025,2,178548.66,662508.88,34.771272,32.055086,1.064,1197.2
תל אביב-יפו,גבעת הרצל,שלמה,50.0,4491000,78,3.0,1.0,2025,2,178287.46,662444.28,34.768509,32.054494,1.064,1197.2
תל אביב-יפו,פלורנטין,שלמה,87.0,3270000,48,2.0,4.0,2025,1,178548.66,662508.88,34.771272,32.055086,1.064,1197.2
תל אביב-יפו,פלורנטין,שלמה,87.0,3650000,54,2.0,3.0,2024,12,178548.66,662508.88,34.771272,32.055086,1.064,1197.2
תל אביב-יפו,גבעת הרצל,שלמה,94.0,2690000,56,2.0,3.0,2024,12,178809.71,662466.03,34.774038,32.054709,1.064,1197.2
תל אביב-יפו,פלורנטין,שלמה,87.0,3550000,49,2.0,4.0,2024,12,178548.66,662508.88,34.771272,32.055086,1.064,1197.2
תל אביב-יפו,פלורנטין,שלמה,87.0,3530000,51,2.0,3.0,2024,12,178548.66,662508.88,34.771272,32.055086,1.064,1197.2
תל אביב-יפו,גבעת הרצל,שלמה,82.0,1665000,48,2.0,1.0,2024,11,178682.79,662445.91,34.772695,32.054523,1.064,1197.2
תל אביב-יפו,פלורנטין,שלמה,87.0,4000000,61,2.0,5.0,2024,10,178548.66,662508.88,34.771272,32.055086,1.064,1197.2
תל אביב-יפו,פלורנטין,שלמה,87.0,3080000,57,2.0,1.0,2024,10,178548.66,662508.88,34.771272,32.055086,1.064,1197.2
תל אביב-יפו,פלורנטין,שלמה,87.0,3450000,57,2.0,4.0,2024,9,178548.66,662508.88,34.771272,32.055086,1.064,1197.2
תל אביב-יפו,פלורנטין,שלמה,87.0,3290000,52,2.0,4.0,2024,9,178548.66,662508.88,34.771272,32.055086,1.064,1197.2
תל אביב-יפו,פלורנטין,שלמה,87.0,3560000,55,2.0,1.0,2024,8,178548.66,662508.88,34.771272,32.055086,1.064,1197.2
תל אביב-יפו,פלורנטין,שלמה,87.0,3750000,52,2.0,3.0,2024,8,178548.66,662508.88,34.771272,32.055086,1.064,1197.2
תל אביב-יפו,גבעת הרצל,שלמה,50.0,4407000,78,3.0,4.0,2024,7,178287.46,662444.28,34.768509,32.054494,1.064,1197.2
תל אביב-יפו,גבעת הרצל,שלמה,50.0,4719000,84,3.0,4.0,2024,7,178287.46,662444.28,34.768509,32.054494,1.064,1197.2
תל אביב-יפו,פלורנטין,שלמה,87.0,3635000,58,2.0,3.0,2024,6,178548.66,662508.88,34.771272,32.055086,1.064,1197.2
תל אביב-יפו,פלורנטין,שלמה,87.0,3450000,56,2.0,1.0,2024,6,178548.66,662508.88,34.771272,32.055086,1.064,1197.2
תל אביב-יפו,פלורנטין,שלמה,87.0,3600000,56,2.0,3.0,2024,5,178548.66,662508.88,34.771272,32.055086,1.064,1197.2
תל אביב-יפו,פלורנטין,שלמה,87.0,3620000,61,2.0,3.0,2024,5,178548.66,662508.88,34.771272,32.055086,1.064,1197.2
תל אביב-יפו,פלורנטין,שלמה,87.0,3250000,52,2.0,3.0,2024,5,178548.66,662508.88,34.771272,32.055086,1.064,1197.2
תל אביב-יפו,פלורנטין,שלמה,87.0,3660000,60,2.0,3.0,2024,5,178548.66,662508.88,34.771272,32.055086,1.064,1197.2
תל אביב-יפו,פלורנטין,שלמה,87.0,3400000,57,2.0,1.0,2024,5,178548.66,662508.88,34.771272,32.055086,1.064,1197.2
תל אביב-יפו,פלורנטין,שלמה,87.0,3498000,62,2.0,1.0,2024,4,178548.66,662508.88,34.771272,32.055086,1.064,1197.2
תל אביב-יפו,פלורנטין,שלמה,87.0,3500000,57,2.0,3.0,2024,4,178548.66,662508.88,34.771272,32.055086,1.064,1197.2
תל אביב-יפו,פלורנטין,שלמה,87.0,3350000,57,2.0,3.0,2024,4,178548.66,662508.88,34.771272,32.055086,1.064,1197.2
תל אביב-יפו,פלורנטין,שלמה,87.0,3400000,52,2.0,3.0,2024,4,178548.66,662508.88,34.771272,32.055086,1.064,1197.2
תל אביב-יפו,פלורנטין,שלמה,87.0,3520000,58,2.0,3.0,2024,4,178548.66,662508.88,34.771272,32.055086,1.064,1197.2
תל אביב-יפו,פלורנטין,שלמה,85.0,2800000,49,2.0,1.0,2024,3,178474.19,662544.44,34.770482,32.055404,1.064,1197.2
תל אביב-יפו,פלורנטין,שלמה,61.0,2600000,52,2.0,3.0,2024,3,178258.29,662519.03,34.768197,32.055167,1.064,1197.2
תל אביב-יפו,גבעת הרצל,שלמה,54.0,3450000,73,3.0,3.0,2024,3,178326.03,662455.77,34.768917,32.054599,1.064,1197.2
תל אביב-יפו,פלורנטין,שלמה,87.0,3280000,49,2.0,3.0,2024,3,178548.66,662508.88,34.771272,32.055086,1.064,1197.2
תל אביב-יפו,פלורנטין,שלמה,87.0,3500000,46,2.0,7.0,2024,3,178548.66,662508.88,34.771272,32.055086,1.064,1197.2
תל אביב-יפו,פלורנטין,שלמה,87.0,3300000,50,2.0,1.0,2024,3,178548.66,662508.88,34.771272,32.055086,1.064,1197.2
תל אביב-יפו,פלורנטין,שלמה,87.0,3390000,47,2.0,5.0,2024,2,178548.66,662508.88,34.771272,32.055086,1.064,1197.2
תל אביב-יפו,פלורנטין,שלמה,85.0,2495000,40,2.0,3.0,2024,2,178474.19,662544.44,34.770482,32.055404,1.064,1197.2
תל אביב-יפו,פלורנטין,שלמה,87.0,3000000,48,2.0,1.0,2024,2,178548.66,662508.88,34.771272,32.055086,1.064,1197.2
תל אביב-יפו,פלורנטין,שלמה,87.0,3000000,49,2.0,1.0,2024,1,178548.66,662508.88,34.771272,32.055086,1.064,1197.2
תל אביב-יפו,פלורנטין,שלמה,87.0,2950000,48,2.0,1.0,2024,1,178548.66,662508.88,34.771272,32.055086,1.064,1197.2
תל אביב-יפו,פלורנטין,שלמה,87.0,3500000,54,2.0,5.0,2024,1,178548.66,662508.88,34.771272,32.055086,1.064,1197.2
תל אביב-יפו,פלורנטין,שלמה,87.0,2850000,39,1.0,7.0,2023,12,178548.66,662508.88,34.771272,32.055086,1.064,1197.2
תל אביב-יפו,פלורנטין,שלמה,85.0,2510000,48,2.0,4.0,2023,12,178474.19,662544.44,34.770482,32.055404,1.064,1197.2
תל אביב-יפו,פלורנטין,שלמה,87.0,3390000,47,2.0,5.0,2023,10,178548.66,662508.88,34.771272,32.055086,1.064,1197.2
תל אביב-יפו,גבעת הרצל,שלמה,54.0,3095000,70,2.0,3.0,2023,9,178326.03,662455.77,34.768917,32.054599,1.064,1197.2
תל אביב-יפו,פלורנטין,שלמה,87.0,3800000,52,2.0,1.0,2023,2,178548.66,662508.88,34.771272,32.055086,1.064,1197.2
תל אביב-יפו,פלורנטין,שלמה,87.0,4200000,51,2.0,8.0,2022,12,178548.66,662508.88,34.771272,32.055086,1.064,1197.2
תל אביב-יפו,פלורנטין,שלמה,87.0,3700000,46,2.0,5.0,2022,11,178548.66,662508.88,34.771272,32.055086,1.064,1197.2
תל אביב-יפו,פלורנטין,שלמה,87.0,4150000,58,2.0,5.0,2022,11,178548.66,662508.88,34.771272,32.055086,1.064,1197.2
תל אביב-יפו,פלורנטין,שלמה,87.0,3900000,54,2.0,5.0,2022,11,178548.66,662508.88,34.771272,32.055086,1.064,1197.2
תל אביב-יפו,פלורנטין,שלמה,87.0,4100000,55,2.0,4.0,2022,11,178548.66,662508.88,34.771272,32.055086,1.064,1197.2
תל אביב-יפו,פלורנטין,שלמה,87.0,3535000,46,2.0,7.0,2022,11,178548.66,662508.88,34.771272,32.055086,1.064,1197.2
תל אביב-יפו,פלורנטין,שלמה,87.0,3300000,37,1.0,7.0,2022,11,178548.66,662508.88,34.771272,32.055086,1.064,1197.2
תל אביב-יפו,פלורנטין,שלמה,87.0,3550000,46,2.0,7.0,2022,11,178548.66,662508.88,34.771272,32.055086,1.064,1197.2
תל אביב-יפו,פלורנטין,שלמה,87.0,3750000,46,2.0,7.0,2022,11,178548.66,662508.88,34.771272,32.055086,1.064,1197.2
תל אביב-יפו,פלורנטין,שלמה,87.0,3550000,46,2.0,6.0,2022,10,178548.66,662508.88,34.771272,32.055086,1.064,1197.2
תל אביב-יפו,פלורנטין,שלמה,61.0,2800000,55,2.0,1.0,2022,9,178258.29,662519.03,34.768197,32.055167,1.064,1197.2
תל אביב-יפו,פלורנטין,שלמה,87.0,3250000,39,1.0,6.0,2022,9,178548.66,662508.88,34.771272,32.055086,1.064,1197.2
תל אביב-יפו,פלורנטין,שלמה,83.0,1456800,41,2.0,3.0,2022,8,178474.19,662544.44,34.770482,32.055404,1.064,1197.2
תל אביב-יפו,פלורנטין,שלמה,83.0,1250500,63,2.0,3.0,2022,8,178474.19,662544.44,34.770482,32.055404,1.064,1197.2
תל אביב-יפו,פלורנטין,שלמה,83.0,1883100,53,1.0,3.0,2022,8,178474.19,662544.44,34.770482,32.055404,1.064,1197.2
תל אביב-יפו,פלורנטין,שלמה,83.0,1051900,53,1.0,3.0,2022,8,178474.19,662544.44,34.770482,32.055404,1.064,1197.2
תל אביב-יפו,פלורנטין,שלמה,83.0,1350200,38,2.0,3.0,2022,8,178474.19,662544.44,34.770482,32.055404,1.064,1197.2
תל אביב-יפו,פלורנטין,שלמה,87.0,3817000,55,2.0,1.0,2022,8,178548.66,662508.88,34.771272,32.055086,1.064,1197.2
תל אביב-יפו,פלורנטין,שלמה,87.0,3300000,37,1.0,6.0,2022,7,178548.66,662508.88,34.771272,32.055086,1.064,1197.2
תל אביב-יפו,פלורנטין,שלמה,85.0,2500000,44,2.0,3.0,2022,7,178474.19,662544.44,34.770482,32.055404,1.064,1197.2
תל אביב-יפו,פלורנטין,שלמה,87.0,3395000,50,2.0,5.0,2022,6,178548.66,662508.88,34.771272,32.055086,1.064,1197.2
תל אביב-יפו,פלורנטין,שלמה,87.0,3895000,55,2.0,5.0,2022,6,178548.66,662508.88,34.771272,32.055086,1.064,1197.2
תל אביב-יפו,פלורנטין,שלמה,87.0,3790000,52,2.0,3.0,2022,6,178548.66,662508.88,34.771272,32.055086,1.064,1197.2
תל אביב-יפו,פלורנטין,שלמה,87.0,3400000,50,2.0,5.0,2022,6,178548.66,662508.88,34.771272,32.055086,1.064,1197.2
תל אביב-יפו,פלורנטין,שלמה,87.0,3420000,50,2.0,5.0,2022,6,178548.66,662508.88,34.771272,32.055086,1.064,1197.2
תל אביב-יפו,פלורנטין,שלמה,87.0,3847000,52,2.0,4.0,2022,6,178548.66,662508.88,34.771272,32.055086,1.064,1197.2
תל אביב-יפו,פלורנטין,שלמה,85.0,1800000,42,2.0,7.0,2022,6,178474.19,662544.44,34.770482,32.055404,1.064,1197.2
תל אביב-יפו,פלורנטין,שלמה,87.0,3790000,46,2.0,7.0,2022,5,178548.66,662508.88,34.771272,32.055086,1.064,1197.2
תל אביב-יפו,צפון יפו,שלמה,2.0,1140000,66,3.0,3.0,2022,4,177506.98,662463.76,34.760244,32.054641,1.064,1197.2
תל אביב-יפו,צפון יפו,שלמה,2.0,2550000,46,2.0,4.0,2021,11,177506.98,662463.76,34.760244,32.054641,1.064,1197.2
תל אביב-יפו,נווה שאנן,שלמה,117.0,1296000,58,2.0,1.0,2021,8,178906.51,662512.88,34.775061,32.055135,1.064,1197.2
תל אביב-יפו,פלורנטין,שלמה,71.0,2500000,60,3.0,3.0,2021,8,178347.29,662505.14,34.76914,32.055045,1.064,1197.2
תל אביב-יפו,פלורנטין,שלמה,61.0,4185000,70,3.0,10.0,2021,7,178258.29,662519.03,34.768197,32.055167,1.064,1197.2
תל אביב-יפו,צפון יפו,שלמה,9.0,2773000,58,2.0,3.0,2021,6,177560.75,662518.77,34.760811,32.055139,1.064,1197.2
תל אביב-יפו,צפון יפו,שלמה,9.0,2068658,58,2.0,3.0,2021,6,177560.75,662518.77,34.760811,32.055139,1.064,1197.2
תל אביב-יפו,צפון יפו,שלמה,9.0,2878280,57,2.0,3.0,2021,5,177560.75,662518.77,34.760811,32.055139,1.064,1197.2
תל אביב-יפו,צפון יפו,שלמה,9.0,2773000,58,2.0,3.0,2021,5,177560.75,662518.77,34.760811,32.055139,1.064,1197.2
תל אביב-יפו,צפון יפו,שלמה,9.0,3840000,80,3.0,3.0,2021,5,177560.75,662518.77,34.760811,32.055139,1.064,1197.2
תל אביב-יפו,צפון יפו,שלמה,9.0,2552796,45,2.0,3.0,2021,5,177560.75,662518.77,34.760811,32.055139,1.064,1197.2
תל אביב-יפו,צפון יפו,שלמה,9.0,4600000,80,3.0,6.0,2021,5,177560.75,662518.77,34.760811,32.055139,1.064,1197.2
תל אביב-יפו,צפון יפו,שלמה,9.0,4600000,80,3.0,3.0,2021,5,177560.75,662518.77,34.760811,32.055139,1.064,1197.2
תל אביב-יפו,פלורנטין,שלמה,61.0,2365000,52,2.0,7.0,2021,4,178258.29,662519.03,34.768197,32.055167,1.064,1197.2
תל אביב-יפו,גבעת הרצל,שלמה,54.0,3350000,66,3.0,3.0,2021,3,178326.03,662455.77,34.768917,32.054599,1.064,1197.2
תל אביב-יפו,צפון יפו,שלמה,4.0,2423000,50,2.0,3.0,2021,2,177506.98,662463.76,34.760244,32.054641,1.064,1197.2
תל אביב-יפו,פלורנטין,שלמה,61.0,2020000,51,2.0,7.0,2021,2,178258.29,662519.03,34.768197,32.055167,1.064,1197.2
תל אביב-יפו,פלורנטין,שלמה,61.0,2465000,65,3.0,3.0,2021,2,178258.29,662519.03,34.768197,32.055167,1.064,1197.2
תל אביב-יפו,פלורנטין,שלמה,61.0,2325000,51,2.0,6.0,2021,2,178258.29,662519.03,34.768197,32.055167,1.064,1197.2
תל אביב-יפו,צפון יפו,שלמה,13.0,2950000,56,2.0,1.0,2021,1,177624.24,662501.87,34.761484,32.054989,1.064,1197.2
תל אביב-יפו,גבעת הרצל,שלמה,82.0,1350000,46,2.0,1.0,2020,12,178682.79,662445.91,34.772695,32.054523,1.064,1197.2
תל אביב-יפו,צפון יפו,שלמה,4.0,1920000,39,1.0,4.0,2020,12,177506.98,662463.76,34.760244,32.054641,1.064,1197.2
תל אביב-יפו,גבעת הרצל,שלמה,98.0,2050000,63,2.5,3.0,2020,10,178853.69,662483.15,34.774503,32.054865,1.064,1197.2
תל אביב-יפו,שפירא,שלמה,124.0,6500000,25,1.0,3.0,2020,8,179086.36,662428.44,34.776969,32.05438,1.064,1197.2
תל אביב-יפו,גבעת הרצל,שלמה,90.0,2150000,61,3.0,3.0,2020,7,178776.36,662463.28,34.773685,32.054683,1.064,1197.2
תל אביב-יפו,פלורנטין,שלמה,61.0,2175000,50,2.0,8.0,2020,2,178258.29,662519.03,34.768197,32.055167,1.064,1197.2
תל אביב-יפו,גבעת הרצל,שלמה,54.0,3500000,111,4.0,3.0,2019,12,178326.03,662455.77,34.768917,32.054599,1.064,1197.2
תל אביב-יפו,פלורנטין,שלמה,73.0,2738000,66,3.0,4.0,2019,11,178368.72,662502.73,34.769367,32.055024,1.064,1197.2
תל אביב-יפו,פלורנטין,שלמה,61.0,2200000,60,2.0,4.0,2019,8,178258.29,662519.03,34.768197,32.055167,1.064,1197.2
תל אביב-יפו,פלורנטין,שלמה,61.0,2200000,60,2.0,3.0,2019,8,178258.29,662519.03,34.768197,32.055167,1.064,1197.2
תל אביב-יפו,גבעת הרצל,שלמה,54.0,1600000,66,3.0,5.0,2019,7,178326.03,662455.77,34.768917,32.054599,1.064,1197.2
תל אביב-יפו,צפון יפו,שלמה,2.0,1980000,45,2.0,3.0,2019,7,177506.98,662463.76,34.760244,32.054641,1.064,1197.2
תל אביב-יפו,פלורנטין,שלמה,61.0,2420000,69,3.0,4.0,2019,5,178258.29,662519.03,34.768197,32.055167,1.064,1197.2
תל אביב-יפו,פלורנטין,שלמה,61.0,2420000,69,3.0,3.0,2019,5,178258.29,662519.03,34.768197,32.055167,1.064,1197.2
תל אביב-יפו,פלורנטין,שלמה,61.0,2100000,50,2.0,8.0,2019,4,178258.29,662519.03,34.768197,32.055167,1.064,1197.2
תל אביב-יפו,פלורנטין,שלמה,61.0,2100000,50,2.0,3.0,2019,4,178258.29,662519.03,34.768197,32.055167,1.064,1197.2
תל אביב-יפו,גבעת הרצל,שלמה,54.0,2500000,66,3.0,1.0,2019,1,178326.03,662455.77,34.768917,32.054599,1.064,1197.2
תל אביב-יפו,גבעת הרצל,שלמה,54.0,2675000,70,3.0,5.0,2019,1,178326.03,662455.77,34.768917,32.054599,1.064,1197.2
תל אביב-יפו,נווה שאנן,שלמה,169.0,245000,64,3.0,3.0,2018,12,179461.21,662383.16,34.78094,32.053985,1.064,1197.2
תל אביב-יפו,גבעת הרצל,שלמה,54.0,3200000,75,3.0,6.0,2018,12,178326.03,662455.77,34.768917,32.054599,1.064,1197.2
תל אביב-יפו,צפון יפו,שלמה,4.0,1659000,34,2.0,4.0,2018,12,177506.98,662463.76,34.760244,32.054641,1.064,1197.2
תל אביב-יפו,פלורנטין,שלמה,61.0,1740000,47,1.5,1.0,2018,11,178258.29,662519.03,34.768197,32.055167,1.064,1197.2
תל אביב-יפו,פלורנטין,שלמה,61.0,2090000,50,2.0,7.0,2018,10,178258.29,662519.03,34.768197,32.055167,1.064,1197.2
תל אביב-יפו,פלורנטין,שלמה,61.0,2090000,50,2.0,3.0,2018,10,178258.29,662519.03,34.768197,32.055167,1.064,1197.2
תל אביב-יפו,פלורנטין,שלמה,61.0,1890000,53,2.0,3.0,2018,10,178258.29,662519.03,34.768197,32.055167,1.064,1197.2
תל אביב-יפו,פלורנטין,שלמה,61.0,2040000,50,2.0,6.0,2018,10,178258.29,662519.03,34.768197,32.055167,1.064,1197.2
תל אביב-יפו,פלורנטין,שלמה,61.0,1890000,53,2.0,3.0,2018,10,178258.29,662519.03,34.768197,32.055167,1.064,1197.2
תל אביב-יפו,פלורנטין,שלמה,61.0,2040000,50,2.0,3.0,2018,10,178258.29,662519.03,34.768197,32.055167,1.064,1197.2
תל אביב-יפו,צפון יפו,שלמה,15.0,3045000,101,4.0,1.0,2018,9,177694.21,662498.7,34.762225,32.054963,1.064,1197.2
תל אביב-יפו,גבעת הרצל,שלמה,54.0,2533000,65,3.0,3.0,2018,8,178326.03,662455.77,34.768917,32.054599,1.064,1197.2
תל אביב-יפו,גבעת הרצל,שלמה,90.0,1650000,65,2.5,3.0,2018,3,178776.36,662463.28,34.773685,32.054683,1.064,1197.2
תל אביב-יפו,פלורנטין,שלמה,61.0,1895000,53,2.0,3.0,2018,2,178258.29,662519.03,34.768197,32.055167,1.064,1197.2
תל אביב-יפו,נווה שאנן,שלמה,117.0,1750000,53,2.0,3.0,2018,2,178906.51,662512.88,34.775061,32.055135,1.064,1197.2
תל אביב-יפו,גבעת הרצל,שלמה,100.0,960000,75,3.0,1.0,2017,12,178881.91,662477.49,34.774802,32.054815,1.064,1197.2
תל אביב-יפו,פלורנטין,שלמה,73.0,2325000,66,3.0,3.0,2017,12,178368.72,662502.73,34.769367,32.055024,1.064,1197.2
תל אביב-יפו,גבעת הרצל,שלמה,90.0,1400000,72,3.0,3.0,2017,12,178776.36,662463.28,34.773685,32.054683,1.064,1197.2
תל אביב-יפו,פלורנטין,שלמה,61.0,1709000,56,2.0,6.0,2017,12,178258.29,662519.03,34.768197,32.055167,1.064,1197.2
תל אביב-יפו,פלורנטין,שלמה,61.0,1874000,42,2.0,6.0,2017,12,178258.29,662519.03,34.768197,32.055167,1.064,1197.2
תל אביב-יפו,פלורנטין,שלמה,61.0,1709671,56,2.0,1.0,2017,12,178258.29,662519.03,34.768197,32.055167,1.064,1197.2
תל אביב-יפו,פלורנטין,שלמה,61.0,1874125,42,2.0,6.0,2017,12,178258.29,662519.03,34.768197,32.055167,1.064,1197.2
תל אביב-יפו,פלורנטין,שלמה,61.0,1880000,50,2.0,6.0,2017,12,178258.29,662519.03,34.768197,32.055167,1.064,1197.2
תל אביב-יפו,פלורנטין,שלמה,61.0,1880000,53,2.0,6.0,2017,12,178258.29,662519.03,34.768197,32.055167,1.064,1197.2
תל אביב-יפו,פלורנטין,שלמה,61.0,1857000,49,2.0,5.0,2017,11,178258.29,662519.03,34.768197,32.055167,1.064,1197.2
תל אביב-יפו,פלורנטין,שלמה,61.0,1867000,52,2.0,5.0,2017,11,178258.29,662519.03,34.768197,32.055167,1.064,1197.2
תל אביב-יפו,פלורנטין,שלמה,61.0,1857597,52,2.0,5.0,2017,11,178258.29,662519.03,34.768197,32.055167,1.064,1197.2
תל אביב-יפו,פלורנטין,שלמה,61.0,1867053,53,2.0,5.0,2017,11,178258.29,662519.03,34.768197,32.055167,1.064,1197.2
תל אביב-יפו,גבעת הרצל,שלמה,82.0,1250000,46,2.0,1.0,2017,11,178682.79,662445.91,34.772695,32.054523,1.064,1197.2
תל אביב-יפו,פלורנטין,שלמה,61.0,1674000,50,2.0,1.0,2017,11,178258.29,662519.03,34.768197,32.055167,1.064,1197.2
תל אביב-יפו,פלורנטין,שלמה,61.0,1674030,50,2.0,1.0,2017,11,178258.29,662519.03,34.768197,32.055167,1.064,1197.2
תל אביב-יפו,פלורנטין,שלמה,61.0,1759000,51,2.0,3.0,2017,10,178258.29,662519.03,34.768197,32.055167,1.064,1197.2
תל אביב-יפו,פלורנטין,שלמה,61.0,1759294,51,2.0,3.0,2017,10,178258.29,662519.03,34.768197,32.055167,1.064,1197.2
תל אביב-יפו,פלורנטין,שלמה,73.0,2019000,66,3.0,1.0,2017,3,178368.72,662502.73,34.769367,32.055024,1.064,1197.2
תל אביב-יפו,פלורנטין,שלמה,73.0,2150000,66,3.0,1.0,2017,3,178368.72,662502.73,34.769367,32.055024,1.064,1197.2
תל אביב-יפו,צפון יפו,שלמה,2.0,2550000,55,2.0,3.0,2017,3,177506.98,662463.76,34.760244,32.054641,1.064,1197.2
תל אביב-יפו,צפון יפו,שלמה,4.0,1485000,34,2.0,3.0,2017,2,177506.98,662463.76,34.760244,32.054641,1.064,1197.2
תל אביב-יפו,גבעת הרצל,שלמה,94.0,1530000,66,2.0,3.0,2017,2,178809.71,662466.03,34.774038,32.054709,1.064,1197.2
תל אביב-יפו,צפון יפו,שלמה,13.0,1100000,56,2.0,1.0,2016,12,177624.24,662501.87,34.761484,32.054989,1.064,1197.2
תל אביב-יפו,גבעת הרצל,שלמה,100.0,920000,75,3.0,1.0,2016,9,178881.91,662477.49,34.774802,32.054815,1.064,1197.2
תל אביב-יפו,צפון יפו,שלמה,2.0,2200000,51,2.0,3.0,2016,8,177506.98,662463.76,34.760244,32.054641,1.064,1197.2
תל אביב-יפו,פלורנטין,שלמה,71.0,1775000,52,3.0,4.0,2016,6,178347.29,662505.14,34.76914,32.055045,1.064,1197.2
תל אביב-יפו,גבעת הרצל,שלמה,54.0,2370000,71,3.0,4.0,2016,6,178326.03,662455.77,34.768917,32.054599,1.064,1197.2
תל אביב-יפו,גבעת הרצל,שלמה,54.0,2485000,75,3.0,6.0,2016,6,178326.03,662455.77,34.768917,32.054599,1.064,1197.2
תל אביב-יפו,גבעת הרצל,שלמה,54.0,1810000,70,3.0,3.0,2016,6,178326.03,662455.77,34.768917,32.054599,1.064,1197.2
תל אביב-יפו,גבעת הרצל,שלמה,54.0,2400000,70,3.0,8.0,2016,5,178326.03,662455.77,34.768917,32.054599,1.064,1197.2
תל אביב-יפו,גבעת הרצל,שלמה,54.0,2135000,70,2.0,3.0,2016,4,178326.03,662455.77,34.768917,32.054599,1.064,1197.2
תל אביב-יפו,גבעת הרצל,שלמה,54.0,2250000,70,3.0,3.0,2016,4,178326.03,662455.77,34.768917,32.054599,1.064,1197.2
תל אביב-יפו,גבעת הרצל,שלמה,54.0,4000000,128,4.0,5.0,2016,4,178326.03,662455.77,34.768917,32.054599,1.064,1197.2
תל אביב-יפו,צפון יפו,שלמה,23.0,1709000,93,3.0,1.0,2016,3,177805.62,662467.2,34.763406,32.054683,1.064,1197.2
תל אביב-יפו,גבעת הרצל,שלמה,54.0,2230000,71,3.0,3.0,2016,2,178326.03,662455.77,34.768917,32.054599,1.064,1197.2
תל אביב-יפו,גבעת הרצל,שלמה,54.0,3190000,110,4.0,3.0,2016,1,178326.03,662455.77,34.768917,32.054599,1.064,1197.2
תל אביב-יפו,גבעת הרצל,שלמה,54.0,2170000,70,3.0,3.0,2016,1,178326.03,662455.77,34.768917,32.054599,1.064,1197.2
תל אביב-יפו,גבעת הרצל,שלמה,54.0,1950000,80,3.0,3.0,2015,12,178326.03,662455.77,34.768917,32.054599,1.064,1197.2
תל אביב-יפו,צפון יפו,שלמה,15.0,1150000,47,2.0,3.0,2015,11,177694.21,662498.7,34.762225,32.054963,1.064,1197.2
תל אביב-יפו,נווה שאנן,שלמה,169.0,950000,50,2.0,1.0,2015,10,179461.21,662383.16,34.78094,32.053985,1.064,1197.2
תל אביב-יפו,צפון יפו,שלמה,15.0,2020000,102,4.0,1.0,2015,10,177694.21,662498.7,34.762225,32.054963,1.064,1197.2
תל אביב-יפו,צפון יפו,שלמה,15.0,360000,102,4.0,1.0,2015,8,177694.21,662498.7,34.762225,32.054963,1.064,1197.2
תל אביב-יפו,גבעת הרצל,שלמה,94.0,1400000,77,3.0,3.0,2015,8,178809.71,662466.03,34.774038,32.054709,1.064,1197.2
תל אביב-יפו,גבעת הרצל,שלמה,90.0,1230000,65,2.5,3.0,2015,7,178776.36,662463.28,34.773685,32.054683,1.064,1197.2
תל אביב-יפו,צפון יפו,שלמה,23.0,600000,21,1.0,0.0,2015,6,177805.62,662467.2,34.763406,32.054683,1.064,1197.2
תל אביב-יפו,גבעת הרצל,שלמה,80.0,1185000,56,2.0,3.0,2015,6,178682.79,662445.91,34.772695,32.054523,1.064,1197.2
תל אביב-יפו,נווה שאנן,שלמה,169.0,799000,50,2.0,3.0,2015,5,179461.21,662383.16,34.78094,32.053985,1.064,1197.2
תל אביב-יפו,נווה שאנן,שלמה,169.0,800000,50,2.0,3.0,2015,5,179461.21,662383.16,34.78094,32.053985,1.064,1197.2
תל אביב-יפו,נווה שאנן,שלמה,169.0,800000,50,2.0,3.0,2015,5,179461.21,662383.16,34.78094,32.053985,1.064,1197.2
תל אביב-יפו,גבעת הרצל,שלמה,80.0,1020000,53,2.0,3.0,2015,2,178682.79,662445.91,34.772695,32.054523,1.064,1197.2
תל אביב-יפו,גבעת הרצל,שלמה,82.0,1100000,90,4.0,1.0,2014,9,178682.79,662445.91,34.772695,32.054523,1.064,1197.2
תל אביב-יפו,צפון יפו,שלמה,13.0,1000000,56,2.0,1.0,2014,6,177624.24,662501.87,34.761484,32.054989,1.064,1197.2
תל אביב-יפו,פלורנטין,שלמה,73.0,1350000,62,3.0,1.0,2014,6,178368.72,662502.73,34.769367,32.055024,1.064,1197.2
תל אביב-יפו,צפון יפו,שלמה,2.0,1500000,43,2.0,5.0,2014,6,177506.98,662463.76,34.760244,32.054641,1.064,1197.2
תל אביב-יפו,פלורנטין,שלמה,73.0,1560000,60,3.0,5.0,2014,4,178368.72,662502.73,34.769367,32.055024,1.064,1197.2
תל אביב-יפו,גבעת הרצל,שלמה,94.0,1100000,66,3.0,3.0,2014,3,178809.71,662466.03,34.774038,32.054709,1.064,1197.2
תל אביב-יפו,צפון יפו,שלמה,4.0,1180000,54,2.0,5.0,2014,3,177506.98,662463.76,34.760244,32.054641,1.064,1197.2
תל אביב-יפו,צפון יפו,שלמה,4.0,2320000,79,3.0,3.0,2013,8,177506.98,662463.76,34.760244,32.054641,1.064,1197.2
תל אביב-יפו,פלורנטין,שלמה,73.0,1535000,66,3.0,5.0,2013,7,178368.72,662502.73,34.769367,32.055024,1.064,1197.2
תל אביב-יפו,פלורנטין,שלמה,73.0,1360000,57,3.0,3.0,2013,7,178368.72,662502.73,34.769367,32.055024,1.064,1197.2
תל אביב-יפו,פלורנטין,שלמה,73.0,1565000,66,3.0,3.0,2013,5,178368.72,662502.73,34.769367,32.055024,1.064,1197.2
תל אביב-יפו,צפון יפו,שלמה,2.0,1500000,55,2.0,5.0,2013,5,177506.98,662463.76,34.760244,32.054641,1.064,1197.2
תל אביב-יפו,צפון יפו,שלמה,4.0,1270000,47,2.0,5.0,2013,4,177506.98,662463.76,34.760244,32.054641,1.064,1197.2
תל אביב-יפו,צפון יפו,שלמה,23.0,1500000,93,3.0,3.0,2013,3,177805.62,662467.2,34.763406,32.054683,1.064,1197.2
תל אביב-יפו,צפון יפו,שלמה,4.0,1575000,78,3.0,5.0,2013,2,177506.98,662463.76,34.760244,32.054641,1.064,1197.2
תל אביב-יפו,צפון יפו,שלמה,4.0,1550000,77,3.0,4.0,2012,12,177506.98,662463.76,34.760244,32.054641,1.064,1197.2
תל אביב-יפו,נווה שאנן,שלמה,115.0,830000,61,2.0,1.0,2012,11,178877.91,662518.43,34.774758,32.055184,1.064,1197.2
תל אביב-יפו,צפון יפו,שלמה,4.0,1729000,81,3.0,3.0,2012,8,177506.98,662463.76,34.760244,32.054641,1.064,1197.2
תל אביב-יפו,צפון יפו,שלמה,4.0,1245000,61,2.0,3.0,2012,8,177506.98,662463.76,34.760244,32.054641,1.064,1197.2
תל אביב-יפו,גבעת הרצל,שלמה,94.0,740000,37,2.0,3.0,2012,7,178809.71,662466.03,34.774038,32.054709,1.064,1197.2
תל אביב-יפו,צפון יפו,שלמה,23.0,1000000,30,2.0,3.0,2012,7,177805.62,662467.2,34.763406,32.054683,1.064,1197.2
תל אביב-יפו,גבעת הרצל,שלמה,90.0,855000,67,2.0,1.0,2012,6,178776.36,662463.28,34.773685,32.054683,1.064,1197.2
תל אביב-יפו,צפון יפו,שלמה,4.0,1430000,80,3.0,3.0,2012,4,177506.98,662463.76,34.760244,32.054641,1.064,1197.2
תל אביב-יפו,צפון יפו,שלמה,4.0,1167000,61,2.0,0.0,2012,3,177506.98,662463.76,34.760244,32.054641,1.064,1197.2
תל אביב-יפו,צפון יפו,שלמה,23.0,245000,88,3.0,3.0,2012,2,177805.62,662467.2,34.763406,32.054683,1.064,1197.2
תל אביב-יפו,צפון יפו,שלמה,2.0,1457950,87,3.0,3.0,2011,11,177506.98,662463.76,34.760244,32.054641,1.064,1197.2
תל אביב-יפו,צפון יפו,שלמה,2.0,1158780,56,2.0,6.0,2011,8,177506.98,662463.76,34.760244,32.054641,1.064,1197.2
תל אביב-יפו,צפון יפו,שלמה,2.0,1650000,84,2.0,6.0,2011,6,177506.98,662463.76,34.760244,32.054641,1.064,1197.2
תל אביב-יפו,צפון יפו,שלמה,23.0,357000,21,1.0,0.0,2011,5,177805.62,662467.2,34.763406,32.054683,1.064,1197.2
תל אביב-יפו,צפון יפו,שלמה,2.0,1450000,87,3.0,6.0,2011,4,177506.98,662463.76,34.760244,32.054641,1.064,1197.2
תל אביב-יפו,גבעת הרצל,שלמה,98.0,700000,57,2.5,1.0,2011,3,178853.69,662483.15,34.774503,32.054865,1.064,1197.2
תל אביב-יפו,צפון יפו,שלמה,2.0,2007500,103,4.0,5.0,2011,3,177506.98,662463.76,34.760244,32.054641,1.064,1197.2
תל אביב-יפו,פלורנטין,שלמה,73.0,1270000,56,3.0,1.0,2011,3,178368.72,662502.73,34.769367,32.055024,1.064,1197.2
תל אביב-יפו,צפון יפו,שלמה,2.0,1120000,70,3.0,3.0,2011,2,177506.98,662463.76,34.760244,32.054641,1.064,1197.2
תל אביב-יפו,צפון יפו,שלמה,2.0,1378000,82,3.0,5.0,2011,2,177506.98,662463.76,34.760244,32.054641,1.064,1197.2
תל אביב-יפו,צפון יפו,שלמה,2.0,1158280,64,2.0,5.0,2011,1,177506.98,662463.76,34.760244,32.054641,1.064,1197.2
תל אביב-יפו,צפון יפו,שלמה,2.0,1350000,81,3.0,5.0,2011,1,177506.98,662463.76,34.760244,32.054641,1.064,1197.2
תל אביב-יפו,פלורנטין,שלמה,71.0,1335000,71,3.0,4.0,2010,12,178347.29,662505.14,34.76914,32.055045,1.064,1197.2
תל אביב-יפו,צפון יפו,שלמה,15.0,217000,112,5.0,1.0,2010,11,177694.21,662498.7,34.762225,32.054963,1.064,1197.2
תל אביב-יפו,פלורנטין,שלמה,71.0,1250000,58,3.0,3.0,2010,11,178347.29,662505.14,34.76914,32.055045,1.064,1197.2
תל אביב-יפו,גבעת הרצל,שלמה,98.0,400000,47,2.0,1.0,2010,11,178853.69,662483.15,34.774503,32.054865,1.064,1197.2
תל אביב-יפו,צפון יפו,שלמה,2.0,1415000,94,3.0,4.0,2010,8,177506.98,662463.76,34.760244,32.054641,1.064,1197.2
תל אביב-יפו,צפון יפו,שלמה,2.0,1380000,50,2.0,0.0,2010,8,177506.98,662463.76,34.760244,32.054641,1.064,1197.2
תל אביב-יפו,צפון יפו,שלמה,2.0,1155000,75,2.0,3.0,2010,8,177506.98,662463.76,34.760244,32.054641,1.064,1197.2
תל אביב-יפו,פלורנטין,שלמה,71.0,1050000,52,2.0,4.0,2010,6,178347.29,662505.14,34.76914,32.055045,1.064,1197.2
תל אביב-יפו,פלורנטין,שלמה,73.0,1200000,66,3.0,3.0,2010,6,178368.72,662502.73,34.769367,32.055024,1.064,1197.2
תל אביב-יפו,צפון יפו,שלמה,2.0,1466000,50,3.0,3.0,2010,5,177506.98,662463.76,34.760244,32.054641,1.064,1197.2
תל אביב-יפו,גבעת הרצל,שלמה,80.0,510000,40,2.0,5.0,2010,5,178682.79,662445.91,34.772695,32.054523,1.064,1197.2
תל אביב-יפו,צפון יפו,שלמה,2.0,1300000,81,3.0,4.0,2010,5,177506.98,662463.76,34.760244,32.054641,1.064,1197.2
תל אביב-יפו,גבעת הרצל,שלמה,90.0,300000,67,2.5,1.0,2010,4,178776.36,662463.28,34.773685,32.054683,1.064,1197.2
תל אביב-יפו,גבעת הרצל,שלמה,90.0,200000,65,2.5,3.0,2010,2,178776.36,662463.28,34.773685,32.054683,1.064,1197.2
תל אביב-יפו,צפון יפו,שלמה,2.0,824000,36,2.0,3.0,2009,10,177506.98,662463.76,34.760244,32.054641,1.064,1197.2
תל אביב-יפו,גבעת הרצל,שלמה,94.0,700000,52,3.0,3.0,2009,8,178809.71,662466.03,34.774038,32.054709,1.064,1197.2
תל אביב-יפו,צפון יפו,שלמה,2.0,1026000,64,2.0,3.0,2009,8,177506.98,662463.76,34.760244,32.054641,1.064,1197.2
תל אביב-יפו,נווה שאנן,שלמה,115.0,414000,70,2.0,1.0,2009,7,178877.91,662518.43,34.774758,32.055184,1.064,1197.2
תל אביב-יפו,גבעת הרצל,שלמה,94.0,870000,67,2.5,3.0,2009,7,178809.71,662466.03,34.774038,32.054709,1.064,1197.2
תל אביב-יפו,גבעת הרצל,שלמה,72.0,620000,69,2.0,3.0,2009,7,178608.61,662457.07,34.771909,32.054621,1.064,1197.2
תל אביב-יפו,צפון יפו,שלמה,23.0,130000,21,1.0,0.0,2009,4,177805.62,662467.2,34.763406,32.054683,1.064,1197.2
תל אביב-יפו,נווה שאנן,שלמה,115.0,450000,55,2.5,1.0,2009,3,178877.91,662518.43,34.774758,32.055184,1.064,1197.2
תל אביב-יפו,גבעת הרצל,שלמה,80.0,345000,30,2.0,5.0,2009,2,178682.79,662445.91,34.772695,32.054523,1.064,1197.2
תל אביב-יפו,פלורנטין,שלמה,71.0,740000,60,2.0,4.0,2008,10,178347.29,662505.14,34.76914,32.055045,1.064,1197.2
תל אביב-יפו,פלורנטין,שלמה,73.0,1000000,120,4.0,3.0,2008,6,178368.72,662502.73,34.769367,32.055024,1.064,1197.2
תל אביב-יפו,פלורנטין,שלמה,73.0,970000,66,3.0,3.0,2008,6,178368.72,662502.73,34.769367,32.055024,1.064,1197.2
תל אביב-יפו,גבעת הרצל,שלמה,98.0,340000,57,2.5,1.0,2008,6,178853.69,662483.15,34.774503,32.054865,1.064,1197.2
תל אביב-יפו,גבעת הרצל,שלמה,80.0,420000,60,2.0,3.0,2008,5,178682.79,662445.91,34.772695,32.054523,1.064,1197.2
תל אביב-יפו,צפון יפו,שלמה,2.0,869000,50,2.0,0.0,2008,3,177506.98,662463.76,34.760244,32.054641,1.064,1197.2
תל אביב-יפו,גבעת הרצל,שלמה,94.0,335000,58,2.0,3.0,2008,3,178809.71,662466.03,34.774038,32.054709,1.064,1197.2
תל אביב-יפו,פלורנטין,שלמה,73.0,700000,57,3.0,3.0,2008,2,178368.72,662502.73,34.769367,32.055024,1.064,1197.2
תל אביב-יפו,גבעת הרצל,שלמה,90.0,315000,31,1.5,3.0,2008,1,178776.36,662463.28,34.773685,32.054683,1.064,1197.2
תל אביב-יפו,גבעת הרצל,שלמה,98.0,440000,47,2.0,1.0,2007,11,178853.69,662483.15,34.774503,32.054865,1.064,1197.2
תל אביב-יפו,צפון יפו,שלמה,4.0,707000,63,2.0,3.0,2007,10,177506.98,662463.76,34.760244,32.054641,1.064,1197.2
תל אביב-יפו,פלורנטין,שלמה,73.0,768000,66,3.0,4.0,2007,7,178368.72,662502.73,34.769367,32.055024,1.064,1197.2
תל אביב-יפו,פלורנטין,שלמה,73.0,666000,66,3.0,1.0,2007,6,178368.72,662502.73,34.769367,32.055024,1.064,1197.2
תל אביב-יפו,נווה שאנן,שלמה,115.0,281000,40,2.0,3.0,2007,1,178877.91,662518.43,34.774758,32.055184,1.064,1197.2
תל אביב-יפו,פלורנטין,שלמה,71.0,524000,52,3.0,3.0,2006,12,178347.29,662505.14,34.76914,32.055045,1.064,1197.2
תל אביב-יפו,פלורנטין,שלמה,71.0,717000,76,4.0,3.0,2006,12,178347.29,662505.14,34.76914,32.055045,1.064,1197.2
תל אביב-יפו,גבעת הרצל,שלמה,80.0,276000,53,2.0,3.0,2006,12,178682.79,662445.91,34.772695,32.054523,1.064,1197.2
תל אביב-יפו,פלורנטין,שלמה,71.0,516000,71,3.0,1.0,2006,12,178347.29,662505.14,34.76914,32.055045,1.064,1197.2
תל אביב-יפו,גבעת הרצל,שלמה,94.0,373000,44,2.0,3.0,2006,11,178809.71,662466.03,34.774038,32.054709,1.064,1197.2
תל אביב-יפו,צפון יפו,שלמה,23.0,405000,64,2.0,3.0,2006,10,177805.62,662467.2,34.763406,32.054683,1.064,1197.2
תל אביב-יפו,צפון יפו,שלמה,1.0,240000,58,1.0,1.0,2006,8,177470.91,662556.62,34.759858,32.055477,1.064,1197.2
תל אביב-יפו,צפון יפו,שלמה,4.0,464000,36,2.0,5.0,2006,7,177506.98,662463.76,34.760244,32.054641,1.064,1197.2
תל אביב-יפו,פלורנטין,שלמה,71.0,471000,58,3.0,3.0,2006,2,178347.29,662505.14,34.76914,32.055045,1.064,1197.2
תל אביב-יפו,גבעת הרצל,שלמה,98.0,264000,58,2.0,3.0,2006,1,178853.69,662483.15,34.774503,32.054865,1.064,1197.2
תל אביב-יפו,גבעת הרצל,שלמה,90.0,192000,57,2.0,3.0,2005,12,178776.36,662463.28,34.773685,32.054683,1.064,1197.2
תל אביב-יפו,גבעת הרצל,שלמה,94.0,298000,37,2.0,3.0,2005,10,178809.71,662466.03,34.774038,32.054709,1.064,1197.2
תל אביב-יפו,גבעת הרצל,שלמה,90.0,131000,31,1.0,3.0,2005,6,178776.36,662463.28,34.773685,32.054683,1.064,1197.2
תל אביב-יפו,צפון יפו,שלמה,23.0,161000,28,2.0,3.0,2005,5,177805.62,662467.2,34.763406,32.054683,1.064,1197.2
תל אביב-יפו,פלורנטין,שלמה,71.0,470000,58,3.0,3.0,2005,3,178347.29,662505.14,34.76914,32.055045,1.064,1197.2
תל אביב-יפו,פלורנטין,שלמה,71.0,482000,60,3.0,1.0,2005,1,178347.29,662505.14,34.76914,32.055045,1.064,1197.2
תל אביב-יפו,גבעת הרצל,שלמה,90.0,428000,58,2.0,1.0,2004,9,178776.36,662463.28,34.773685,32.054683,1.064,1197.2
תל אביב-יפו,פלורנטין,שלמה,71.0,535000,72,3.0,4.0,2004,6,178347.29,662505.14,34.76914,32.055045,1.064,1197.2
תל אביב-יפו,גבעת הרצל,שלמה,94.0,218000,37,2.0,3.0,2004,1,178809.71,662466.03,34.774038,32.054709,1.064,1197.2
תל אביב-יפו,פלורנטין,שלמה,71.0,354000,71,3.0,4.0,2003,7,178347.29,662505.14,34.76914,32.055045,1.064,1197.2
תל אביב-יפו,נווה שאנן,,,1690000,44,2.0,3.0,2019,7,178979.5,662987.43,34.775814,32.059417,1.064,1197.2
תל אביב-יפו,נווה שאנן,,,1280000,40,1.5,3.0,2015,11,178979.5,662987.43,34.775814,32.059417,1.064,1197.2
תל אביב-יפו,נווה שאנן,,,1264000,40,2.0,3.0,2014,10,178979.5,662987.43,34.775814,32.059417,1.064,1197.2
תל אביב-יפו,נווה שאנן,,,1349000,70,2.0,3.0,2014,2,178979.5,662987.43,34.775814,32.059417,1.064,1197.2
תל אביב-יפו,נווה שאנן,,,1719000,69,3.0,3.0,2013,1,178979.5,662987.43,34.775814,32.059417,1.064,1197.2
תל אביב-יפו,נווה שאנן,,,900000,50,2.0,1.0,2013,1,178979.5,662987.43,34.775814,32.059417,1.064,1197.2
תל אביב-יפו,נווה שאנן,,,1365000,53,2.0,3.0,2012,9,178979.5,662987.43,34.775814,32.059417,1.064,1197.2
תל אביב-יפו,נווה שאנן,,,1112000,55,2.0,1.0,2012,6,178979.5,662987.43,34.775814,32.059417,1.064,1197.2
תל אביב-יפו,נווה שאנן,,,1099000,50,2.0,4.0,2010,10,178979.5,662987.43,34.775814,32.059417,1.064,1197.2
תל אביב-יפו,נווה שאנן,,,955000,45,2.0,3.0,2010,8,178979.5,662987.43,34.775814,32.059417,1.064,1197.2
תל אביב-יפו,נווה שאנן,,,955000,45,2.0,3.0,2010,8,178979.5,662987.43,34.775814,32.059417,1.064,1197.2
תל אביב-יפו,נווה שאנן,,,1135000,45,2.0,4.0,2010,8,178979.5,662987.43,34.775814,32.059417,1.064,1197.2
תל אביב-יפו,נווה שאנן,,,1099000,43,2.0,3.0,2010,8,178979.5,662987.43,34.775814,32.059417,1.064,1197.2
תל אביב-יפו,נווה שאנן,,,1100000,45,2.0,4.0,2010,8,178979.5,662987.43,34.775814,32.059417,1.064,1197.2
תל אביב-יפו,נווה שאנן,,,1135000,45,2.0,4.0,2010,8,178979.5,662987.43,34.775814,32.059417,1.064,1197.2
תל אביב-יפו,נווה שאנן,,,955000,45,2.0,3.0,2010,8,178979.5,662987.43,34.775814,32.059417,1.064,1197.2
תל אביב-יפו,נווה שאנן,,,955000,45,2.0,3.0,2010,8,178979.5,662987.43,34.775814,32.059417,1.064,1197.2
תל אביב-יפו,נווה שאנן,,,1082000,45,2.0,4.0,2010,7,178979.5,662987.43,34.775814,32.059417,1.064,1197.2
תל אביב-יפו,נווה שאנן,,,955000,45,2.0,3.0,2010,7,178979.5,662987.43,34.775814,32.059417,1.064,1197.2
תל אביב-יפו,נווה שאנן,,,885000,40,2.0,3.0,2009,12,178979.5,662987.43,34.775814,32.059417,1.064,1197.2
תל אביב-יפו,נווה שאנן,,,860000,50,2.0,1.0,2009,8,178979.5,662987.43,34.775814,32.059417,1.064,1197.2
תל אביב-יפו,נווה שאנן,,,851000,40,2.0,3.0,2009,8,178979.5,662987.43,34.775814,32.059417,1.064,1197.2
תל אביב-יפו,לב העיר,,,6950000,85,3.5,4.0,2025,3,179009.84,663993.33,34.776093,32.068489,1.064,1197.2
תל אביב-יפו,לב העיר,,,3200000,63,2.0,1.0,2023,4,179009.84,663993.33,34.776093,32.068489,1.064,1197.2
תל אביב-יפו,לב העיר,,,5200000,81,3.0,5.0,2021,6,179009.84,663993.33,34.776093,32.068489,1.064,1197.2
תל אביב-יפו,לב העיר,,,3160000,78,4.0,3.0,2020,3,179009.84,663993.33,34.776093,32.068489,1.064,1197.2
תל אביב-יפו,לב העיר,,,4650000,72,3.0,4.0,2019,5,179009.84,663993.33,34.776093,32.068489,1.064,1197.2
תל אביב-יפו,לב העיר,,,4650000,72,3.0,5.0,2019,5,179009.84,663993.33,34.776093,32.068489,1.064,1197.2
תל אביב-יפו,לב העיר,,,3100000,63,3.0,4.0,2018,11,179009.84,663993.33,34.776093,32.068489,1.064,1197.2
תל אביב-יפו,לב העיר,,,3100000,63,3.0,5.0,2018,11,179009.84,663993.33,34.776093,32.068489,1.064,1197.2
תל אביב-יפו,לב העיר,,,3680000,86,4.0,3.0,2018,4,179009.84,663993.33,34.776093,32.068489,1.064,1197.2
תל אביב-יפו,לב העיר,,,3145200,86,4.0,4.0,2018,4,179009.84,663993.33,34.776093,32.068489,1.064,1197.2
תל אביב-יפו,לב העיר,,,1749000,51,2.0,1.0,2016,6,179009.84,663993.33,34.776093,32.068489,1.064,1197.2
תל אביב-יפו,לב העיר,,,3354000,60,3.0,1.0,2015,10,179009.84,663993.33,34.776093,32.068489,1.064,1197.2
תל אביב-יפו,לב העיר,,,1184040,90,1.0,3.0,2015,10,179009.84,663993.33,34.776093,32.068489,1.064,1197.2
תל אביב-יפו,לב העיר,,,1920000,50,2.0,1.0,2015,10,179009.84,663993.33,34.776093,32.068489,1.064,1197.2
תל אביב-יפו,לב העיר,,,2831000,81,3.0,1.0,2015,10,179009.84,663993.33,34.776093,32.068489,1.064,1197.2
תל אביב-יפו,לב העיר,,,2752000,111,4.0,3.0,2022,6,179016.88,664505.29,34.776146,32.073106,1.064,1197.2
תל אביב-יפו,לב העיר,,,410000,93,4.0,3.0,2020,2,179016.88,664505.29,34.776146,32.073106,1.064,1197.2
תל אביב-יפו,לב העיר,,,6500000,119,4.0,3.0,2017,9,179016.88,664505.29,34.776146,32.073106,1.064,1197.2
תל אביב-יפו,לב העיר,,,5828000,119,4.0,3.0,2016,12,179016.88,664505.29,34.776146,32.073106,1.064,1197.2
תל אביב-יפו,הצפון הישן החלק הדרומי,ריינס,50.0,4050000,87,3.0,3.0,2023,8,179012.0,665512.88,34.776052,32.082192,1.064,1197.2
תל אביב-יפו,הצפון הישן החלק הדרומי,ריינס,50.0,535000,68,3.0,3.0,2019,12,179012.0,665512.88,34.776052,32.082192,1.064,1197.2
תל אביב-יפו,הצפון הישן החלק הדרומי,ריינס,50.0,510000,82,3.0,3.0,2016,4,179012.0,665512.88,34.776052,32.082192,1.064,1197.2
תל אביב-יפו,הצפון הישן החלק הדרומי,ריינס,50.0,660000,45,2.0,-1.0,2013,7,179012.0,665512.88,34.776052,32.082192,1.064,1197.2
תל אביב-יפו,הצפון הישן החלק הדרומי,ריינס,50.0,1050000,59,3.0,-1.0,2012,5,179012.0,665512.88,34.776052,32.082192,1.064,1197.2
תל אביב-יפו,הצפון הישן החלק הדרומי,ריינס,50.0,890000,60,3.0,-1.0,2010,3,179012.0,665512.88,34.776052,32.082192,1.064,1197.2
תל אביב-יפו,הצפון הישן החלק הדרומי,ריינס,50.0,482000,45,2.0,-1.0,2007,10,179012.0,665512.88,34.776052,32.082192,1.064,1197.2
תל אביב-יפו,הצפון הישן החלק הדרומי,ריינס,50.0,656000,59,2.0,-1.0,2007,9,179012.0,665512.88,34.776052,32.082192,1.064,1197.2
תל אביב-יפו,הצפון הישן החלק הדרומי,ריינס,50.0,600000,43,2.0,0.0,2006,5,179012.0,665512.88,34.776052,32.082192,1.064,1197.2
תל אביב-יפו,הצפון הישן החלק הדרומי,ריינס,50.0,1113000,90,3.0,1.0,2005,7,179012.0,665512.88,34.776052,32.082192,1.064,1197.2
תל אביב-יפו,הצפון הישן החלק הדרומי,ריינס,50.0,2640000,178,6.0,3.0,2005,7,179012.0,665512.88,34.776052,32.082192,1.064,1197.2
תל אביב-יפו,הצפון הישן החלק הדרומי,ריינס,38.0,1400000,70,2.0,3.0,2025,11,178982.56,665396.01,34.775745,32.081137,1.064,1197.2
תל אביב-יפו,הצפון הישן החלק הדרומי,ריינס,15.0,2925000,74,2.0,1.0,2025,2,178910.51,665274.98,34.774987,32.080043,1.064,1197.2
תל אביב-יפו,הצפון הישן החלק הדרומי,ריינס,26.0,1160000,54,2.0,3.0,2024,11,178959.32,665297.51,34.775503,32.080248,1.064,1197.2
תל אביב-יפו,הצפון הישן החלק הדרומי,ריינס,53.0,3550000,56,2.5,3.0,2024,8,178995.78,665612.64,34.775876,32.083091,1.064,1197.2
תל אביב-יפו,הצפון הישן החלק הדרומי,ריינס,4.0,4750000,83,3.0,3.0,2024,4,178907.51,665091.9,34.774963,32.078392,1.064,1197.2
תל אביב-יפו,הצפון הישן החלק הדרומי,ריינס,38.0,1025000,22,1.5,3.0,2022,12,178982.56,665396.01,34.775745,32.081137,1.064,1197.2
תל אביב-יפו,הצפון הישן החלק הדרומי,ריינס,46.0,3210000,60,2.0,3.0,2022,1,179003.75,665478.54,34.775966,32.081882,1.064,1197.2
תל אביב-יפו,הצפון הישן החלק הדרומי,ריינס,15.0,4000000,59,2.0,1.0,2021,11,178910.51,665274.98,34.774987,32.080043,1.064,1197.2
תל אביב-יפו,הצפון הישן החלק הדרומי,ריינס,62.0,1475000,75,3.0,3.0,2021,11,179050.44,665611.53,34.776455,32.083083,1.064,1197.2
תל אביב-יפו,הצפון הישן החלק הדרומי,ריינס,26.0,2875000,55,2.0,0.0,2021,11,178959.32,665297.51,34.775503,32.080248,1.064,1197.2
תל אביב-יפו,הצפון הישן החלק הדרומי,ריינס,25.0,1637000,47,2.0,5.0,2021,10,178927.05,665351.76,34.775159,32.080736,1.064,1197.2
תל אביב-יפו,הצפון הישן החלק הדרומי,ריינס,51.0,2900000,55,2.0,0.0,2021,10,178992.98,665594.68,34.775847,32.082929,1.064,1197.2
תל אביב-יפו,הצפון הישן החלק הדרומי,ריינס,34.0,2375000,49,2.0,1.0,2021,9,178974.58,665360.22,34.775662,32.080814,1.064,1197.2
תל אביב-יפו,הצפון הישן החלק הדרומי,ריינס,15.0,3380000,64,2.0,3.0,2021,8,178910.51,665274.98,34.774987,32.080043,1.064,1197.2
תל אביב-יפו,הצפון הישן החלק הדרומי,ריינס,45.0,5490000,107,4.0,3.0,2021,7,178979.26,665541.84,34.775704,32.082452,1.064,1197.2
תל אביב-יפו,הצפון הישן החלק הדרומי,ריינס,25.0,5071400,62,3.0,3.0,2021,5,178927.05,665351.76,34.775159,32.080736,1.064,1197.2
תל אביב-יפו,הצפון הישן החלק הדרומי,ריינס,5.0,478000,192,6.0,3.0,2020,8,178874.19,665141.49,34.774608,32.078838,1.064,1197.2
תל אביב-יפו,הצפון הישן החלק הדרומי,ריינס,4.0,3800000,94,3.5,3.0,2020,8,178907.51,665091.9,34.774963,32.078392,1.064,1197.2
תל אביב-יפו,הצפון הישן החלק הדרומי,ריינס,49.0,3244000,50,2.0,3.0,2020,3,178987.24,665577.96,34.775787,32.082778,1.064,1197.2
תל אביב-יפו,הצפון הישן החלק הדרומי,ריינס,5.0,3470000,61,3.0,3.0,2020,2,178874.19,665141.49,34.774608,32.078838,1.064,1197.2
תל אביב-יפו,הצפון הישן החלק הדרומי,ריינס,10.0,3000000,70,3.0,3.0,2019,12,178921.01,665137.09,34.775104,32.0788,1.064,1197.2
תל אביב-יפו,הצפון הישן החלק הדרומי,ריינס,10.0,2750000,54,2.0,3.0,2019,12,178921.01,665137.09,34.775104,32.0788,1.064,1197.2
תל אביב-יפו,הצפון הישן החלק הדרומי,ריינס,34.0,2650000,58,2.0,1.0,2019,11,178974.58,665360.22,34.775662,32.080814,1.064,1197.2
תל אביב-יפו,הצפון הישן החלק הדרומי,ריינס,51.0,2790000,57,2.0,1.0,2019,8,178992.98,665594.68,34.775847,32.082929,1.064,1197.2
תל אביב-יפו,הצפון הישן החלק הדרומי,ריינס,25.0,3370000,87,3.0,3.0,2019,5,178927.05,665351.76,34.775159,32.080736,1.064,1197.2
תל אביב-יפו,הצפון הישן החלק הדרומי,ריינס,38.0,1700000,127,4.0,4.0,2019,4,178982.56,665396.01,34.775745,32.081137,1.064,1197.2
תל אביב-יפו,הצפון הישן החלק הדרומי,ריינס,33.0,4015100,92,4.0,3.0,2018,12,178951.1,665416.09,34.775411,32.081317,1.064,1197.2
תל אביב-יפו,הצפון הישן החלק הדרומי,ריינס,29.0,3550000,69,3.0,3.0,2018,5,178932.55,665381.12,34.775216,32.081001,1.064,1197.2
תל אביב-יפו,הצפון הישן החלק הדרומי,ריינס,38.0,1250000,20,2.0,3.0,2018,4,178982.56,665396.01,34.775745,32.081137,1.064,1197.2
תל אביב-יפו,הצפון הישן החלק הדרומי,ריינס,60.0,1173000,110,4.0,3.0,2018,3,179027.22,665564.5,34.776211,32.082658,1.064,1197.2
תל אביב-יפו,הצפון הישן החלק הדרומי,ריינס,34.0,1300000,63,3.0,3.0,2017,7,178974.58,665360.22,34.775662,32.080814,1.064,1197.2
תל אביב-יפו,הצפון הישן החלק הדרומי,ריינס,48.0,600000,72,3.0,3.0,2017,4,179008.73,665495.59,34.776018,32.082036,1.064,1197.2
תל אביב-יפו,הצפון הישן החלק הדרומי,ריינס,35.0,4200000,100,4.0,1.0,2017,3,178956.07,665454.0,34.775462,32.081659,1.064,1197.2
תל אביב-יפו,הצפון הישן החלק הדרומי,ריינס,29.0,2850000,69,3.0,3.0,2016,12,178932.55,665381.12,34.775216,32.081001,1.064,1197.2
תל אביב-יפו,הצפון הישן החלק הדרומי,ריינס,45.0,3199000,91,3.0,3.0,2016,7,178979.26,665541.84,34.775704,32.082452,1.064,1197.2
תל אביב-יפו,הצפון הישן החלק הדרומי,ריינס,5.0,2650000,80,3.0,3.0,2016,6,178874.19,665141.49,34.774608,32.078838,1.064,1197.2
תל אביב-יפו,הצפון הישן החלק הדרומי,ריינס,15.0,2950000,64,2.0,3.0,2016,5,178910.51,665274.98,34.774987,32.080043,1.064,1197.2
תל אביב-יפו,הצפון הישן החלק הדרומי,ריינס,5.0,2850000,100,4.0,3.0,2016,4,178874.19,665141.49,34.774608,32.078838,1.064,1197.2
תל אביב-יפו,הצפון הישן החלק הדרומי,ריינס,38.0,470000,20,1.0,1.0,2016,2,178982.56,665396.01,34.775745,32.081137,1.064,1197.2
תל אביב-יפו,הצפון הישן החלק הדרומי,ריינס,15.0,140000,65,2.0,1.0,2016,2,178910.51,665274.98,34.774987,32.080043,1.064,1197.2
תל אביב-יפו,הצפון הישן החלק הדרומי,ריינס,46.0,2150000,60,2.0,3.0,2016,1,179003.75,665478.54,34.775966,32.081882,1.064,1197.2
תל אביב-יפו,הצפון הישן החלק הדרומי,ריינס,26.0,2190000,48,2.0,1.0,2015,12,178959.32,665297.51,34.775503,32.080248,1.064,1197.2
תל אביב-יפו,הצפון הישן החלק הדרומי,ריינס,38.0,750000,22,2.0,3.0,2015,12,178982.56,665396.01,34.775745,32.081137,1.064,1197.2
תל אביב-יפו,הצפון הישן החלק הדרומי,ריינס,46.0,1920000,22,1.5,4.0,2015,12,179003.75,665478.54,34.775966,32.081882,1.064,1197.2
תל אביב-יפו,הצפון הישן החלק הדרומי,ריינס,10.0,4100000,125,4.0,3.0,2015,8,178921.01,665137.09,34.775104,32.0788,1.064,1197.2
תל אביב-יפו,הצפון הישן החלק הדרומי,ריינס,24.0,2651500,68,3.0,3.0,2015,8,178955.86,665282.67,34.775467,32.080114,1.064,1197.2
תל אביב-יפו,הצפון הישן החלק הדרומי,ריינס,46.0,3000000,51,2.0,4.0,2015,6,179003.75,665478.54,34.775966,32.081882,1.064,1197.2
תל אביב-יפו,הצפון הישן החלק הדרומי,ריינס,46.0,1920000,20,1.0,4.0,2015,6,179003.75,665478.54,34.775966,32.081882,1.064,1197.2
תל אביב-יפו,הצפון הישן החלק הדרומי,ריינס,60.0,2850000,83,3.0,3.0,2015,5,179027.22,665564.5,34.776211,32.082658,1.064,1197.2
תל אביב-יפו,הצפון הישן החלק הדרומי,ריינס,15.0,2800000,65,2.0,3.0,2015,4,178910.51,665274.98,34.774987,32.080043,1.064,1197.2
תל אביב-יפו,הצפון הישן החלק הדרומי,ריינס,46.0,2699000,75,3.0,1.0,2015,2,179003.75,665478.54,34.775966,32.081882,1.064,1197.2
תל אביב-יפו,הצפון הישן החלק הדרומי,ריינס,5.0,2200000,70,3.0,3.0,2015,2,178874.19,665141.49,34.774608,32.078838,1.064,1197.2
תל אביב-יפו,הצפון הישן החלק הדרומי,ריינס,5.0,2399000,75,3.0,3.0,2015,2,178874.19,665141.49,34.774608,32.078838,1.064,1197.2
תל אביב-יפו,הצפון הישן החלק הדרומי,ריינס,5.0,3000000,70,3.0,3.0,2015,2,178874.19,665141.49,34.774608,32.078838,1.064,1197.2
תל אביב-יפו,הצפון הישן החלק הדרומי,ריינס,11.0,2100000,48,2.0,3.0,2015,1,178902.62,665215.24,34.774906,32.079504,1.064,1197.2
תל אביב-יפו,הצפון הישן החלק הדרומי,ריינס,21.0,2045000,54,2.0,1.0,2014,12,178922.41,665323.28,34.775111,32.080479,1.064,1197.2
תל אביב-יפו,הצפון הישן החלק הדרומי,ריינס,5.0,2500000,70,3.0,3.0,2014,12,178874.19,665141.49,34.774608,32.078838,1.064,1197.2
תל אביב-יפו,הצפון הישן החלק הדרומי,ריינס,25.0,1900000,48,2.0,3.0,2014,11,178927.05,665351.76,34.775159,32.080736,1.064,1197.2
תל אביב-יפו,הצפון הישן החלק הדרומי,ריינס,24.0,725000,28,2.0,4.0,2014,7,178955.86,665282.67,34.775467,32.080114,1.064,1197.2
תל אביב-יפו,הצפון הישן החלק הדרומי,ריינס,5.0,1874000,60,2.0,3.0,2014,7,178874.19,665141.49,34.774608,32.078838,1.064,1197.2
תל אביב-יפו,הצפון הישן החלק הדרומי,ריינס,45.0,2970000,83,4.0,3.0,2014,5,178979.26,665541.84,34.775704,32.082452,1.064,1197.2
תל אביב-יפו,הצפון הישן החלק הדרומי,ריינס,34.0,1700000,75,2.5,3.0,2014,4,178974.58,665360.22,34.775662,32.080814,1.064,1197.2
תל אביב-יפו,הצפון הישן החלק הדרומי,ריינס,24.0,533000,68,3.0,1.0,2014,1,178955.86,665282.67,34.775467,32.080114,1.064,1197.2
תל אביב-יפו,הצפון הישן החלק הדרומי,ריינס,21.0,2400000,69,3.0,3.0,2013,12,178922.41,665323.28,34.775111,32.080479,1.064,1197.2
תל אביב-יפו,הצפון הישן החלק הדרומי,ריינס,36.0,385000,54,2.5,0.0,2013,12,178977.48,665377.51,34.775692,32.08097,1.064,1197.2
תל אביב-יפו,הצפון הישן החלק הדרומי,ריינס,34.0,1650000,68,2.5,4.0,2013,11,178974.58,665360.22,34.775662,32.080814,1.064,1197.2
תל אביב-יפו,הצפון הישן החלק הדרומי,ריינס,21.0,2297000,69,4.0,1.0,2013,11,178922.41,665323.28,34.775111,32.080479,1.064,1197.2
תל אביב-יפו,הצפון הישן החלק הדרומי,ריינס,9.0,4047000,115,4.0,3.0,2013,7,178892.89,665189.77,34.774804,32.079274,1.064,1197.2
תל אביב-יפו,הצפון הישן החלק הדרומי,ריינס,19.0,2049000,79,3.0,1.0,2013,6,178918.48,665307.66,34.77507,32.080338,1.064,1197.2
תל אביב-יפו,הצפון הישן החלק הדרומי,ריינס,46.0,2175000,58,2.0,3.0,2013,6,179003.75,665478.54,34.775966,32.081882,1.064,1197.2
תל אביב-יפו,הצפון הישן החלק הדרומי,ריינס,46.0,1950000,75,3.0,3.0,2013,6,179003.75,665478.54,34.775966,32.081882,1.064,1197.2
תל אביב-יפו,הצפון הישן החלק הדרומי,ריינס,49.0,1150000,50,2.0,0.0,2013,4,178987.24,665577.96,34.775787,32.082778,1.064,1197.2
תל אביב-יפו,הצפון הישן החלק הדרומי,ריינס,10.0,3149000,76,4.0,3.0,2013,1,178921.01,665137.09,34.775104,32.0788,1.064,1197.2
תל אביב-יפו,הצפון הישן החלק הדרומי,ריינס,58.0,2470000,83,3.0,3.0,2012,11,179027.22,665564.5,34.776211,32.082658,1.064,1197.2
תל אביב-יפו,הצפון הישן החלק הדרומי,ריינס,5.0,1800000,75,2.0,3.0,2012,10,178874.19,665141.49,34.774608,32.078838,1.064,1197.2
תל אביב-יפו,הצפון הישן החלק הדרומי,ריינס,5.0,2100000,100,4.0,3.0,2012,10,178874.19,665141.49,34.774608,32.078838,1.064,1197.2
תל אביב-יפו,הצפון הישן החלק הדרומי,ריינס,46.0,1525000,55,2.0,3.0,2012,9,179003.75,665478.54,34.775966,32.081882,1.064,1197.2
תל אביב-יפו,הצפון הישן החלק הדרומי,ריינס,15.0,1790000,64,2.0,3.0,2012,9,178910.51,665274.98,34.774987,32.080043,1.064,1197.2
תל אביב-יפו,הצפון הישן החלק הדרומי,ריינס,15.0,1750000,63,2.5,3.0,2012,7,178910.51,665274.98,34.774987,32.080043,1.064,1197.2
תל אביב-יפו,הצפון הישן החלק הדרומי,ריינס,46.0,1680000,80,3.0,3.0,2012,7,179003.75,665478.54,34.775966,32.081882,1.064,1197.2
תל אביב-יפו,הצפון הישן החלק הדרומי,ריינס,46.0,1599000,80,3.0,1.0,2012,7,179003.75,665478.54,34.775966,32.081882,1.064,1197.2
תל אביב-יפו,הצפון הישן החלק הדרומי,ריינס,5.0,1350000,40,1.0,3.0,2012,6,178874.19,665141.49,34.774608,32.078838,1.064,1197.2
תל אביב-יפו,הצפון הישן החלק הדרומי,ריינס,5.0,1777000,60,2.0,3.0,2012,6,178874.19,665141.49,34.774608,32.078838,1.064,1197.2
תל אביב-יפו,הצפון הישן החלק הדרומי,ריינס,9.0,2423000,115,4.0,3.0,2012,4,178892.89,665189.77,34.774804,32.079274,1.064,1197.2
תל אביב-יפו,הצפון הישן החלק הדרומי,ריינס,46.0,1600000,59,2.0,1.0,2012,1,179003.75,665478.54,34.775966,32.081882,1.064,1197.2
תל אביב-יפו,הצפון הישן החלק הדרומי,ריינס,38.0,800000,52,2.0,3.0,2011,12,178982.56,665396.01,34.775745,32.081137,1.064,1197.2
תל אביב-יפו,הצפון הישן החלק הדרומי,ריינס,52.0,875000,82,3.0,1.0,2011,8,179017.08,665531.27,34.776105,32.082358,1.064,1197.2
תל אביב-יפו,הצפון הישן החלק הדרומי,ריינס,15.0,1820000,65,2.0,3.0,2011,4,178910.51,665274.98,34.774987,32.080043,1.064,1197.2
תל אביב-יפו,הצפון הישן החלק הדרומי,ריינס,24.0,887000,68,3.0,3.0,2011,2,178955.86,665282.67,34.775467,32.080114,1.064,1197.2
תל אביב-יפו,הצפון הישן החלק הדרומי,ריינס,5.0,1290000,65,2.0,3.0,2011,2,178874.19,665141.49,34.774608,32.078838,1.064,1197.2
תל אביב-יפו,הצפון הישן החלק הדרומי,ריינס,5.0,1298000,67,3.0,3.0,2011,2,178874.19,665141.49,34.774608,32.078838,1.064,1197.2
תל אביב-יפו,הצפון הישן החלק הדרומי,ריינס,11.0,1600000,48,2.0,3.0,2011,2,178902.62,665215.24,34.774906,32.079504,1.064,1197.2
תל אביב-יפו,הצפון הישן החלק הדרומי,ריינס,49.0,700000,60,2.0,3.0,2010,10,178987.24,665577.96,34.775787,32.082778,1.064,1197.2
תל אביב-יפו,הצפון הישן החלק הדרומי,ריינס,48.0,2379000,78,3.0,3.0,2010,8,179008.73,665495.59,34.776018,32.082036,1.064,1197.2
תל אביב-יפו,הצפון הישן החלק הדרומי,ריינס,48.0,1700000,84,4.0,3.0,2010,6,179008.73,665495.59,34.776018,32.082036,1.064,1197.2
תל אביב-יפו,הצפון הישן החלק הדרומי,ריינס,14.0,1360000,63,2.0,1.0,2010,5,178929.32,665186.19,34.77519,32.079243,1.064,1197.2
תל אביב-יפו,הצפון הישן החלק הדרומי,ריינס,11.0,7246190,169,4.0,0.0,2010,5,178902.62,665215.24,34.774906,32.079504,1.064,1197.2
תל אביב-יפו,הצפון הישן החלק הדרומי,ריינס,11.0,3409628,91,2.0,0.0,2010,4,178902.62,665215.24,34.774906,32.079504,1.064,1197.2
תל אביב-יפו,הצפון הישן החלק הדרומי,ריינס,46.0,1340000,61,2.0,3.0,2010,3,179003.75,665478.54,34.775966,32.081882,1.064,1197.2
תל אביב-יפו,הצפון הישן החלק הדרומי,ריינס,48.0,3000000,105,4.0,4.0,2010,2,179008.73,665495.59,34.776018,32.082036,1.064,1197.2
תל אביב-יפו,הצפון הישן החלק הדרומי,ריינס,45.0,2000000,83,4.5,3.0,2010,2,178979.26,665541.84,34.775704,32.082452,1.064,1197.2
תל אביב-יפו,הצפון הישן החלק הדרומי,ריינס,15.0,1075000,57,2.0,0.0,2010,1,178910.51,665274.98,34.774987,32.080043,1.064,1197.2
תל אביב-יפו,הצפון הישן החלק הדרומי,ריינס,48.0,350000,21,1.0,3.0,2009,11,179008.73,665495.59,34.776018,32.082036,1.064,1197.2
תל אביב-יפו,הצפון הישן החלק הדרומי,ריינס,48.0,650000,127,4.0,3.0,2009,11,179008.73,665495.59,34.776018,32.082036,1.064,1197.2
תל אביב-יפו,הצפון הישן החלק הדרומי,ריינס,24.0,887000,74,3.0,3.0,2009,11,178955.86,665282.67,34.775467,32.080114,1.064,1197.2
תל אביב-יפו,הצפון הישן החלק הדרומי,ריינס,56.0,1530000,80,3.0,1.0,2009,10,179027.22,665564.5,34.776211,32.082658,1.064,1197.2
תל אביב-יפו,הצפון הישן החלק הדרומי,ריינס,4.0,550000,62,2.0,3.0,2009,9,178907.51,665091.9,34.774963,32.078392,1.064,1197.2
תל אביב-יפו,הצפון הישן החלק הדרומי,ריינס,38.0,630000,25,1.5,3.0,2009,8,178982.56,665396.01,34.775745,32.081137,1.064,1197.2
תל אביב-יפו,הצפון הישן החלק הדרומי,ריינס,38.0,550000,23,1.5,3.0,2009,6,178982.56,665396.01,34.775745,32.081137,1.064,1197.2
תל אביב-יפו,הצפון הישן החלק הדרומי,ריינס,55.0,435000,54,2.0,1.0,2009,6,179001.33,665629.47,34.775934,32.083243,1.064,1197.2
תל אביב-יפו,הצפון הישן החלק הדרומי,ריינס,15.0,1100000,64,2.0,3.0,2008,9,178910.51,665274.98,34.774987,32.080043,1.064,1197.2
תל אביב-יפו,הצפון הישן החלק הדרומי,ריינס,9.0,1950000,160,6.0,0.0,2008,9,178892.89,665189.77,34.774804,32.079274,1.064,1197.2
תל אביב-יפו,הצפון הישן החלק הדרומי,ריינס,24.0,460000,68,3.0,3.0,2008,8,178955.86,665282.67,34.775467,32.080114,1.064,1197.2
תל אביב-יפו,הצפון הישן החלק הדרומי,ריינס,58.0,1230000,78,3.0,3.0,2008,7,179027.22,665564.5,34.776211,32.082658,1.064,1197.2
תל אביב-יפו,הצפון הישן החלק הדרומי,ריינס,25.0,1200000,65,3.0,4.0,2008,7,178927.05,665351.76,34.775159,32.080736,1.064,1197.2
תל אביב-יפו,הצפון הישן החלק הדרומי,ריינס,35.0,1659000,108,4.0,1.0,2008,2,178956.07,665454.0,34.775462,32.081659,1.064,1197.2
תל אביב-יפו,הצפון הישן החלק הדרומי,ריינס,24.0,363000,68,3.0,1.0,2007,10,178955.86,665282.67,34.775467,32.080114,1.064,1197.2
תל אביב-יפו,הצפון הישן החלק הדרומי,ריינס,49.0,1109000,65,2.0,3.0,2007,9,178987.24,665577.96,34.775787,32.082778,1.064,1197.2
תל אביב-יפו,הצפון הישן החלק הדרומי,ריינס,29.0,289000,69,3.0,0.0,2007,9,178932.55,665381.12,34.775216,32.081001,1.064,1197.2
תל אביב-יפו,הצפון הישן החלק הדרומי,ריינס,46.0,780000,58,2.0,1.0,2007,8,179003.75,665478.54,34.775966,32.081882,1.064,1197.2
תל אביב-יפו,הצפון הישן החלק הדרומי,ריינס,25.0,1085000,63,3.0,3.0,2007,7,178927.05,665351.76,34.775159,32.080736,1.064,1197.2
תל אביב-יפו,הצפון הישן החלק הדרומי,ריינס,48.0,2012000,105,4.0,4.0,2007,7,179008.73,665495.59,34.776018,32.082036,1.064,1197.2
תל אביב-יפו,הצפון הישן החלק הדרומי,ריינס,35.0,1674000,108,4.0,1.0,2007,6,178956.07,665454.0,34.775462,32.081659,1.064,1197.2
תל אביב-יפו,הצפון הישן החלק הדרומי,ריינס,46.0,690000,59,2.0,1.0,2007,4,179003.75,665478.54,34.775966,32.081882,1.064,1197.2
תל אביב-יפו,הצפון הישן החלק הדרומי,ריינס,52.0,1150000,85,3.0,3.0,2007,4,179017.08,665531.27,34.776105,32.082358,1.064,1197.2
תל אביב-יפו,הצפון הישן החלק הדרומי,ריינס,10.0,1224000,69,3.0,3.0,2007,3,178921.01,665137.09,34.775104,32.0788,1.064,1197.2
תל אביב-יפו,הצפון הישן החלק הדרומי,ריינס,14.0,1005000,63,2.0,1.0,2007,1,178929.32,665186.19,34.77519,32.079243,1.064,1197.2
תל אביב-יפו,הצפון הישן החלק הדרומי,ריינס,56.0,761000,70,3.0,3.0,2006,12,179027.22,665564.5,34.776211,32.082658,1.064,1197.2
תל אביב-יפו,הצפון הישן החלק הדרומי,ריינס,25.0,313000,65,3.0,4.0,2006,11,178927.05,665351.76,34.775159,32.080736,1.064,1197.2
תל אביב-יפו,הצפון הישן החלק הדרומי,ריינס,26.0,707000,48,2.0,0.0,2006,11,178959.32,665297.51,34.775503,32.080248,1.064,1197.2
תל אביב-יפו,הצפון הישן החלק הדרומי,ריינס,10.0,1100000,73,4.0,3.0,2006,9,178921.01,665137.09,34.775104,32.0788,1.064,1197.2
תל אביב-יפו,הצפון הישן החלק הדרומי,ריינס,49.0,875000,65,2.0,1.0,2006,9,178987.24,665577.96,34.775787,32.082778,1.064,1197.2
תל אביב-יפו,הצפון הישן החלק הדרומי,ריינס,46.0,486000,60,2.0,0.0,2006,7,179003.75,665478.54,34.775966,32.081882,1.064,1197.2
תל אביב-יפו,הצפון הישן החלק הדרומי,ריינס,46.0,265000,51,2.0,4.0,2006,7,179003.75,665478.54,34.775966,32.081882,1.064,1197.2
תל אביב-יפו,הצפון הישן החלק הדרומי,ריינס,46.0,508000,60,2.0,0.0,2006,7,179003.75,665478.54,34.775966,32.081882,1.064,1197.2
תל אביב-יפו,הצפון הישן החלק הדרומי,ריינס,46.0,530000,59,2.0,1.0,2006,7,179003.75,665478.54,34.775966,32.081882,1.064,1197.2
תל אביב-יפו,הצפון הישן החלק הדרומי,ריינס,10.0,1183000,69,3.0,3.0,2006,6,178921.01,665137.09,34.775104,32.0788,1.064,1197.2
תל אביב-יפו,הצפון הישן החלק הדרומי,ריינס,15.0,806000,60,2.0,3.0,2006,2,178910.51,665274.98,34.774987,32.080043,1.064,1197.2
תל אביב-יפו,הצפון הישן החלק הדרומי,ריינס,4.0,834000,63,2.0,3.0,2006,1,178907.51,665091.9,34.774963,32.078392,1.064,1197.2
תל אביב-יפו,הצפון הישן החלק הדרומי,ריינס,53.0,3060000,123,6.0,3.0,2006,1,178995.78,665612.64,34.775876,32.083091,1.064,1197.2
תל אביב-יפו,הצפון הישן החלק הדרומי,ריינס,52.0,1314000,88,4.0,4.0,2005,11,179017.08,665531.27,34.776105,32.082358,1.064,1197.2
תל אביב-יפו,הצפון הישן החלק הדרומי,ריינס,26.0,699000,52,2.0,0.0,2005,11,178959.32,665297.51,34.775503,32.080248,1.064,1197.2
תל אביב-יפו,הצפון הישן החלק הדרומי,ריינס,27.0,500000,69,3.0,1.0,2005,10,178930.7,665365.49,34.775197,32.08086,1.064,1197.2
תל אביב-יפו,הצפון הישן החלק הדרומי,ריינס,10.0,785000,54,2.0,3.0,2005,6,178921.01,665137.09,34.775104,32.0788,1.064,1197.2
תל אביב-יפו,הצפון הישן החלק הדרומי,ריינס,49.0,228000,50,2.0,0.0,2005,6,178987.24,665577.96,34.775787,32.082778,1.064,1197.2
תל אביב-יפו,הצפון הישן החלק הדרומי,ריינס,45.0,838000,83,3.0,3.0,2005,6,178979.26,665541.84,34.775704,32.082452,1.064,1197.2
תל אביב-יפו,הצפון הישן החלק הדרומי,ריינס,34.0,699000,70,2.0,4.0,2005,5,178974.58,665360.22,34.775662,32.080814,1.064,1197.2
תל אביב-יפו,הצפון הישן החלק הדרומי,ריינס,4.0,741000,63,2.0,4.0,2005,4,178907.51,665091.9,34.774963,32.078392,1.064,1197.2
תל אביב-יפו,הצפון הישן החלק הדרומי,ריינס,4.0,922000,57,3.0,3.0,2005,4,178907.51,665091.9,34.774963,32.078392,1.064,1197.2
תל אביב-יפו,הצפון הישן החלק הדרומי,ריינס,60.0,466000,80,3.0,3.0,2005,4,179027.22,665564.5,34.776211,32.082658,1.064,1197.2
תל אביב-יפו,הצפון הישן החלק הדרומי,ריינס,25.0,834000,67,2.0,4.0,2005,3,178927.05,665351.76,34.775159,32.080736,1.064,1197.2
תל אביב-יפו,הצפון הישן החלק הדרומי,ריינס,33.0,1526000,80,4.0,4.0,2005,1,178951.1,665416.09,34.775411,32.081317,1.064,1197.2
תל אביב-יפו,הצפון הישן החלק הדרומי,ריינס,14.0,616000,64,2.0,1.0,2004,12,178929.32,665186.19,34.77519,32.079243,1.064,1197.2
תל אביב-יפו,הצפון הישן החלק הדרומי,ריינס,53.0,1444000,123,6.0,3.0,2004,9,178995.78,665612.64,34.775876,32.083091,1.064,1197.2
תל אביב-יפו,הצפון הישן החלק הדרומי,ריינס,24.0,594000,68,3.0,3.0,2004,8,178955.86,665282.67,34.775467,32.080114,1.064,1197.2
תל אביב-יפו,הצפון הישן החלק הדרומי,ריינס,15.0,701000,60,2.0,3.0,2004,7,178910.51,665274.98,34.774987,32.080043,1.064,1197.2
תל אביב-יפו,הצפון הישן החלק הדרומי,ריינס,15.0,2486000,150,5.0,4.0,2004,4,178910.51,665274.98,34.774987,32.080043,1.064,1197.2
תל אביב-יפו,הצפון הישן החלק הדרומי,ריינס,26.0,643000,55,2.0,3.0,2004,3,178959.32,665297.51,34.775503,32.080248,1.064,1197.2
תל אביב-יפו,הצפון הישן החלק הדרומי,ריינס,35.0,1216000,93,3.0,3.0,2004,3,178956.07,665454.0,34.775462,32.081659,1.064,1197.2
תל אביב-יפו,הצפון הישן החלק הדרומי,ריינס,46.0,513000,59,2.0,3.0,2004,2,179003.75,665478.54,34.775966,32.081882,1.064,1197.2
תל אביב-יפו,הצפון הישן החלק הדרומי,ריינס,29.0,656000,79,3.0,1.0,2003,12,178932.55,665381.12,34.775216,32.081001,1.064,1197.2
תל אביב-יפו,הצפון הישן החלק הדרומי,ריינס,4.0,237000,66,3.0,3.0,2003,10,178907.51,665091.9,34.774963,32.078392,1.064,1197.2
תל אביב-יפו,הצפון הישן החלק הדרומי,ריינס,24.0,561000,28,2.0,4.0,2003,8,178955.86,665282.67,34.775467,32.080114,1.064,1197.2
תל אביב-יפו,הצפון הישן החלק הדרומי,ריינס,54.0,712000,75,3.0,3.0,2003,7,179027.22,665564.5,34.776211,32.082658,1.064,1197.2
תל אביב-יפו,הצפון הישן החלק הדרומי,ריינס,46.0,504000,50,2.0,3.0,1999,11,179003.75,665478.54,34.775966,32.081882,1.064,1197.2
תל אביב-יפו,הצפון הישן החלק הדרומי,ריינס,46.0,630000,71,3.0,3.0,1999,11,179003.75,665478.54,34.775966,32.081882,1.064,1197.2
תל אביב-יפו,הצפון הישן החלק הדרומי,ריינס,46.0,168000,54,2.0,3.0,1999,11,179003.75,665478.54,34.775966,32.081882,1.064,1197.2
תל אביב-יפו,הצפון הישן-החלק הצפוני,ארלוזורוב,40.0,3450000,56,2.0,3.0,2025,3,178996.62,665989.23,34.775869,32.086487,1.064,1197.2
תל אביב-יפו,הצפון הישן-החלק הצפוני,ארלוזורוב,40.0,3710000,56,2.5,3.0,2024,7,178996.62,665989.23,34.775869,32.086487,1.064,1197.2
תל אביב-יפו,הצפון הישן-החלק הצפוני,ארלוזורוב,40.0,3900000,55,2.5,4.0,2024,4,178996.62,665989.23,34.775869,32.086487,1.064,1197.2
תל אביב-יפו,הצפון הישן-החלק הצפוני,ארלוזורוב,40.0,2895000,50,2.5,3.0,2018,11,178996.62,665989.23,34.775869,32.086487,1.064,1197.2
תל אביב-יפו,הצפון הישן-החלק הצפוני,ארלוזורוב,40.0,1984000,50,2.0,3.0,2014,4,178996.62,665989.23,34.775869,32.086487,1.064,1197.2
תל אביב-יפו,הצפון הישן-החלק הצפוני,ארלוזורוב,40.0,1999000,50,2.0,1.0,2013,9,178996.62,665989.23,34.775869,32.086487,1.064,1197.2
תל אביב-יפו,הצפון הישן-החלק הצפוני,ארלוזורוב,40.0,907000,50,2.0,3.0,2011,11,178996.62,665989.23,34.775869,32.086487,1.064,1197.2
תל אביב-יפו,הצפון הישן-החלק הצפוני,ארלוזורוב,40.0,846000,50,2.0,4.0,2005,10,178996.62,665989.23,34.775869,32.086487,1.064,1197.2
תל אביב-יפו,הצפון הישן-החלק הצפוני,ארלוזורוב,40.0,659000,50,2.0,3.0,2004,12,178996.62,665989.23,34.775869,32.086487,1.064,1197.2
תל אביב-יפו,הצפון הישן-החלק הצפוני,ארלוזורוב,40.0,704000,42,2.0,1.0,2004,5,178996.62,665989.23,34.775869,32.086487,1.064,1197.2
תל אביב-יפו,הצפון הישן-החלק הצפוני,ארלוזורוב,34.0,2400000,42,1.5,1.0,2025,12,178949.28,666001.72,34.775367,32.086598,1.064,1197.2
תל אביב-יפו,הצפון הישן-החלק הצפוני,ארלוזורוב,88.0,4400000,71,2.5,3.0,2025,10,179418.99,665865.8,34.780348,32.085389,1.064,1197.2
תל אביב-יפו,הצפון החדש החלק הדרומי,ארלוזורוב,152.0,3300000,57,3.5,3.0,2025,9,180068.7,665691.82,34.787237,32.083843,1.064,1197.2
תל אביב-יפו,הצפון הישן-החלק הצפוני,ארלוזורוב,22.0,5500000,76,3.0,3.0,2025,9,178824.26,666042.7,34.774041,32.086963,1.064,1197.2
תל אביב-יפו,הצפון הישן-החלק הצפוני,ארלוזורוב,47.0,3575000,54,2.5,3.0,2025,7,179215.87,665973.94,34.778192,32.086357,1.064,1197.2
תל אביב-יפו,הצפון הישן-החלק הצפוני,ארלוזורוב,74.0,3100000,70,2.0,0.0,2025,7,179263.11,665910.99,34.778695,32.085791,1.064,1197.2
תל אביב-יפו,הצפון הישן-החלק הצפוני,ארלוזורוב,50.0,3100000,67,2.5,3.0,2025,6,179033.97,665979.65,34.776265,32.086402,1.064,1197.2
תל אביב-יפו,הצפון הישן-החלק הצפוני,ארלוזורוב,9.0,4725000,85,3.0,3.0,2025,5,178690.8,666122.63,34.772624,32.087679,1.064,1197.2
תל אביב-יפו,הצפון הישן-החלק הצפוני,ארלוזורוב,11.0,3880000,68,3.0,0.0,2025,4,178706.17,666118.35,34.772787,32.087641,1.064,1197.2
תל אביב-יפו,הצפון החדש סביבת כיכר המדינה,ארלוזורוב,151.0,1000000,48,2.0,4.0,2025,3,180628.54,665612.49,34.79317,32.083147,1.064,1197.2
תל אביב-יפו,הצפון החדש החלק הדרומי,ארלוזורוב,196.0,5200000,85,3.0,3.0,2025,1,180650.03,665530.68,34.793401,32.08241,1.064,1197.2
תל אביב-יפו,הצפון החדש החלק הדרומי,ארלוזורוב,116.0,1075000,43,2.0,1.0,2025,1,179708.13,665784.93,34.783414,32.08467,1.064,1197.2
תל אביב-יפו,הצפון הישן-החלק הצפוני,ארלוזורוב,98.0,3160000,70,3.0,3.0,2025,1,179518.21,665816.95,34.781401,32.084952,1.064,1197.2
תל אביב-יפו,הצפון החדש החלק הדרומי,ארלוזורוב,184.0,880000,74,3.0,1.0,2024,12,180446.88,665586.57,34.791247,32.082907,1.064,1197.2
תל אביב-יפו,הצפון הישן-החלק הצפוני,ארלוזורוב,48.0,3219000,60,2.5,3.0,2024,11,179023.02,665980.36,34.776149,32.086408,1.064,1197.2
תל אביב-יפו,הצפון הישן-החלק הצפוני,ארלוזורוב,33.0,3374000,82,4.0,3.0,2024,11,179018.78,666029.84,34.776102,32.086854,1.064,1197.2
תל אביב-יפו,הצפון החדש החלק הדרומי,ארלוזורוב,140.0,4300000,88,3.0,1.0,2024,11,179957.69,665720.75,34.78606,32.0841,1.064,1197.2
תל אביב-יפו,הצפון החדש החלק הדרומי,ארלוזורוב,184.0,4849000,95,3.0,3.0,2024,10,180446.88,665586.57,34.791247,32.082907,1.064,1197.2
תל אביב-יפו,הצפון החדש החלק הדרומי,ארלוזורוב,136.0,3100000,68,3.0,3.0,2024,10,179897.81,665738.84,34.785425,32.084261,1.064,1197.2
תל אביב-יפו,הצפון החדש החלק הדרומי,ארלוזורוב,198.0,792000,73,3.0,3.0,2024,10,180686.54,665522.34,34.793788,32.082336,1.064,1197.2
תל אביב-יפו,הצפון הישן-החלק הצפוני,ארלוזורוב,82.0,3270000,58,2.0,3.0,2024,9,179365.24,665881.87,34.779778,32.085532,1.064,1197.2
תל אביב-יפו,הצפון החדש סביבת כיכר המדינה,ארלוזורוב,155.0,5350000,105,3.0,3.0,2024,9,180674.1,665603.0,34.793653,32.083063,1.064,1197.2
תל אביב-יפו,הצפון החדש החלק הדרומי,ארלוזורוב,164.0,3300000,78,3.0,3.0,2024,9,180179.03,665657.35,34.788407,32.083536,1.064,1197.2
תל אביב-יפו,הצפון החדש החלק הדרומי,ארלוזורוב,194.0,203000,80,3.0,3.0,2024,8,180612.67,665536.92,34.793005,32.082465,1.064,1197.2
תל אביב-יפו,הצפון החדש סביבת כיכר המדינה,ארלוזורוב,125.0,3000000,67,2.5,1.0,2024,7,180298.21,665690.05,34.789668,32.083835,1.064,1197.2
תל אביב-יפו,הצפון החדש החלק הדרומי,ארלוזורוב,116.0,2800000,50,2.0,3.0,2024,6,179708.13,665784.93,34.783414,32.08467,1.064,1197.2
תל אביב-יפו,הצפון הישן-החלק הצפוני,ארלוזורוב,51.0,3600000,61,2.0,1.0,2024,4,179248.97,665964.61,34.778543,32.086274,1.064,1197.2
תל אביב-יפו,הצפון החדש החלק הדרומי,ארלוזורוב,180.0,4250000,96,3.0,3.0,2024,3,180403.87,665595.61,34.790791,32.082987,1.064,1197.2
תל אביב-יפו,הצפון הישן-החלק הצפוני,ארלוזורוב,32.0,2740000,39,3.0,1.0,2024,3,178949.28,666001.72,34.775367,32.086598,1.064,1197.2
תל אביב-יפו,הצפון הישן-החלק הצפוני,ארלוזורוב,82.0,1500000,42,2.0,4.0,2024,2,179365.24,665881.87,34.779778,32.085532,1.064,1197.2
תל אביב-יפו,הצפון הישן-החלק הצפוני,ארלוזורוב,34.0,3810000,73,3.0,1.0,2024,1,178949.28,666001.72,34.775367,32.086598,1.064,1197.2
תל אביב-יפו,הצפון החדש החלק הדרומי,ארלוזורוב,130.0,3050000,57,3.0,0.0,2023,12,179844.73,665756.68,34.784862,32.08442,1.064,1197.2
תל אביב-יפו,הצפון החדש החלק הדרומי,ארלוזורוב,104.0,4400000,91,4.0,1.0,2023,10,179601.83,665809.97,34.782287,32.084892,1.064,1197.2
תל אביב-יפו,הצפון החדש החלק הדרומי,ארלוזורוב,132.0,4900000,98,3.5,-1.0,2023,10,179864.34,665749.84,34.78507,32.084359,1.064,1197.2
תל אביב-יפו,הצפון החדש סביבת כיכר המדינה,ארלוזורוב,141.0,3000000,63,2.5,3.0,2023,9,180460.14,665646.62,34.791385,32.083449,1.064,1197.2
תל אביב-יפו,הצפון החדש החלק הדרומי,ארלוזורוב,160.0,1366000,67,3.0,6.0,2023,7,180140.48,665674.25,34.787998,32.083687,1.064,1197.2
תל אביב-יפו,הצפון החדש סביבת כיכר המדינה,ארלוזורוב,125.0,3762600,73,3.0,1.0,2023,5,180298.21,665690.05,34.789668,32.083835,1.064,1197.2
תל אביב-יפו,הצפון החדש החלק הדרומי,ארלוזורוב,120.0,4450000,72,3.0,4.0,2023,2,179743.32,665777.03,34.783787,32.0846,1.064,1197.2
תל אביב-יפו,הצפון הישן-החלק הצפוני,ארלוזורוב,88.0,1290000,60,3.0,1.0,2023,2,179418.99,665865.8,34.780348,32.085389,1.064,1197.2
תל אביב-יפו,הצפון הישן-החלק הצפוני,ארלוזורוב,50.0,3200000,65,2.5,0.0,2023,1,179033.97,665979.65,34.776265,32.086402,1.064,1197.2
תל אביב-יפו,הצפון החדש החלק הדרומי,ארלוזורוב,164.0,3000000,55,3.0,3.0,2023,1,180179.03,665657.35,34.788407,32.083536,1.064,1197.2
תל אביב-יפו,הצפון החדש החלק הדרומי,ארלוזורוב,166.0,4950000,81,4.0,3.0,2023,1,180196.29,665654.4,34.78859,32.08351,1.064,1197.2
תל אביב-יפו,הצפון החדש החלק הדרומי,ארלוזורוב,152.0,3200000,65,2.0,0.0,2023,1,180068.7,665691.82,34.787237,32.083843,1.064,1197.2
תל אביב-יפו,הצפון החדש החלק הדרומי,ארלוזורוב,194.0,210000,80,3.0,3.0,2022,12,180612.67,665536.92,34.793005,32.082465,1.064,1197.2
תל אביב-יפו,הצפון החדש החלק הדרומי,ארלוזורוב,116.0,3000000,45,1.5,3.0,2022,11,179708.13,665784.93,34.783414,32.08467,1.064,1197.2
תל אביב-יפו,הצפון הישן-החלק הצפוני,ארלוזורוב,96.0,2200000,33,2.0,0.0,2022,11,179505.09,665842.06,34.781261,32.085178,1.064,1197.2
תל אביב-יפו,הצפון הישן-החלק הצפוני,ארלוזורוב,84.0,2460000,57,3.0,3.0,2022,8,179382.4,665877.36,34.77996,32.085492,1.064,1197.2
תל אביב-יפו,הצפון הישן-החלק הצפוני,ארלוזורוב,74.0,1387000,92,3.0,1.0,2022,7,179263.11,665910.99,34.778695,32.085791,1.064,1197.2
תל אביב-יפו,הצפון הישן-החלק הצפוני,ארלוזורוב,48.0,3830000,60,2.0,3.0,2022,7,179023.02,665980.36,34.776149,32.086408,1.064,1197.2
תל אביב-יפו,הצפון הישן-החלק הצפוני,ארלוזורוב,53.0,4400000,106,3.0,6.0,2022,6,179276.92,665965.05,34.778839,32.086279,1.064,1197.2
תל אביב-יפו,הצפון החדש החלק הדרומי,ארלוזורוב,160.0,1975000,69,3.0,7.0,2022,6,180140.48,665674.25,34.787998,32.083687,1.064,1197.2
תל אביב-יפו,הצפון הישן-החלק הצפוני,ארלוזורוב,49.0,1000000,96,3.0,1.0,2022,6,179232.09,665970.55,34.778364,32.086327,1.064,1197.2
תל אביב-יפו,הצפון הישן-החלק הצפוני,ארלוזורוב,37.0,5400000,96,3.0,3.0,2022,6,179062.04,666011.81,34.776561,32.086693,1.064,1197.2
תל אביב-יפו,הצפון הישן-החלק הצפוני,ארלוזורוב,53.0,4600000,71,3.0,1.0,2022,5,179276.92,665965.05,34.778839,32.086279,1.064,1197.2
תל אביב-יפו,הצפון הישן-החלק הצפוני,ארלוזורוב,34.0,165000,25,1.0,-1.0,2022,5,178949.28,666001.72,34.775367,32.086598,1.064,1197.2
תל אביב-יפו,הצפון הישן-החלק הצפוני,ארלוזורוב,78.0,4625000,97,4.0,1.0,2022,5,179329.31,665891.32,34.779397,32.085616,1.064,1197.2
תל אביב-יפו,הצפון החדש סביבת כיכר המדינה,ארלוזורוב,119.0,3000000,74,3.0,1.0,2022,5,180197.0,665713.95,34.788595,32.084047,1.064,1197.2
תל אביב-יפו,הצפון הישן-החלק הצפוני,ארלוזורוב,65.0,3810000,58,2.0,3.0,2022,4,179397.78,665921.22,34.780121,32.085888,1.064,1197.2
תל אביב-יפו,הצפון הישן-החלק הצפוני,ארלוזורוב,34.0,2835000,73,2.0,1.0,2022,4,178949.28,666001.72,34.775367,32.086598,1.064,1197.2
תל אביב-יפו,הצפון הישן-החלק הצפוני,ארלוזורוב,62.0,1900000,72,3.0,1.0,2022,3,179136.86,665903.84,34.777358,32.085722,1.064,1197.2
תל אביב-יפו,הצפון החדש החלק הדרומי,ארלוזורוב,192.0,3390000,80,3.0,3.0,2022,3,180577.02,665546.37,34.792627,32.082549,1.064,1197.2
תל אביב-יפו,הצפון הישן-החלק הצפוני,ארלוזורוב,98.0,2700000,45,2.0,1.0,2021,12,179518.21,665816.95,34.781401,32.084952,1.064,1197.2
תל אביב-יפו,הצפון החדש החלק הדרומי,ארלוזורוב,126.0,549000,46,2.0,3.0,2021,11,179795.75,665763.3,34.784343,32.084478,1.064,1197.2
תל אביב-יפו,הצפון הישן-החלק הצפוני,ארלוזורוב,53.0,5250000,137,3.0,1.0,2021,11,179276.92,665965.05,34.778839,32.086279,1.064,1197.2
תל אביב-יפו,הצפון הישן-החלק הצפוני,ארלוזורוב,43.0,2500000,41,2.0,3.0,2021,11,179162.29,665985.46,34.777624,32.086459,1.064,1197.2
תל אביב-יפו,הצפון הישן-החלק הצפוני,ארלוזורוב,65.0,4200000,117,4.0,5.0,2021,11,179397.78,665921.22,34.780121,32.085888,1.064,1197.2
תל אביב-יפו,הצפון החדש סביבת כיכר המדינה,ארלוזורוב,151.0,866000,52,2.0,4.0,2021,11,180628.54,665612.49,34.79317,32.083147,1.064,1197.2
תל אביב-יפו,הצפון הישן-החלק הצפוני,ארלוזורוב,96.0,3000000,61,2.0,0.0,2021,11,179505.09,665842.06,34.781261,32.085178,1.064,1197.2
תל אביב-יפו,הצפון הישן-החלק הצפוני,ארלוזורוב,53.0,1000000,85,4.0,3.0,2021,11,179276.92,665965.05,34.778839,32.086279,1.064,1197.2
תל אביב-יפו,הצפון החדש החלק הדרומי,ארלוזורוב,160.0,1825000,68,3.0,3.0,2021,11,180140.48,665674.25,34.787998,32.083687,1.064,1197.2
תל אביב-יפו,הצפון החדש החלק הדרומי,ארלוזורוב,134.0,3050000,58,3.0,3.0,2021,11,179880.36,665743.67,34.78524,32.084304,1.064,1197.2
תל אביב-יפו,הצפון הישן-החלק הצפוני,ארלוזורוב,74.0,3300000,70,2.0,1.0,2021,11,179263.11,665910.99,34.778695,32.085791,1.064,1197.2
תל אביב-יפו,הצפון הישן-החלק הצפוני,ארלוזורוב,62.0,4650000,72,3.0,1.0,2021,10,179136.86,665903.84,34.777358,32.085722,1.064,1197.2
תל אביב-יפו,הצפון החדש סביבת כיכר המדינה,ארלוזורוב,83.0,4820000,87,3.0,3.0,2021,10,179678.36,665848.48,34.783096,32.085242,1.064,1197.2
תל אביב-יפו,הצפון הישן-החלק הצפוני,ארלוזורוב,90.0,4170000,60,2.0,1.0,2021,10,179447.09,665858.48,34.780646,32.085324,1.064,1197.2
תל אביב-יפו,הצפון החדש החלק הדרומי,ארלוזורוב,130.0,2850000,41,3.0,0.0,2021,10,179844.73,665756.68,34.784862,32.08442,1.064,1197.2
תל אביב-יפו,הצפון הישן-החלק הצפוני,ארלוזורוב,78.0,2766000,112,4.0,3.0,2021,10,179329.31,665891.32,34.779397,32.085616,1.064,1197.2
תל אביב-יפו,הצפון הישן-החלק הצפוני,ארלוזורוב,10.0,6000000,104,3.0,3.0,2021,10,178686.97,666085.39,34.772585,32.087343,1.064,1197.2
תל אביב-יפו,הצפון החדש סביבת כיכר המדינה,ארלוזורוב,83.0,4690000,87,3.0,15.0,2021,10,179678.36,665848.48,34.783096,32.085242,1.064,1197.2
תל אביב-יפו,הצפון הישן-החלק הצפוני,ארלוזורוב,32.0,3300000,68,3.0,3.0,2021,9,178949.28,666001.72,34.775367,32.086598,1.064,1197.2
תל אביב-יפו,הצפון הישן-החלק הצפוני,ארלוזורוב,71.0,3000000,72,3.0,1.0,2021,8,179447.37,665905.94,34.780647,32.085752,1.064,1197.2
תל אביב-יפו,הצפון הישן-החלק הצפוני,ארלוזורוב,1.0,2365000,57,3.0,3.0,2021,8,178589.66,666137.78,34.771552,32.087812,1.064,1197.2
תל אביב-יפו,הצפון הישן-החלק הצפוני,ארלוזורוב,62.0,4050000,59,2.0,4.0,2021,8,179136.86,665903.84,34.777358,32.085722,1.064,1197.2
תל אביב-יפו,הצפון הישן-החלק הצפוני,ארלוזורוב,65.0,8375000,108,4.0,6.0,2021,8,179397.78,665921.22,34.780121,32.085888,1.064,1197.2
תל אביב-יפו,הצפון הישן-החלק הצפוני,ארלוזורוב,22.0,3640000,76,3.0,3.0,2021,8,178824.26,666042.7,34.774041,32.086963,1.064,1197.2
תל אביב-יפו,הצפון הישן-החלק הצפוני,ארלוזורוב,49.0,1900000,63,2.0,4.0,2021,7,179232.09,665970.55,34.778364,32.086327,1.064,1197.2
תל אביב-יפו,הצפון הישן-החלק הצפוני,ארלוזורוב,70.0,3235000,72,3.0,3.0,2021,7,179227.28,665922.33,34.778315,32.085892,1.064,1197.2
תל אביב-יפו,הצפון הישן-החלק הצפוני,ארלוזורוב,9.0,5230700,88,3.0,3.0,2021,6,178690.8,666122.63,34.772624,32.087679,1.064,1197.2
תל אביב-יפו,הצפון החדש סביבת כיכר המדינה,ארלוזורוב,147.0,3375000,71,3.0,3.0,2021,5,180561.74,665625.83,34.792462,32.083265,1.064,1197.2
תל אביב-יפו,הצפון החדש סביבת כיכר המדינה,ארלוזורוב,155.0,2864500,61,3.0,3.0,2021,5,180674.1,665603.0,34.793653,32.083063,1.064,1197.2
תל אביב-יפו,הצפון הישן-החלק הצפוני,ארלוזורוב,69.0,2630000,50,2.0,3.0,2021,5,179430.12,665911.11,34.780464,32.085798,1.064,1197.2
תל אביב-יפו,הצפון החדש החלק הדרומי,ארלוזורוב,140.0,3200000,84,3.0,1.0,2021,5,179957.69,665720.75,34.78606,32.0841,1.064,1197.2
תל אביב-יפו,הצפון החדש החלק הדרומי,ארלוזורוב,160.0,3975000,67,3.0,5.0,2021,5,180140.48,665674.25,34.787998,32.083687,1.064,1197.2
תל אביב-יפו,הצפון החדש סביבת כיכר המדינה,ארלוזורוב,125.0,1700000,88,3.0,3.0,2021,5,180298.21,665690.05,34.789668,32.083835,1.064,1197.2
תל אביב-יפו,הצפון הישן-החלק הצפוני,ארלוזורוב,50.0,2840000,63,2.0,3.0,2021,5,179033.97,665979.65,34.776265,32.086402,1.064,1197.2
תל אביב-יפו,הצפון הישן-החלק הצפוני,ארלוזורוב,90.0,2650000,49,2.0,3.0,2021,4,179447.09,665858.48,34.780646,32.085324,1.064,1197.2
תל אביב-יפו,הצפון הישן-החלק הצפוני,ארלוזורוב,9.0,3450000,74,3.0,3.0,2021,1,178690.8,666122.63,34.772624,32.087679,1.064,1197.2
תל אביב-יפו,הצפון החדש החלק הדרומי,ארלוזורוב,140.0,2550000,54,2.0,3.0,2021,1,179957.69,665720.75,34.78606,32.0841,1.064,1197.2
תל אביב-יפו,הצפון הישן-החלק הצפוני,ארלוזורוב,32.0,2250000,48,2.0,3.0,2020,12,178949.28,666001.72,34.775367,32.086598,1.064,1197.2
תל אביב-יפו,הצפון החדש החלק הדרומי,ארלוזורוב,132.0,3260000,75,3.0,3.0,2020,12,179864.34,665749.84,34.78507,32.084359,1.064,1197.2
תל אביב-יפו,הצפון החדש החלק הדרומי,ארלוזורוב,160.0,3400000,72,3.0,3.0,2020,12,180140.48,665674.25,34.787998,32.083687,1.064,1197.2
תל אביב-יפו,הצפון הישן-החלק הצפוני,ארלוזורוב,53.0,5100000,80,4.0,1.0,2020,10,179276.92,665965.05,34.778839,32.086279,1.064,1197.2
תל אביב-יפו,הצפון החדש החלק הדרומי,ארלוזורוב,132.0,3500000,70,3.0,6.0,2020,9,179864.34,665749.84,34.78507,32.084359,1.064,1197.2
תל אביב-יפו,הצפון החדש החלק הדרומי,ארלוזורוב,196.0,3350000,76,3.0,3.0,2020,9,180650.03,665530.68,34.793401,32.08241,1.064,1197.2
תל אביב-יפו,הצפון הישן-החלק הצפוני,ארלוזורוב,90.0,2925000,73,3.0,0.0,2020,9,179447.09,665858.48,34.780646,32.085324,1.064,1197.2
תל אביב-יפו,הצפון הישן-החלק הצפוני,ארלוזורוב,53.0,4025000,88,3.5,3.0,2020,7,179276.92,665965.05,34.778839,32.086279,1.064,1197.2
תל אביב-יפו,הצפון החדש סביבת כיכר המדינה,ארלוזורוב,139.0,665000,66,3.0,3.0,2020,7,180439.58,665652.14,34.791167,32.083498,1.064,1197.2
תל אביב-יפו,הצפון הישן-החלק הצפוני,ארלוזורוב,88.0,2650000,60,3.0,1.0,2020,7,179418.99,665865.8,34.780348,32.085389,1.064,1197.2
תל אביב-יפו,הצפון החדש החלק הדרומי,ארלוזורוב,136.0,1515000,74,3.0,4.0,2020,7,179897.81,665738.84,34.785425,32.084261,1.064,1197.2
תל אביב-יפו,הצפון החדש החלק הדרומי,ארלוזורוב,150.0,1350000,61,3.0,3.0,2020,6,180049.18,665697.33,34.78703,32.083892,1.064,1197.2
תל אביב-יפו,הצפון הישן-החלק הצפוני,ארלוזורוב,36.0,3780000,75,4.0,4.0,2020,6,178974.37,665996.3,34.775633,32.08655,1.064,1197.2
תל אביב-יפו,הצפון הישן-החלק הצפוני,ארלוזורוב,98.0,1150000,59,2.0,3.0,2020,3,179518.21,665816.95,34.781401,32.084952,1.064,1197.2
תל אביב-יפו,הצפון החדש החלק הדרומי,ארלוזורוב,132.0,3325000,82,3.0,4.0,2020,3,179864.34,665749.84,34.78507,32.084359,1.064,1197.2
תל אביב-יפו,הצפון החדש החלק הדרומי,ארלוזורוב,194.0,3250000,80,3.0,3.0,2020,3,180612.67,665536.92,34.793005,32.082465,1.064,1197.2
תל אביב-יפו,הצפון הישן-החלק הצפוני,ארלוזורוב,90.0,2765000,73,3.0,1.0,2020,3,179447.09,665858.48,34.780646,32.085324,1.064,1197.2
תל אביב-יפו,הצפון הישן-החלק הצפוני,ארלוזורוב,62.0,4000000,72,3.0,3.0,2020,2,179136.86,665903.84,34.777358,32.085722,1.064,1197.2
תל אביב-יפו,הצפון הישן-החלק הצפוני,ארלוזורוב,15.0,3780000,78,3.0,5.0,2020,1,178771.79,666097.24,34.773483,32.087453,1.064,1197.2
תל אביב-יפו,הצפון הישן-החלק הצפוני,ארלוזורוב,15.0,3780000,78,3.0,3.0,2020,1,178771.79,666097.24,34.773483,32.087453,1.064,1197.2
תל אביב-יפו,הצפון הישן-החלק הצפוני,ארלוזורוב,77.0,2700000,66,2.0,0.0,2020,1,179506.7,665889.96,34.781276,32.08561,1.064,1197.2
תל אביב-יפו,הצפון הישן-החלק הצפוני,ארלוזורוב,48.0,2600000,60,2.0,3.0,2020,1,179023.02,665980.36,34.776149,32.086408,1.064,1197.2
תל אביב-יפו,הצפון החדש החלק הדרומי,ארלוזורוב,184.0,2500000,49,3.0,0.0,2020,1,180446.88,665586.57,34.791247,32.082907,1.064,1197.2
תל אביב-יפו,הצפון החדש החלק הדרומי,ארלוזורוב,150.0,2846000,77,3.0,3.0,2019,12,180049.18,665697.33,34.78703,32.083892,1.064,1197.2
תל אביב-יפו,הצפון הישן-החלק הצפוני,ארלוזורוב,9.0,3625000,87,3.0,3.0,2019,12,178690.8,666122.63,34.772624,32.087679,1.064,1197.2
תל אביב-יפו,הצפון הישן-החלק הצפוני,ארלוזורוב,32.0,2850000,67,2.0,1.0,2019,12,178949.28,666001.72,34.775367,32.086598,1.064,1197.2
תל אביב-יפו,הצפון החדש החלק הדרומי,ארלוזורוב,192.0,1033000,81,3.0,3.0,2019,11,180577.02,665546.37,34.792627,32.082549,1.064,1197.2
תל אביב-יפו,הצפון הישן-החלק הצפוני,ארלוזורוב,94.0,766000,51,2.0,3.0,2019,11,179489.25,665848.22,34.781093,32.085233,1.064,1197.2
תל אביב-יפו,הצפון הישן-החלק הצפוני,ארלוזורוב,94.0,2299000,51,2.0,3.0,2019,11,179489.25,665848.22,34.781093,32.085233,1.064,1197.2
תל אביב-יפו,הצפון החדש החלק הדרומי,ארלוזורוב,192.0,1033000,81,3.0,3.0,2019,11,180577.02,665546.37,34.792627,32.082549,1.064,1197.2
תל אביב-יפו,הצפון הישן-החלק הצפוני,ארלוזורוב,34.0,2000000,35,1.5,3.0,2019,11,178949.28,666001.72,34.775367,32.086598,1.064,1197.2
תל אביב-יפו,הצפון החדש החלק הדרומי,ארלוזורוב,132.0,3330000,82,3.0,5.0,2019,11,179864.34,665749.84,34.78507,32.084359,1.064,1197.2
תל אביב-יפו,הצפון החדש החלק הדרומי,ארלוזורוב,134.0,1050000,63,2.0,1.0,2019,9,179880.36,665743.67,34.78524,32.084304,1.064,1197.2
תל אביב-יפו,הצפון החדש החלק הדרומי,ארלוזורוב,132.0,3260000,75,3.0,6.0,2019,9,179864.34,665749.84,34.78507,32.084359,1.064,1197.2
תל אביב-יפו,הצפון החדש החלק הדרומי,ארלוזורוב,132.0,3280000,82,3.0,3.0,2019,9,179864.34,665749.84,34.78507,32.084359,1.064,1197.2
תל אביב-יפו,הצפון החדש החלק הדרומי,ארלוזורוב,132.0,3260000,82,3.0,3.0,2019,9,179864.34,665749.84,34.78507,32.084359,1.064,1197.2
תל אביב-יפו,הצפון החדש החלק הדרומי,ארלוזורוב,120.0,2780000,74,2.5,3.0,2019,9,179743.32,665777.03,34.783787,32.0846,1.064,1197.2
תל אביב-יפו,הצפון הישן-החלק הצפוני,ארלוזורוב,22.0,3964600,88,4.0,3.0,2019,8,178824.26,666042.7,34.774041,32.086963,1.064,1197.2
תל אביב-יפו,הצפון הישן-החלק הצפוני,ארלוזורוב,71.0,2800000,72,3.0,1.0,2019,7,179447.37,665905.94,34.780647,32.085752,1.064,1197.2
תל אביב-יפו,הצפון החדש החלק הדרומי,ארלוזורוב,182.0,1158000,78,2.0,3.0,2019,7,180446.88,665586.57,34.791247,32.082907,1.064,1197.2
תל אביב-יפו,הצפון הישן-החלק הצפוני,ארלוזורוב,65.0,4005000,116,4.0,5.0,2019,7,179397.78,665921.22,34.780121,32.085888,1.064,1197.2
תל אביב-יפו,הצפון הישן-החלק הצפוני,ארלוזורוב,65.0,4000000,116,4.0,3.0,2019,7,179397.78,665921.22,34.780121,32.085888,1.064,1197.2
תל אביב-יפו,הצפון החדש סביבת כיכר המדינה,ארלוזורוב,157.0,925000,44,2.0,3.0,2019,6,180697.31,665598.37,34.793899,32.083022,1.064,1197.2
תל אביב-יפו,הצפון החדש החלק הדרומי,ארלוזורוב,152.0,2705000,57,2.5,3.0,2019,6,180068.7,665691.82,34.787237,32.083843,1.064,1197.2
תל אביב-יפו,הצפון הישן-החלק הצפוני,ארלוזורוב,86.0,2837800,69,3.0,3.0,2019,6,179399.28,665871.97,34.780139,32.085444,1.064,1197.2
תל אביב-יפו,הצפון הישן-החלק הצפוני,ארלוזורוב,61.0,175000,56,2.0,3.0,2019,6,179364.96,665930.44,34.779773,32.08597,1.064,1197.2
תל אביב-יפו,הצפון החדש החלק הדרומי,ארלוזורוב,140.0,2800000,82,3.0,3.0,2019,6,179957.69,665720.75,34.78606,32.0841,1.064,1197.2
תל אביב-יפו,הצפון הישן-החלק הצפוני,ארלוזורוב,79.0,3360000,88,4.0,1.0,2019,5,179523.77,665885.79,34.781457,32.085573,1.064,1197.2
תל אביב-יפו,הצפון הישן-החלק הצפוני,ארלוזורוב,82.0,2700000,57,2.0,0.0,2019,4,179365.24,665881.87,34.779778,32.085532,1.064,1197.2
תל אביב-יפו,הצפון הישן-החלק הצפוני,ארלוזורוב,69.0,1800000,58,2.0,1.0,2019,4,179430.12,665911.11,34.780464,32.085798,1.064,1197.2
תל אביב-יפו,הצפון החדש החלק הדרומי,ארלוזורוב,110.0,3240000,88,3.0,3.0,2019,4,179655.02,665796.45,34.782851,32.084772,1.064,1197.2
תל אביב-יפו,הצפון החדש החלק הדרומי,ארלוזורוב,150.0,2649000,66,3.0,1.0,2019,3,180049.18,665697.33,34.78703,32.083892,1.064,1197.2
תל אביב-יפו,הצפון הישן-החלק הצפוני,ארלוזורוב,31.0,1300000,80,3.0,1.0,2019,3,179004.06,666033.44,34.775946,32.086886,1.064,1197.2
תל אביב-יפו,הצפון החדש החלק הדרומי,ארלוזורוב,160.0,2900000,65,3.0,9.0,2019,3,180140.48,665674.25,34.787998,32.083687,1.064,1197.2
תל אביב-יפו,הצפון החדש החלק הדרומי,ארלוזורוב,194.0,1400000,70,3.0,3.0,2019,3,180612.67,665536.92,34.793005,32.082465,1.064,1197.2
תל אביב-יפו,הצפון הישן-החלק הצפוני,ארלוזורוב,94.0,2650000,64,2.0,3.0,2019,2,179489.25,665848.22,34.781093,32.085233,1.064,1197.2
תל אביב-יפו,הצפון הישן-החלק הצפוני,ארלוזורוב,9.0,3450000,87,3.0,3.0,2019,2,178690.8,666122.63,34.772624,32.087679,1.064,1197.2
תל אביב-יפו,הצפון החדש החלק הדרומי,ארלוזורוב,174.0,2675000,62,2.0,3.0,2019,1,180361.99,665606.64,34.790347,32.083085,1.064,1197.2
תל אביב-יפו,הצפון הישן-החלק הצפוני,ארלוזורוב,53.0,3850000,101,3.0,5.0,2019,1,179276.92,665965.05,34.778839,32.086279,1.064,1197.2
תל אביב-יפו,הצפון הישן-החלק הצפוני,ארלוזורוב,61.0,376000,56,2.0,3.0,2018,12,179364.96,665930.44,34.779773,32.08597,1.064,1197.2
תל אביב-יפו,הצפון הישן-החלק הצפוני,ארלוזורוב,53.0,4920000,87,3.0,7.0,2018,12,179276.92,665965.05,34.778839,32.086279,1.064,1197.2
תל אביב-יפו,הצפון הישן-החלק הצפוני,ארלוזורוב,77.0,2010000,70,2.0,3.0,2018,12,179506.7,665889.96,34.781276,32.08561,1.064,1197.2
תל אביב-יפו,הצפון הישן-החלק הצפוני,ארלוזורוב,67.0,2565000,68,2.5,3.0,2018,12,179414.28,665915.61,34.780296,32.085838,1.064,1197.2
תל אביב-יפו,הצפון החדש החלק הדרומי,ארלוזורוב,168.0,3180000,74,4.0,1.0,2018,11,180217.79,665645.89,34.788818,32.083434,1.064,1197.2
תל אביב-יפו,הצפון הישן-החלק הצפוני,ארלוזורוב,50.0,2020000,62,3.0,0.0,2018,10,179033.97,665979.65,34.776265,32.086402,1.064,1197.2
תל אביב-יפו,הצפון הישן-החלק הצפוני,ארלוזורוב,88.0,2340000,71,2.5,0.0,2018,10,179418.99,665865.8,34.780348,32.085389,1.064,1197.2
תל אביב-יפו,הצפון החדש החלק הדרומי,ארלוזורוב,132.0,3270000,82,3.0,3.0,2018,10,179864.34,665749.84,34.78507,32.084359,1.064,1197.2
תל אביב-יפו,הצפון החדש החלק הדרומי,ארלוזורוב,112.0,2250000,49,2.0,3.0,2018,9,179672.1,665792.95,34.783032,32.084741,1.064,1197.2
תל אביב-יפו,הצפון הישן-החלק הצפוני,ארלוזורוב,65.0,2300000,79,2.5,3.0,2018,9,179397.78,665921.22,34.780121,32.085888,1.064,1197.2
תל אביב-יפו,הצפון הישן-החלק הצפוני,ארלוזורוב,79.0,2100000,30,1.5,3.0,2018,8,179523.77,665885.79,34.781457,32.085573,1.064,1197.2
תל אביב-יפו,הצפון החדש סביבת כיכר המדינה,ארלוזורוב,135.0,2780000,68,3.0,3.0,2018,7,180394.41,665664.4,34.790688,32.083607,1.064,1197.2
תל אביב-יפו,הצפון הישן-החלק הצפוני,ארלוזורוב,98.0,2370000,52,2.0,3.0,2018,7,179518.21,665816.95,34.781401,32.084952,1.064,1197.2
תל אביב-יפו,הצפון החדש החלק הדרומי,ארלוזורוב,136.0,2200000,57,2.0,3.0,2018,6,179897.81,665738.84,34.785425,32.084261,1.064,1197.2
תל אביב-יפו,הצפון החדש החלק הדרומי,ארלוזורוב,132.0,3300000,82,3.0,5.0,2018,5,179864.34,665749.84,34.78507,32.084359,1.064,1197.2
תל אביב-יפו,הצפון החדש החלק הדרומי,ארלוזורוב,132.0,3300000,82,3.0,1.0,2018,5,179864.34,665749.84,34.78507,32.084359,1.064,1197.2
תל אביב-יפו,הצפון החדש החלק הדרומי,ארלוזורוב,174.0,2300000,67,2.0,3.0,2018,5,180361.99,665606.64,34.790347,32.083085,1.064,1197.2
תל אביב-יפו,הצפון החדש החלק הדרומי,ארלוזורוב,150.0,8083300,188,5.0,5.0,2018,5,180049.18,665697.33,34.78703,32.083892,1.064,1197.2
תל אביב-יפו,הצפון הישן-החלק הצפוני,ארלוזורוב,53.0,2720000,87,3.0,4.0,2018,5,179276.92,665965.05,34.778839,32.086279,1.064,1197.2
תל אביב-יפו,הצפון החדש סביבת כיכר המדינה,ארלוזורוב,147.0,2870000,55,2.0,3.0,2018,3,180561.74,665625.83,34.792462,32.083265,1.064,1197.2
תל אביב-יפו,הצפון הישן-החלק הצפוני,ארלוזורוב,8.0,3550000,57,2.0,3.0,2018,3,178659.22,666086.05,34.772291,32.087348,1.064,1197.2
תל אביב-יפו,הצפון הישן-החלק הצפוני,ארלוזורוב,84.0,1350000,51,2.0,4.0,2018,3,179382.4,665877.36,34.77996,32.085492,1.064,1197.2
תל אביב-יפו,הצפון החדש סביבת כיכר המדינה,ארלוזורוב,139.0,2220000,39,2.0,3.0,2018,3,180439.58,665652.14,34.791167,32.083498,1.064,1197.2
תל אביב-יפו,הצפון הישן-החלק הצפוני,ארלוזורוב,62.0,3120000,68,2.5,5.0,2018,2,179136.86,665903.84,34.777358,32.085722,1.064,1197.2
תל אביב-יפו,הצפון החדש סביבת כיכר המדינה,ארלוזורוב,151.0,1000000,57,2.5,4.0,2018,2,180628.54,665612.49,34.79317,32.083147,1.064,1197.2
תל אביב-יפו,הצפון הישן-החלק הצפוני,ארלוזורוב,88.0,2515000,70,2.5,3.0,2018,2,179418.99,665865.8,34.780348,32.085389,1.064,1197.2
תל אביב-יפו,הצפון הישן-החלק הצפוני,ארלוזורוב,65.0,1950000,38,3.0,3.0,2018,1,179397.78,665921.22,34.780121,32.085888,1.064,1197.2
תל אביב-יפו,הצפון הישן-החלק הצפוני,ארלוזורוב,9.0,2533000,70,3.0,3.0,2018,1,178690.8,666122.63,34.772624,32.087679,1.064,1197.2
תל אביב-יפו,הצפון הישן-החלק הצפוני,ארלוזורוב,47.0,2808000,63,2.5,4.0,2018,1,179215.87,665973.94,34.778192,32.086357,1.064,1197.2
תל אביב-יפו,הצפון הישן-החלק הצפוני,ארלוזורוב,15.0,3600000,75,3.0,3.0,2017,12,178771.79,666097.24,34.773483,32.087453,1.064,1197.2
תל אביב-יפו,הצפון החדש סביבת כיכר המדינה,ארלוזורוב,135.0,2850000,79,3.0,1.0,2017,12,180394.41,665664.4,34.790688,32.083607,1.064,1197.2
תל אביב-יפו,הצפון החדש החלק הדרומי,ארלוזורוב,118.0,3090000,60,3.0,3.0,2017,12,179724.73,665779.66,34.78359,32.084623,1.064,1197.2
תל אביב-יפו,הצפון החדש סביבת כיכר המדינה,ארלוזורוב,155.0,3750000,105,3.5,3.0,2017,11,180674.1,665603.0,34.793653,32.083063,1.064,1197.2
תל אביב-יפו,הצפון החדש החלק הדרומי,ארלוזורוב,112.0,2300000,54,2.0,1.0,2017,8,179672.1,665792.95,34.783032,32.084741,1.064,1197.2
תל אביב-יפו,הצפון הישן-החלק הצפוני,ארלוזורוב,54.0,2250000,54,2.0,3.0,2017,8,179061.31,665971.34,34.776555,32.086328,1.064,1197.2
תל אביב-יפו,הצפון החדש החלק הדרומי,ארלוזורוב,160.0,3100000,63,3.0,6.0,2017,7,180140.48,665674.25,34.787998,32.083687,1.064,1197.2
תל אביב-יפו,הצפון הישן-החלק הצפוני,ארלוזורוב,29.0,3900000,72,3.0,3.0,2017,7,178988.98,666039.16,34.775786,32.086937,1.064,1197.2
תל אביב-יפו,הצפון הישן-החלק הצפוני,ארלוזורוב,53.0,5100000,88,3.0,3.0,2017,7,179276.92,665965.05,34.778839,32.086279,1.064,1197.2
תל אביב-יפו,הצפון הישן-החלק הצפוני,ארלוזורוב,71.0,2305000,52,2.0,3.0,2017,7,179447.37,665905.94,34.780647,32.085752,1.064,1197.2
תל אביב-יפו,הצפון הישן-החלק הצפוני,ארלוזורוב,86.0,1125000,59,3.0,1.0,2017,5,179399.28,665871.97,34.780139,32.085444,1.064,1197.2
תל אביב-יפו,הצפון הישן-החלק הצפוני,ארלוזורוב,62.0,4150000,83,3.0,1.0,2017,5,179136.86,665903.84,34.777358,32.085722,1.064,1197.2
תל אביב-יפו,הצפון החדש החלק הדרומי,ארלוזורוב,114.0,2320000,50,2.0,3.0,2017,4,179690.49,665788.88,34.783227,32.084705,1.064,1197.2
תל אביב-יפו,הצפון החדש סביבת כיכר המדינה,ארלוזורוב,127.0,4250000,88,5.0,4.0,2017,4,180318.2,665684.98,34.78988,32.08379,1.064,1197.2
תל אביב-יפו,הצפון הישן-החלק הצפוני,ארלוזורוב,7.0,4725000,80,3.0,1.0,2017,3,178678.84,666129.55,34.772497,32.087741,1.064,1197.2
תל אביב-יפו,הצפון החדש סביבת כיכר המדינה,ארלוזורוב,155.0,2700000,61,3.0,3.0,2017,3,180674.1,665603.0,34.793653,32.083063,1.064,1197.2
תל אביב-יפו,הצפון הישן-החלק הצפוני,ארלוזורוב,69.0,1690000,65,3.0,4.0,2017,2,179430.12,665911.11,34.780464,32.085798,1.064,1197.2
תל אביב-יפו,הצפון הישן-החלק הצפוני,ארלוזורוב,62.0,4800000,77,3.0,6.0,2017,2,179136.86,665903.84,34.777358,32.085722,1.064,1197.2
תל אביב-יפו,הצפון הישן-החלק הצפוני,ארלוזורוב,72.0,3050000,69,3.0,1.0,2017,1,179246.99,665917.04,34.778524,32.085845,1.064,1197.2
תל אביב-יפו,הצפון החדש החלק הדרומי,ארלוזורוב,122.0,2799000,66,3.0,3.0,2016,12,179760.38,665771.75,34.783968,32.084553,1.064,1197.2
תל אביב-יפו,הצפון הישן-החלק הצפוני,ארלוזורוב,61.0,1300000,40,1.0,1.0,2016,12,179364.96,665930.44,34.779773,32.08597,1.064,1197.2
תל אביב-יפו,הצפון הישן-החלק הצפוני,ארלוזורוב,15.0,2850000,62,2.0,5.0,2016,12,178771.79,666097.24,34.773483,32.087453,1.064,1197.2
תל אביב-יפו,הצפון הישן-החלק הצפוני,ארלוזורוב,15.0,2850000,62,2.0,5.0,2016,12,178771.79,666097.24,34.773483,32.087453,1.064,1197.2
תל אביב-יפו,הצפון הישן-החלק הצפוני,ארלוזורוב,86.0,3900000,80,3.0,1.0,2016,12,179399.28,665871.97,34.780139,32.085444,1.064,1197.2
תל אביב-יפו,הצפון הישן-החלק הצפוני,ארלוזורוב,15.0,2750000,47,2.0,5.0,2016,11,178771.79,666097.24,34.773483,32.087453,1.064,1197.2
תל אביב-יפו,הצפון הישן-החלק הצפוני,ארלוזורוב,15.0,2750000,47,2.0,5.0,2016,11,178771.79,666097.24,34.773483,32.087453,1.064,1197.2
תל אביב-יפו,הצפון הישן-החלק הצפוני,ארלוזורוב,7.0,3375000,77,3.0,1.0,2016,11,178678.84,666129.55,34.772497,32.087741,1.064,1197.2
תל אביב-יפו,הצפון הישן-החלק הצפוני,ארלוזורוב,53.0,4375000,95,3.5,8.0,2016,11,179276.92,665965.05,34.778839,32.086279,1.064,1197.2
תל אביב-יפו,הצפון הישן-החלק הצפוני,ארלוזורוב,53.0,3900000,71,3.5,6.0,2016,11,179276.92,665965.05,34.778839,32.086279,1.064,1197.2
תל אביב-יפו,הצפון הישן-החלק הצפוני,ארלוזורוב,52.0,2020000,62,3.0,1.0,2016,10,179044.34,665976.95,34.776375,32.086378,1.064,1197.2
תל אביב-יפו,הצפון הישן-החלק הצפוני,ארלוזורוב,10.0,1750000,29,2.0,0.0,2016,9,178686.97,666085.39,34.772585,32.087343,1.064,1197.2
תל אביב-יפו,הצפון הישן-החלק הצפוני,ארלוזורוב,32.0,2250000,57,3.0,3.0,2016,9,178949.28,666001.72,34.775367,32.086598,1.064,1197.2
תל אביב-יפו,הצפון החדש החלק הדרומי,ארלוזורוב,142.0,1999000,59,2.0,3.0,2016,9,179987.59,665714.09,34.786377,32.084041,1.064,1197.2
תל אביב-יפו,הצפון החדש החלק הדרומי,ארלוזורוב,160.0,2800000,79,3.0,5.0,2016,8,180140.48,665674.25,34.787998,32.083687,1.064,1197.2
תל אביב-יפו,הצפון החדש החלק הדרומי,ארלוזורוב,176.0,2760000,50,2.0,1.0,2016,8,180361.99,665606.64,34.790347,32.083085,1.064,1197.2
תל אביב-יפו,הצפון הישן-החלק הצפוני,ארלוזורוב,22.0,2345000,68,3.0,1.0,2016,8,178824.26,666042.7,34.774041,32.086963,1.064,1197.2
תל אביב-יפו,הצפון הישן-החלק הצפוני,ארלוזורוב,54.0,2885000,81,3.0,3.0,2016,7,179061.31,665971.34,34.776555,32.086328,1.064,1197.2
תל אביב-יפו,הצפון הישן-החלק הצפוני,ארלוזורוב,82.0,2390000,65,2.0,1.0,2016,7,179365.24,665881.87,34.779778,32.085532,1.064,1197.2
תל אביב-יפו,הצפון החדש החלק הדרומי,ארלוזורוב,194.0,2749000,81,3.0,3.0,2016,7,180612.67,665536.92,34.793005,32.082465,1.064,1197.2
תל אביב-יפו,הצפון החדש החלק הדרומי,ארלוזורוב,110.0,1600000,33,3.0,-1.0,2016,7,179655.02,665796.45,34.782851,32.084772,1.064,1197.2
תל אביב-יפו,הצפון החדש סביבת כיכר המדינה,ארלוזורוב,135.0,2775000,67,3.0,3.0,2016,7,180394.41,665664.4,34.790688,32.083607,1.064,1197.2
תל אביב-יפו,הצפון הישן-החלק הצפוני,ארלוזורוב,34.0,2485000,70,2.5,3.0,2016,7,178949.28,666001.72,34.775367,32.086598,1.064,1197.2
תל אביב-יפו,הצפון החדש החלק הדרומי,ארלוזורוב,142.0,1316000,50,1.5,3.0,2016,6,179987.59,665714.09,34.786377,32.084041,1.064,1197.2
תל אביב-יפו,הצפון הישן-החלק הצפוני,ארלוזורוב,74.0,2999000,92,3.0,3.0,2016,6,179263.11,665910.99,34.778695,32.085791,1.064,1197.2
תל אביב-יפו,הצפון הישן-החלק הצפוני,ארלוזורוב,53.0,2950000,70,3.0,7.0,2016,5,179276.92,665965.05,34.778839,32.086279,1.064,1197.2
תל אביב-יפו,הצפון הישן-החלק הצפוני,ארלוזורוב,8.0,2669000,58,2.0,3.0,2016,4,178659.22,666086.05,34.772291,32.087348,1.064,1197.2
תל אביב-יפו,הצפון הישן-החלק הצפוני,ארלוזורוב,88.0,2550000,52,2.5,3.0,2016,3,179418.99,665865.8,34.780348,32.085389,1.064,1197.2
תל אביב-יפו,הצפון החדש סביבת כיכר המדינה,ארלוזורוב,137.0,2300000,46,2.0,4.0,2016,3,180416.09,665657.55,34.790918,32.083546,1.064,1197.2
תל אביב-יפו,הצפון החדש סביבת כיכר המדינה,ארלוזורוב,125.0,2741000,57,2.0,0.0,2016,2,180298.21,665690.05,34.789668,32.083835,1.064,1197.2
תל אביב-יפו,הצפון החדש החלק הדרומי,ארלוזורוב,176.0,2318000,50,2.0,1.0,2016,2,180361.99,665606.64,34.790347,32.083085,1.064,1197.2
תל אביב-יפו,הצפון הישן-החלק הצפוני,ארלוזורוב,5.0,3415000,70,2.0,3.0,2016,2,178648.79,666124.24,34.772179,32.087692,1.064,1197.2
תל אביב-יפו,הצפון הישן-החלק הצפוני,ארלוזורוב,86.0,2600000,65,3.0,0.0,2016,2,179399.28,665871.97,34.780139,32.085444,1.064,1197.2
תל אביב-יפו,הצפון הישן-החלק הצפוני,ארלוזורוב,79.0,2050000,52,2.0,3.0,2016,1,179523.77,665885.79,34.781457,32.085573,1.064,1197.2
תל אביב-יפו,הצפון הישן-החלק הצפוני,ארלוזורוב,8.0,2275000,50,2.0,3.0,2016,1,178659.22,666086.05,34.772291,32.087348,1.064,1197.2
תל אביב-יפו,הצפון הישן-החלק הצפוני,ארלוזורוב,62.0,4150000,83,3.0,3.0,2015,12,179136.86,665903.84,34.777358,32.085722,1.064,1197.2
תל אביב-יפו,הצפון החדש החלק הדרומי,ארלוזורוב,198.0,2800000,74,3.0,3.0,2015,12,180686.54,665522.34,34.793788,32.082336,1.064,1197.2
תל אביב-יפו,הצפון החדש החלק הדרומי,ארלוזורוב,122.0,2700000,66,3.5,1.0,2015,11,179760.38,665771.75,34.783968,32.084553,1.064,1197.2
תל אביב-יפו,הצפון הישן-החלק הצפוני,ארלוזורוב,34.0,1885000,35,2.0,3.0,2015,11,178949.28,666001.72,34.775367,32.086598,1.064,1197.2
תל אביב-יפו,הצפון הישן-החלק הצפוני,ארלוזורוב,11.0,2900000,71,3.0,0.0,2015,11,178706.17,666118.35,34.772787,32.087641,1.064,1197.2
תל אביב-יפו,הצפון החדש החלק הדרומי,ארלוזורוב,142.0,1150000,60,3.0,-1.0,2015,11,179987.59,665714.09,34.786377,32.084041,1.064,1197.2
תל אביב-יפו,הצפון הישן-החלק הצפוני,ארלוזורוב,86.0,2400000,62,3.0,1.0,2015,10,179399.28,665871.97,34.780139,32.085444,1.064,1197.2
תל אביב-יפו,הצפון החדש סביבת כיכר המדינה,ארלוזורוב,151.0,1825000,43,2.0,1.0,2015,10,180628.54,665612.49,34.79317,32.083147,1.064,1197.2
תל אביב-יפו,הצפון הישן-החלק הצפוני,ארלוזורוב,98.0,1820000,40,2.0,3.0,2015,9,179518.21,665816.95,34.781401,32.084952,1.064,1197.2
תל אביב-יפו,הצפון החדש החלק הדרומי,ארלוזורוב,140.0,2639000,73,3.0,3.0,2015,9,179957.69,665720.75,34.78606,32.0841,1.064,1197.2
תל אביב-יפו,הצפון הישן-החלק הצפוני,ארלוזורוב,79.0,2300000,64,3.0,3.0,2015,8,179523.77,665885.79,34.781457,32.085573,1.064,1197.2
תל אביב-יפו,הצפון הישן-החלק הצפוני,ארלוזורוב,82.0,2100000,69,2.0,3.0,2015,8,179365.24,665881.87,34.779778,32.085532,1.064,1197.2
תל אביב-יפו,הצפון החדש החלק הדרומי,ארלוזורוב,154.0,1800000,48,2.0,3.0,2015,7,180085.77,665686.88,34.787418,32.083799,1.064,1197.2
תל אביב-יפו,הצפון הישן-החלק הצפוני,ארלוזורוב,72.0,189000,68,2.0,4.0,2015,7,179246.99,665917.04,34.778524,32.085845,1.064,1197.2
תל אביב-יפו,הצפון החדש החלק הדרומי,ארלוזורוב,134.0,1800000,80,4.0,1.0,2015,7,179880.36,665743.67,34.78524,32.084304,1.064,1197.2
תל אביב-יפו,הצפון החדש החלק הדרומי,ארלוזורוב,110.0,2720000,84,3.0,3.0,2015,6,179655.02,665796.45,34.782851,32.084772,1.064,1197.2
תל אביב-יפו,הצפון הישן-החלק הצפוני,ארלוזורוב,70.0,2550000,85,3.5,3.0,2015,6,179227.28,665922.33,34.778315,32.085892,1.064,1197.2
תל אביב-יפו,הצפון הישן-החלק הצפוני,ארלוזורוב,82.0,2350000,61,2.0,1.0,2015,6,179365.24,665881.87,34.779778,32.085532,1.064,1197.2
תל אביב-יפו,הצפון הישן-החלק הצפוני,ארלוזורוב,65.0,1949000,54,2.0,1.0,2015,6,179397.78,665921.22,34.780121,32.085888,1.064,1197.2
תל אביב-יפו,הצפון החדש החלק הדרומי,ארלוזורוב,160.0,2635000,61,4.0,3.0,2015,6,180140.48,665674.25,34.787998,32.083687,1.064,1197.2
תל אביב-יפו,הצפון הישן-החלק הצפוני,ארלוזורוב,53.0,3100000,91,3.5,3.0,2015,6,179276.92,665965.05,34.778839,32.086279,1.064,1197.2
תל אביב-יפו,הצפון החדש החלק הדרומי,ארלוזורוב,160.0,2850000,72,3.0,8.0,2015,6,180140.48,665674.25,34.787998,32.083687,1.064,1197.2
תל אביב-יפו,הצפון הישן-החלק הצפוני,ארלוזורוב,11.0,2500000,62,2.0,3.0,2015,6,178706.17,666118.35,34.772787,32.087641,1.064,1197.2
תל אביב-יפו,הצפון הישן-החלק הצפוני,ארלוזורוב,15.0,6660000,160,5.0,6.0,2015,5,178771.79,666097.24,34.773483,32.087453,1.064,1197.2
תל אביב-יפו,הצפון הישן-החלק הצפוני,ארלוזורוב,82.0,2500000,62,3.0,3.0,2015,5,179365.24,665881.87,34.779778,32.085532,1.064,1197.2
תל אביב-יפו,הצפון הישן-החלק הצפוני,ארלוזורוב,86.0,1800000,65,3.0,3.0,2015,5,179399.28,665871.97,34.780139,32.085444,1.064,1197.2
תל אביב-יפו,הצפון החדש סביבת כיכר המדינה,ארלוזורוב,155.0,2100000,61,2.5,3.0,2015,5,180674.1,665603.0,34.793653,32.083063,1.064,1197.2
תל אביב-יפו,הצפון החדש החלק הדרומי,ארלוזורוב,180.0,2100000,67,2.0,3.0,2015,4,180403.87,665595.61,34.790791,32.082987,1.064,1197.2
תל אביב-יפו,הצפון החדש החלק הדרומי,ארלוזורוב,160.0,2400000,63,3.0,1.0,2015,3,180140.48,665674.25,34.787998,32.083687,1.064,1197.2
תל אביב-יפו,הצפון החדש סביבת כיכר המדינה,ארלוזורוב,127.0,2349000,70,3.0,3.0,2015,3,180318.2,665684.98,34.78988,32.08379,1.064,1197.2
תל אביב-יפו,הצפון הישן-החלק הצפוני,ארלוזורוב,90.0,2490000,73,3.0,0.0,2015,3,179447.09,665858.48,34.780646,32.085324,1.064,1197.2
תל אביב-יפו,הצפון החדש החלק הדרומי,ארלוזורוב,100.0,2465000,76,3.0,3.0,2015,2,179568.62,665815.42,34.781935,32.08494,1.064,1197.2
תל אביב-יפו,הצפון הישן-החלק הצפוני,ארלוזורוב,70.0,2400000,56,3.0,3.0,2015,2,179227.28,665922.33,34.778315,32.085892,1.064,1197.2
תל אביב-יפו,הצפון החדש החלק הדרומי,ארלוזורוב,110.0,2089000,50,2.0,0.0,2015,1,179655.02,665796.45,34.782851,32.084772,1.064,1197.2
תל אביב-יפו,הצפון הישן-החלק הצפוני,ארלוזורוב,67.0,150000,50,2.0,3.0,2015,1,179414.28,665915.61,34.780296,32.085838,1.064,1197.2
תל אביב-יפו,הצפון החדש החלק הדרומי,ארלוזורוב,116.0,2150000,59,2.5,1.0,2015,1,179708.13,665784.93,34.783414,32.08467,1.064,1197.2
תל אביב-יפו,הצפון הישן-החלק הצפוני,ארלוזורוב,90.0,1815000,49,2.0,3.0,2015,1,179447.09,665858.48,34.780646,32.085324,1.064,1197.2
תל אביב-יפו,הצפון החדש החלק הדרומי,ארלוזורוב,154.0,1485000,28,2.0,3.0,2014,12,180085.77,665686.88,34.787418,32.083799,1.064,1197.2
תל אביב-יפו,הצפון החדש החלק הדרומי,ארלוזורוב,142.0,1950000,45,2.0,3.0,2014,12,179987.59,665714.09,34.786377,32.084041,1.064,1197.2
תל אביב-יפו,הצפון הישן-החלק הצפוני,ארלוזורוב,72.0,2329000,50,2.0,3.0,2014,12,179246.99,665917.04,34.778524,32.085845,1.064,1197.2
תל אביב-יפו,הצפון הישן-החלק הצפוני,ארלוזורוב,15.0,4386000,78,3.0,4.0,2014,12,178771.79,666097.24,34.773483,32.087453,1.064,1197.2
תל אביב-יפו,הצפון הישן-החלק הצפוני,ארלוזורוב,15.0,4310000,78,3.0,4.0,2014,12,178771.79,666097.24,34.773483,32.087453,1.064,1197.2
תל אביב-יפו,הצפון הישן-החלק הצפוני,ארלוזורוב,15.0,3439000,78,3.0,1.0,2014,11,178771.79,666097.24,34.773483,32.087453,1.064,1197.2
תל אביב-יפו,הצפון החדש סביבת כיכר המדינה,ארלוזורוב,147.0,2075000,89,4.0,1.0,2014,11,180561.74,665625.83,34.792462,32.083265,1.064,1197.2
תל אביב-יפו,הצפון הישן-החלק הצפוני,ארלוזורוב,15.0,3380000,78,3.0,1.0,2014,11,178771.79,666097.24,34.773483,32.087453,1.064,1197.2
תל אביב-יפו,הצפון החדש החלק הדרומי,ארלוזורוב,160.0,2410000,67,3.0,1.0,2014,11,180140.48,665674.25,34.787998,32.083687,1.064,1197.2
תל אביב-יפו,הצפון החדש החלק הדרומי,ארלוזורוב,160.0,2410000,67,3.0,1.0,2014,11,180140.48,665674.25,34.787998,32.083687,1.064,1197.2
תל אביב-יפו,הצפון הישן-החלק הצפוני,ארלוזורוב,82.0,1980000,63,2.0,0.0,2014,11,179365.24,665881.87,34.779778,32.085532,1.064,1197.2
תל אביב-יפו,הצפון הישן-החלק הצפוני,ארלוזורוב,15.0,3561000,78,3.0,1.0,2014,10,178771.79,666097.24,34.773483,32.087453,1.064,1197.2
תל אביב-יפו,הצפון הישן-החלק הצפוני,ארלוזורוב,15.0,3500000,78,3.0,1.0,2014,10,178771.79,666097.24,34.773483,32.087453,1.064,1197.2
תל אביב-יפו,הצפון הישן-החלק הצפוני,ארלוזורוב,15.0,2062000,47,2.0,1.0,2014,10,178771.79,666097.24,34.773483,32.087453,1.064,1197.2
תל אביב-יפו,הצפון הישן-החלק הצפוני,ארלוזורוב,15.0,2062000,47,2.0,1.0,2014,10,178771.79,666097.24,34.773483,32.087453,1.064,1197.2
תל אביב-יפו,הצפון החדש החלק הדרומי,ארלוזורוב,152.0,1950000,50,2.0,0.0,2014,10,180068.7,665691.82,34.787237,32.083843,1.064,1197.2
תל אביב-יפו,הצפון החדש החלק הדרומי,ארלוזורוב,120.0,2069000,80,3.0,1.0,2014,10,179743.32,665777.03,34.783787,32.0846,1.064,1197.2
תל אביב-יפו,הצפון הישן-החלק הצפוני,ארלוזורוב,71.0,1790000,50,2.0,3.0,2014,9,179447.37,665905.94,34.780647,32.085752,1.064,1197.2
תל אביב-יפו,הצפון הישן-החלק הצפוני,ארלוזורוב,46.0,2200000,50,2.5,4.0,2014,9,179013.12,665984.95,34.776044,32.086449,1.064,1197.2
תל אביב-יפו,הצפון החדש סביבת כיכר המדינה,ארלוזורוב,139.0,1530000,37,1.5,0.0,2014,8,180439.58,665652.14,34.791167,32.083498,1.064,1197.2
תל אביב-יפו,הצפון החדש החלק הדרומי,ארלוזורוב,116.0,549000,46,2.0,3.0,2014,8,179708.13,665784.93,34.783414,32.08467,1.064,1197.2
תל אביב-יפו,הצפון החדש החלק הדרומי,ארלוזורוב,182.0,1075000,91,3.0,3.0,2014,8,180446.88,665586.57,34.791247,32.082907,1.064,1197.2
תל אביב-יפו,הצפון הישן-החלק הצפוני,ארלוזורוב,4.0,3749000,74,4.0,1.0,2014,7,178599.2,666093.5,34.771655,32.087413,1.064,1197.2
תל אביב-יפו,הצפון הישן-החלק הצפוני,ארלוזורוב,5.0,2099000,49,2.0,3.0,2014,7,178648.79,666124.24,34.772179,32.087692,1.064,1197.2
תל אביב-יפו,הצפון הישן-החלק הצפוני,ארלוזורוב,49.0,2145000,47,3.0,3.0,2014,7,179232.09,665970.55,34.778364,32.086327,1.064,1197.2
תל אביב-יפו,הצפון החדש החלק הדרומי,ארלוזורוב,160.0,2330000,62,3.0,3.0,2014,6,180140.48,665674.25,34.787998,32.083687,1.064,1197.2
תל אביב-יפו,הצפון החדש החלק הדרומי,ארלוזורוב,184.0,2150000,51,2.0,3.0,2014,6,180446.88,665586.57,34.791247,32.082907,1.064,1197.2
תל אביב-יפו,הצפון החדש החלק הדרומי,ארלוזורוב,168.0,1950000,62,2.0,3.0,2014,4,180217.79,665645.89,34.788818,32.083434,1.064,1197.2
תל אביב-יפו,הצפון החדש סביבת כיכר המדינה,ארלוזורוב,129.0,2250000,80,3.0,1.0,2014,4,180340.28,665682.35,34.790114,32.083767,1.064,1197.2
תל אביב-יפו,הצפון החדש החלק הדרומי,ארלוזורוב,174.0,2175000,51,2.0,3.0,2014,3,180361.99,665606.64,34.790347,32.083085,1.064,1197.2
תל אביב-יפו,הצפון החדש החלק הדרומי,ארלוזורוב,136.0,1980000,59,3.0,4.0,2014,3,179897.81,665738.84,34.785425,32.084261,1.064,1197.2
תל אביב-יפו,הצפון הישן-החלק הצפוני,ארלוזורוב,62.0,3500000,85,4.0,5.0,2014,3,179136.86,665903.84,34.777358,32.085722,1.064,1197.2
תל אביב-יפו,הצפון החדש החלק הדרומי,ארלוזורוב,104.0,3200000,133,5.0,3.0,2014,3,179601.83,665809.97,34.782287,32.084892,1.064,1197.2
תל אביב-יפו,הצפון הישן-החלק הצפוני,ארלוזורוב,27.0,2570000,67,3.0,3.0,2014,3,178975.68,666041.65,34.775645,32.086959,1.064,1197.2
תל אביב-יפו,הצפון הישן-החלק הצפוני,ארלוזורוב,90.0,1650000,54,3.0,0.0,2014,2,179447.09,665858.48,34.780646,32.085324,1.064,1197.2
תל אביב-יפו,הצפון החדש החלק הדרומי,ארלוזורוב,118.0,1999000,60,2.0,1.0,2014,2,179724.73,665779.66,34.78359,32.084623,1.064,1197.2
תל אביב-יפו,הצפון הישן-החלק הצפוני,ארלוזורוב,61.0,1800000,62,2.0,1.0,2014,2,179364.96,665930.44,34.779773,32.08597,1.064,1197.2
תל אביב-יפו,הצפון הישן-החלק הצפוני,ארלוזורוב,36.0,1264000,75,3.0,3.0,2014,2,178974.37,665996.3,34.775633,32.08655,1.064,1197.2
תל אביב-יפו,הצפון הישן-החלק הצפוני,ארלוזורוב,15.0,2208000,47,2.0,1.0,2014,2,178771.79,666097.24,34.773483,32.087453,1.064,1197.2
תל אביב-יפו,הצפון הישן-החלק הצפוני,ארלוזורוב,15.0,2170000,47,2.0,1.0,2014,2,178771.79,666097.24,34.773483,32.087453,1.064,1197.2
תל אביב-יפו,הצפון הישן-החלק הצפוני,ארלוזורוב,15.0,3775000,78,3.0,3.0,2014,2,178771.79,666097.24,34.773483,32.087453,1.064,1197.2
תל אביב-יפו,הצפון הישן-החלק הצפוני,ארלוזורוב,15.0,3710000,78,3.0,3.0,2014,2,178771.79,666097.24,34.773483,32.087453,1.064,1197.2
תל אביב-יפו,הצפון החדש סביבת כיכר המדינה,ארלוזורוב,125.0,1590000,57,2.5,0.0,2014,1,180298.21,665690.05,34.789668,32.083835,1.064,1197.2
תל אביב-יפו,הצפון החדש החלק הדרומי,ארלוזורוב,146.0,2000000,63,4.0,3.0,2014,1,180015.51,665707.33,34.786673,32.083981,1.064,1197.2
תל אביב-יפו,הצפון הישן-החלק הצפוני,ארלוזורוב,9.0,1935000,53,2.0,0.0,2014,1,178690.8,666122.63,34.772624,32.087679,1.064,1197.2
תל אביב-יפו,הצפון הישן-החלק הצפוני,ארלוזורוב,94.0,1720000,51,2.0,3.0,2014,1,179489.25,665848.22,34.781093,32.085233,1.064,1197.2
תל אביב-יפו,הצפון הישן-החלק הצפוני,ארלוזורוב,15.0,3836000,78,3.0,3.0,2014,1,178771.79,666097.24,34.773483,32.087453,1.064,1197.2
תל אביב-יפו,הצפון החדש החלק הדרומי,ארלוזורוב,110.0,2500000,60,3.0,3.0,2014,1,179655.02,665796.45,34.782851,32.084772,1.064,1197.2
תל אביב-יפו,הצפון הישן-החלק הצפוני,ארלוזורוב,15.0,3770000,78,3.0,3.0,2014,1,178771.79,666097.24,34.773483,32.087453,1.064,1197.2
תל אביב-יפו,הצפון הישן-החלק הצפוני,ארלוזורוב,36.0,318000,61,3.0,3.0,2013,12,178974.37,665996.3,34.775633,32.08655,1.064,1197.2
תל אביב-יפו,הצפון החדש סביבת כיכר המדינה,ארלוזורוב,139.0,1899000,51,2.0,3.0,2013,12,180439.58,665652.14,34.791167,32.083498,1.064,1197.2
תל אביב-יפו,הצפון הישן-החלק הצפוני,ארלוזורוב,5.0,1499000,63,2.0,3.0,2013,12,178648.79,666124.24,34.772179,32.087692,1.064,1197.2
תל אביב-יפו,הצפון הישן-החלק הצפוני,ארלוזורוב,51.0,1777000,80,1.0,3.0,2013,12,179248.97,665964.61,34.778543,32.086274,1.064,1197.2
תל אביב-יפו,הצפון הישן-החלק הצפוני,ארלוזורוב,65.0,1846000,60,2.0,3.0,2013,12,179397.78,665921.22,34.780121,32.085888,1.064,1197.2
תל אביב-יפו,הצפון הישן-החלק הצפוני,ארלוזורוב,15.0,3256000,78,3.0,4.0,2013,11,178771.79,666097.24,34.773483,32.087453,1.064,1197.2
תל אביב-יפו,הצפון הישן-החלק הצפוני,ארלוזורוב,15.0,3200000,78,3.0,4.0,2013,11,178771.79,666097.24,34.773483,32.087453,1.064,1197.2
תל אביב-יפו,הצפון החדש החלק הדרומי,ארלוזורוב,100.0,2165000,76,3.0,3.0,2013,11,179568.62,665815.42,34.781935,32.08494,1.064,1197.2
תל אביב-יפו,הצפון הישן-החלק הצפוני,ארלוזורוב,70.0,1550000,37,2.0,0.0,2013,11,179227.28,665922.33,34.778315,32.085892,1.064,1197.2
תל אביב-יפו,הצפון הישן-החלק הצפוני,ארלוזורוב,62.0,4150000,81,4.0,6.0,2013,11,179136.86,665903.84,34.777358,32.085722,1.064,1197.2
תל אביב-יפו,הצפון הישן-החלק הצפוני,ארלוזורוב,82.0,325000,42,2.0,4.0,2013,10,179365.24,665881.87,34.779778,32.085532,1.064,1197.2
תל אביב-יפו,הצפון החדש החלק הדרומי,ארלוזורוב,168.0,1800000,47,2.0,0.0,2013,10,180217.79,665645.89,34.788818,32.083434,1.064,1197.2
תל אביב-יפו,הצפון החדש החלק הדרומי,ארלוזורוב,120.0,1875000,75,3.0,3.0,2013,10,179743.32,665777.03,34.783787,32.0846,1.064,1197.2
תל אביב-יפו,הצפון הישן-החלק הצפוני,ארלוזורוב,36.0,822000,75,3.0,3.0,2013,9,178974.37,665996.3,34.775633,32.08655,1.064,1197.2
תל אביב-יפו,הצפון הישן-החלק הצפוני,ארלוזורוב,98.0,725000,50,2.0,3.0,2013,9,179518.21,665816.95,34.781401,32.084952,1.064,1197.2
תל אביב-יפו,הצפון הישן-החלק הצפוני,ארלוזורוב,51.0,1690000,55,2.0,3.0,2013,9,179248.97,665964.61,34.778543,32.086274,1.064,1197.2
תל אביב-יפו,הצפון החדש החלק הדרומי,ארלוזורוב,100.0,2130000,76,3.0,3.0,2013,8,179568.62,665815.42,34.781935,32.08494,1.064,1197.2
תל אביב-יפו,הצפון הישן-החלק הצפוני,ארלוזורוב,82.0,1710000,68,3.0,3.0,2013,8,179365.24,665881.87,34.779778,32.085532,1.064,1197.2
תל אביב-יפו,הצפון החדש סביבת כיכר המדינה,ארלוזורוב,135.0,1775000,60,2.0,3.0,2013,8,180394.41,665664.4,34.790688,32.083607,1.064,1197.2
תל אביב-יפו,הצפון הישן-החלק הצפוני,ארלוזורוב,71.0,2050000,75,3.0,1.0,2013,7,179447.37,665905.94,34.780647,32.085752,1.064,1197.2
תל אביב-יפו,הצפון החדש החלק הדרומי,ארלוזורוב,160.0,2160000,67,3.0,4.0,2013,6,180140.48,665674.25,34.787998,32.083687,1.064,1197.2
תל אביב-יפו,הצפון החדש החלק הדרומי,ארלוזורוב,136.0,1748000,58,3.0,4.0,2013,6,179897.81,665738.84,34.785425,32.084261,1.064,1197.2
תל אביב-יפו,הצפון החדש החלק הדרומי,ארלוזורוב,180.0,1850000,66,2.5,3.0,2013,6,180403.87,665595.61,34.790791,32.082987,1.064,1197.2
תל אביב-יפו,הצפון החדש החלק הדרומי,ארלוזורוב,146.0,1075000,48,2.0,1.0,2013,5,180015.51,665707.33,34.786673,32.083981,1.064,1197.2
תל אביב-יפו,הצפון החדש החלק הדרומי,ארלוזורוב,110.0,749000,33,2.0,-1.0,2013,5,179655.02,665796.45,34.782851,32.084772,1.064,1197.2
תל אביב-יפו,הצפון הישן-החלק הצפוני,ארלוזורוב,63.0,1750000,40,2.0,4.0,2013,5,179381.09,665928.16,34.779944,32.08595,1.064,1197.2
תל אביב-יפו,הצפון הישן-החלק הצפוני,ארלוזורוב,62.0,3050000,83,3.0,1.0,2013,5,179136.86,665903.84,34.777358,32.085722,1.064,1197.2
תל אביב-יפו,הצפון החדש החלק הדרומי,ארלוזורוב,136.0,1530000,56,2.5,1.0,2013,5,179897.81,665738.84,34.785425,32.084261,1.064,1197.2
תל אביב-יפו,הצפון הישן-החלק הצפוני,ארלוזורוב,15.0,2058000,47,2.0,3.0,2013,4,178771.79,666097.24,34.773483,32.087453,1.064,1197.2
תל אביב-יפו,הצפון הישן-החלק הצפוני,ארלוזורוב,15.0,2050000,47,2.0,3.0,2013,4,178771.79,666097.24,34.773483,32.087453,1.064,1197.2
תל אביב-יפו,הצפון החדש החלק הדרומי,ארלוזורוב,160.0,2750000,67,3.0,10.0,2013,4,180140.48,665674.25,34.787998,32.083687,1.064,1197.2
תל אביב-יפו,הצפון הישן-החלק הצפוני,ארלוזורוב,54.0,1730000,52,3.0,3.0,2013,3,179061.31,665971.34,34.776555,32.086328,1.064,1197.2
תל אביב-יפו,הצפון החדש החלק הדרומי,ארלוזורוב,150.0,3150000,113,4.0,4.0,2013,3,180049.18,665697.33,34.78703,32.083892,1.064,1197.2
תל אביב-יפו,הצפון החדש החלק הדרומי,ארלוזורוב,118.0,1865000,60,3.0,3.0,2013,3,179724.73,665779.66,34.78359,32.084623,1.064,1197.2
תל אביב-יפו,הצפון הישן-החלק הצפוני,ארלוזורוב,51.0,1550000,56,2.5,3.0,2013,3,179248.97,665964.61,34.778543,32.086274,1.064,1197.2
תל אביב-יפו,הצפון הישן-החלק הצפוני,ארלוזורוב,15.0,2238000,47,2.0,3.0,2013,3,178771.79,666097.24,34.773483,32.087453,1.064,1197.2
תל אביב-יפו,הצפון הישן-החלק הצפוני,ארלוזורוב,15.0,2200000,47,2.0,3.0,2013,3,178771.79,666097.24,34.773483,32.087453,1.064,1197.2
תל אביב-יפו,הצפון הישן-החלק הצפוני,ארלוזורוב,15.0,2769000,78,3.0,3.0,2013,3,178771.79,666097.24,34.773483,32.087453,1.064,1197.2
תל אביב-יפו,הצפון הישן-החלק הצפוני,ארלוזורוב,15.0,3240000,78,3.0,3.0,2013,3,178771.79,666097.24,34.773483,32.087453,1.064,1197.2
תל אביב-יפו,הצפון הישן-החלק הצפוני,ארלוזורוב,53.0,2542000,80,3.0,3.0,2013,2,179276.92,665965.05,34.778839,32.086279,1.064,1197.2
תל אביב-יפו,הצפון החדש החלק הדרומי,ארלוזורוב,168.0,1800000,64,2.5,1.0,2013,2,180217.79,665645.89,34.788818,32.083434,1.064,1197.2
תל אביב-יפו,הצפון החדש החלק הדרומי,ארלוזורוב,168.0,1840000,65,2.0,3.0,2013,2,180217.79,665645.89,34.788818,32.083434,1.064,1197.2
תל אביב-יפו,הצפון הישן-החלק הצפוני,ארלוזורוב,15.0,3154000,78,3.0,3.0,2013,2,178771.79,666097.24,34.773483,32.087453,1.064,1197.2
תל אביב-יפו,הצפון הישן-החלק הצפוני,ארלוזורוב,15.0,3100000,78,3.0,3.0,2013,2,178771.79,666097.24,34.773483,32.087453,1.064,1197.2
תל אביב-יפו,הצפון הישן-החלק הצפוני,ארלוזורוב,62.0,2400000,72,3.0,4.0,2013,2,179136.86,665903.84,34.777358,32.085722,1.064,1197.2
תל אביב-יפו,הצפון הישן-החלק הצפוני,ארלוזורוב,70.0,1500000,56,3.0,1.0,2013,1,179227.28,665922.33,34.778315,32.085892,1.064,1197.2
תל אביב-יפו,הצפון הישן-החלק הצפוני,ארלוזורוב,15.0,2238000,47,2.0,3.0,2013,1,178771.79,666097.24,34.773483,32.087453,1.064,1197.2
תל אביב-יפו,הצפון הישן-החלק הצפוני,ארלוזורוב,15.0,2136000,47,2.0,3.0,2013,1,178771.79,666097.24,34.773483,32.087453,1.064,1197.2
תל אביב-יפו,הצפון הישן-החלק הצפוני,ארלוזורוב,15.0,2100000,47,2.0,3.0,2013,1,178771.79,666097.24,34.773483,32.087453,1.064,1197.2
תל אביב-יפו,הצפון הישן-החלק הצפוני,ארלוזורוב,15.0,2200000,47,2.0,4.0,2013,1,178771.79,666097.24,34.773483,32.087453,1.064,1197.2
תל אביב-יפו,הצפון הישן-החלק הצפוני,ארלוזורוב,15.0,1666000,47,2.0,3.0,2013,1,178771.79,666097.24,34.773483,32.087453,1.064,1197.2
תל אביב-יפו,הצפון הישן-החלק הצפוני,ארלוזורוב,15.0,1950000,50,2.0,3.0,2013,1,178771.79,666097.24,34.773483,32.087453,1.064,1197.2
תל אביב-יפו,הצפון הישן-החלק הצפוני,ארלוזורוב,15.0,1950000,47,2.0,4.0,2013,1,178771.79,666097.24,34.773483,32.087453,1.064,1197.2
תל אביב-יפו,הצפון הישן-החלק הצפוני,ארלוזורוב,78.0,2800000,97,3.5,3.0,2012,12,179329.31,665891.32,34.779397,32.085616,1.064,1197.2
תל אביב-יפו,הצפון הישן-החלק הצפוני,ארלוזורוב,9.0,1399000,53,2.0,0.0,2012,12,178690.8,666122.63,34.772624,32.087679,1.064,1197.2
תל אביב-יפו,הצפון הישן-החלק הצפוני,ארלוזורוב,35.0,1969000,70,3.0,3.0,2012,11,179033.4,666025.9,34.776257,32.086819,1.064,1197.2
תל אביב-יפו,הצפון הישן-החלק הצפוני,ארלוזורוב,53.0,2049000,78,4.0,1.0,2012,11,179276.92,665965.05,34.778839,32.086279,1.064,1197.2
תל אביב-יפו,הצפון הישן-החלק הצפוני,ארלוזורוב,5.0,2175000,64,4.0,3.0,2012,11,178648.79,666124.24,34.772179,32.087692,1.064,1197.2
תל אביב-יפו,הצפון הישן-החלק הצפוני,ארלוזורוב,79.0,1950000,74,4.0,1.0,2012,11,179523.77,665885.79,34.781457,32.085573,1.064,1197.2
תל אביב-יפו,הצפון החדש החלק הדרומי,ארלוזורוב,152.0,1210000,34,1.5,0.0,2012,11,180068.7,665691.82,34.787237,32.083843,1.064,1197.2
תל אביב-יפו,הצפון החדש החלק הדרומי,ארלוזורוב,112.0,1824000,52,3.0,3.0,2012,11,179672.1,665792.95,34.783032,32.084741,1.064,1197.2
תל אביב-יפו,הצפון החדש החלק הדרומי,ארלוזורוב,132.0,2135000,76,3.0,3.0,2012,11,179864.34,665749.84,34.78507,32.084359,1.064,1197.2
תל אביב-יפו,הצפון החדש סביבת כיכר המדינה,ארלוזורוב,153.0,2250000,67,3.5,3.0,2012,11,180650.71,665608.19,34.793405,32.083109,1.064,1197.2
תל אביב-יפו,הצפון הישן-החלק הצפוני,ארלוזורוב,78.0,1950000,75,3.0,1.0,2012,10,179329.31,665891.32,34.779397,32.085616,1.064,1197.2
תל אביב-יפו,הצפון החדש סביבת כיכר המדינה,ארלוזורוב,147.0,1599000,71,2.0,3.0,2012,9,180561.74,665625.83,34.792462,32.083265,1.064,1197.2
תל אביב-יפו,הצפון החדש החלק הדרומי,ארלוזורוב,140.0,1550000,48,2.0,1.0,2012,9,179957.69,665720.75,34.78606,32.0841,1.064,1197.2
תל אביב-יפו,הצפון החדש החלק הדרומי,ארלוזורוב,150.0,2830000,106,4.0,3.0,2012,9,180049.18,665697.33,34.78703,32.083892,1.064,1197.2
תל אביב-יפו,הצפון הישן-החלק הצפוני,ארלוזורוב,8.0,2800000,92,4.5,3.0,2012,9,178659.22,666086.05,34.772291,32.087348,1.064,1197.2
תל אביב-יפו,הצפון הישן-החלק הצפוני,ארלוזורוב,96.0,1520000,64,3.0,3.0,2012,8,179505.09,665842.06,34.781261,32.085178,1.064,1197.2
תל אביב-יפו,הצפון החדש החלק הדרומי,ארלוזורוב,192.0,1800000,80,3.0,3.0,2012,8,180577.02,665546.37,34.792627,32.082549,1.064,1197.2
תל אביב-יפו,הצפון החדש סביבת כיכר המדינה,ארלוזורוב,157.0,1590000,70,3.0,3.0,2012,8,180697.31,665598.37,34.793899,32.083022,1.064,1197.2
תל אביב-יפו,הצפון הישן-החלק הצפוני,ארלוזורוב,51.0,1590000,75,3.0,3.0,2012,7,179248.97,665964.61,34.778543,32.086274,1.064,1197.2
תל אביב-יפו,הצפון החדש החלק הדרומי,ארלוזורוב,154.0,2700000,116,5.0,3.0,2012,7,180085.77,665686.88,34.787418,32.083799,1.064,1197.2
תל אביב-יפו,הצפון הישן-החלק הצפוני,ארלוזורוב,51.0,1370000,65,2.0,4.0,2012,7,179248.97,665964.61,34.778543,32.086274,1.064,1197.2
תל אביב-יפו,הצפון הישן-החלק הצפוני,ארלוזורוב,71.0,635000,50,2.0,1.0,2012,6,179447.37,665905.94,34.780647,32.085752,1.064,1197.2
תל אביב-יפו,הצפון החדש החלק הדרומי,ארלוזורוב,190.0,1975000,80,3.0,3.0,2012,6,180541.45,665552.39,34.79225,32.082602,1.064,1197.2
תל אביב-יפו,הצפון החדש החלק הדרומי,ארלוזורוב,140.0,1725000,73,3.0,3.0,2012,6,179957.69,665720.75,34.78606,32.0841,1.064,1197.2
תל אביב-יפו,הצפון הישן-החלק הצפוני,ארלוזורוב,71.0,2080000,100,4.0,3.0,2012,6,179447.37,665905.94,34.780647,32.085752,1.064,1197.2
תל אביב-יפו,הצפון החדש החלק הדרומי,ארלוזורוב,150.0,1850000,70,3.0,3.0,2012,5,180049.18,665697.33,34.78703,32.083892,1.064,1197.2
תל אביב-יפו,הצפון הישן-החלק הצפוני,ארלוזורוב,53.0,4000000,120,3.0,9.0,2012,5,179276.92,665965.05,34.778839,32.086279,1.064,1197.2
תל אביב-יפו,הצפון הישן-החלק הצפוני,ארלוזורוב,35.0,1700000,58,3.0,3.0,2012,5,179033.4,666025.9,34.776257,32.086819,1.064,1197.2
תל אביב-יפו,הצפון החדש סביבת כיכר המדינה,ארלוזורוב,133.0,1850000,68,3.0,3.0,2012,5,180375.16,665667.13,34.790484,32.083631,1.064,1197.2
תל אביב-יפו,הצפון החדש סביבת כיכר המדינה,ארלוזורוב,155.0,970000,45,2.0,1.0,2012,4,180674.1,665603.0,34.793653,32.083063,1.064,1197.2
תל אביב-יפו,הצפון החדש החלק הדרומי,ארלוזורוב,190.0,950000,100,3.5,3.0,2012,4,180541.45,665552.39,34.79225,32.082602,1.064,1197.2
תל אביב-יפו,הצפון הישן-החלק הצפוני,ארלוזורוב,86.0,1710000,61,3.0,1.0,2012,4,179399.28,665871.97,34.780139,32.085444,1.064,1197.2
תל אביב-יפו,הצפון החדש החלק הדרומי,ארלוזורוב,152.0,1200000,33,1.5,1.0,2012,4,180068.7,665691.82,34.787237,32.083843,1.064,1197.2
תל אביב-יפו,הצפון הישן-החלק הצפוני,ארלוזורוב,53.0,2550000,82,4.0,5.0,2012,3,179276.92,665965.05,34.778839,32.086279,1.064,1197.2
תל אביב-יפו,הצפון הישן-החלק הצפוני,ארלוזורוב,72.0,2400000,96,4.5,3.0,2012,3,179246.99,665917.04,34.778524,32.085845,1.064,1197.2
תל אביב-יפו,הצפון החדש סביבת כיכר המדינה,ארלוזורוב,137.0,1525000,42,2.0,4.0,2012,2,180416.09,665657.55,34.790918,32.083546,1.064,1197.2
תל אביב-יפו,הצפון החדש החלק הדרומי,ארלוזורוב,134.0,323000,20,1.0,3.0,2012,2,179880.36,665743.67,34.78524,32.084304,1.064,1197.2
תל אביב-יפו,הצפון הישן-החלק הצפוני,ארלוזורוב,82.0,1340000,36,2.0,4.0,2012,2,179365.24,665881.87,34.779778,32.085532,1.064,1197.2
תל אביב-יפו,הצפון הישן-החלק הצפוני,ארלוזורוב,29.0,1700000,71,2.5,4.0,2012,2,178988.98,666039.16,34.775786,32.086937,1.064,1197.2
תל אביב-יפו,הצפון החדש החלק הדרומי,ארלוזורוב,150.0,2200000,83,3.0,6.0,2012,1,180049.18,665697.33,34.78703,32.083892,1.064,1197.2
תל אביב-יפו,הצפון הישן-החלק הצפוני,ארלוזורוב,67.0,1410000,61,2.5,3.0,2012,1,179414.28,665915.61,34.780296,32.085838,1.064,1197.2
תל אביב-יפו,הצפון הישן-החלק הצפוני,ארלוזורוב,43.0,1430000,51,2.5,3.0,2012,1,179162.29,665985.46,34.777624,32.086459,1.064,1197.2
תל אביב-יפו,הצפון הישן-החלק הצפוני,ארלוזורוב,32.0,1650000,57,2.5,3.0,2011,12,178949.28,666001.72,34.775367,32.086598,1.064,1197.2
תל אביב-יפו,הצפון החדש החלק הדרומי,ארלוזורוב,150.0,2379000,204,6.0,6.0,2011,11,180049.18,665697.33,34.78703,32.083892,1.064,1197.2
תל אביב-יפו,הצפון הישן-החלק הצפוני,ארלוזורוב,53.0,2126000,70,3.0,3.0,2011,11,179276.92,665965.05,34.778839,32.086279,1.064,1197.2
תל אביב-יפו,הצפון הישן-החלק הצפוני,ארלוזורוב,48.0,1343000,60,2.0,3.0,2011,11,179023.02,665980.36,34.776149,32.086408,1.064,1197.2
תל אביב-יפו,הצפון הישן-החלק הצפוני,ארלוזורוב,79.0,1650000,74,4.0,1.0,2011,10,179523.77,665885.79,34.781457,32.085573,1.064,1197.2
תל אביב-יפו,הצפון הישן-החלק הצפוני,ארלוזורוב,46.0,1900000,73,3.0,3.0,2011,10,179013.12,665984.95,34.776044,32.086449,1.064,1197.2
תל אביב-יפו,הצפון הישן-החלק הצפוני,ארלוזורוב,54.0,1895000,73,3.5,3.0,2011,9,179061.31,665971.34,34.776555,32.086328,1.064,1197.2
תל אביב-יפו,הצפון הישן-החלק הצפוני,ארלוזורוב,27.0,2170000,50,2.0,3.0,2011,9,178975.68,666041.65,34.775645,32.086959,1.064,1197.2
תל אביב-יפו,הצפון הישן-החלק הצפוני,ארלוזורוב,65.0,1440000,54,2.5,3.0,2011,9,179397.78,665921.22,34.780121,32.085888,1.064,1197.2
תל אביב-יפו,הצפון הישן-החלק הצפוני,ארלוזורוב,71.0,1600000,65,3.0,3.0,2011,8,179447.37,665905.94,34.780647,32.085752,1.064,1197.2
תל אביב-יפו,הצפון החדש סביבת כיכר המדינה,ארלוזורוב,133.0,600000,68,3.0,3.0,2011,8,180375.16,665667.13,34.790484,32.083631,1.064,1197.2
תל אביב-יפו,הצפון החדש החלק הדרומי,ארלוזורוב,198.0,1800000,73,3.0,3.0,2011,8,180686.54,665522.34,34.793788,32.082336,1.064,1197.2
תל אביב-יפו,הצפון החדש סביבת כיכר המדינה,ארלוזורוב,133.0,600000,68,3.0,3.0,2011,8,180375.16,665667.13,34.790484,32.083631,1.064,1197.2
תל אביב-יפו,הצפון הישן-החלק הצפוני,ארלוזורוב,29.0,1000000,72,3.0,3.0,2011,7,178988.98,666039.16,34.775786,32.086937,1.064,1197.2
תל אביב-יפו,הצפון הישן-החלק הצפוני,ארלוזורוב,53.0,3150000,82,3.0,6.0,2011,7,179276.92,665965.05,34.778839,32.086279,1.064,1197.2
תל אביב-יפו,הצפון החדש החלק הדרומי,ארלוזורוב,116.0,1400000,32,2.0,3.0,2011,6,179708.13,665784.93,34.783414,32.08467,1.064,1197.2
תל אביב-יפו,הצפון הישן-החלק הצפוני,ארלוזורוב,82.0,1550000,67,2.0,1.0,2011,6,179365.24,665881.87,34.779778,32.085532,1.064,1197.2
תל אביב-יפו,הצפון הישן-החלק הצפוני,ארלוזורוב,10.0,1490000,29,2.0,0.0,2011,6,178686.97,666085.39,34.772585,32.087343,1.064,1197.2
תל אביב-יפו,הצפון הישן-החלק הצפוני,ארלוזורוב,96.0,980000,45,2.0,0.0,2011,6,179505.09,665842.06,34.781261,32.085178,1.064,1197.2
תל אביב-יפו,הצפון הישן-החלק הצפוני,ארלוזורוב,61.0,1000000,70,3.0,3.0,2011,3,179364.96,665930.44,34.779773,32.08597,1.064,1197.2
תל אביב-יפו,הצפון הישן-החלק הצפוני,ארלוזורוב,53.0,2200000,78,3.5,3.0,2011,3,179276.92,665965.05,34.778839,32.086279,1.064,1197.2
תל אביב-יפו,הצפון החדש החלק הדרומי,ארלוזורוב,160.0,2025000,68,3.0,3.0,2011,3,180140.48,665674.25,34.787998,32.083687,1.064,1197.2
תל אביב-יפו,הצפון הישן-החלק הצפוני,ארלוזורוב,46.0,500000,50,2.5,3.0,2011,3,179013.12,665984.95,34.776044,32.086449,1.064,1197.2
תל אביב-יפו,הצפון הישן-החלק הצפוני,ארלוזורוב,27.0,1700000,50,2.0,3.0,2011,2,178975.68,666041.65,34.775645,32.086959,1.064,1197.2
תל אביב-יפו,הצפון החדש סביבת כיכר המדינה,ארלוזורוב,157.0,2050000,69,3.0,3.0,2011,2,180697.31,665598.37,34.793899,32.083022,1.064,1197.2
תל אביב-יפו,הצפון החדש החלק הדרומי,ארלוזורוב,116.0,1350000,46,2.0,1.0,2011,2,179708.13,665784.93,34.783414,32.08467,1.064,1197.2
תל אביב-יפו,הצפון החדש החלק הדרומי,ארלוזורוב,168.0,1500000,47,2.0,3.0,2011,2,180217.79,665645.89,34.788818,32.083434,1.064,1197.2
תל אביב-יפו,הצפון הישן-החלק הצפוני,ארלוזורוב,52.0,1804000,60,3.0,3.0,2011,2,179044.34,665976.95,34.776375,32.086378,1.064,1197.2
תל אביב-יפו,הצפון הישן-החלק הצפוני,ארלוזורוב,88.0,1730000,52,2.0,3.0,2011,2,179418.99,665865.8,34.780348,32.085389,1.064,1197.2
תל אביב-יפו,הצפון הישן-החלק הצפוני,ארלוזורוב,27.0,1674000,60,3.0,3.0,2011,2,178975.68,666041.65,34.775645,32.086959,1.064,1197.2
תל אביב-יפו,הצפון הישן-החלק הצפוני,ארלוזורוב,10.0,1090000,30,2.0,0.0,2011,1,178686.97,666085.39,34.772585,32.087343,1.064,1197.2
תל אביב-יפו,הצפון הישן-החלק הצפוני,ארלוזורוב,7.0,1560000,47,2.0,1.0,2010,12,178678.84,666129.55,34.772497,32.087741,1.064,1197.2
תל אביב-יפו,הצפון החדש החלק הדרומי,ארלוזורוב,180.0,656000,51,2.0,3.0,2010,12,180403.87,665595.61,34.790791,32.082987,1.064,1197.2
תל אביב-יפו,הצפון הישן-החלק הצפוני,ארלוזורוב,88.0,1580000,52,2.0,1.0,2010,12,179418.99,665865.8,34.780348,32.085389,1.064,1197.2
תל אביב-יפו,הצפון הישן-החלק הצפוני,ארלוזורוב,67.0,2858000,122,4.0,1.0,2010,11,179414.28,665915.61,34.780296,32.085838,1.064,1197.2
תל אביב-יפו,הצפון החדש סביבת כיכר המדינה,ארלוזורוב,153.0,1600000,67,3.0,3.0,2010,11,180650.71,665608.19,34.793405,32.083109,1.064,1197.2
תל אביב-יפו,הצפון הישן-החלק הצפוני,ארלוזורוב,51.0,1263000,25,1.0,4.0,2010,11,179248.97,665964.61,34.778543,32.086274,1.064,1197.2
תל אביב-יפו,הצפון הישן-החלק הצפוני,ארלוזורוב,90.0,2100000,100,3.5,1.0,2010,10,179447.09,665858.48,34.780646,32.085324,1.064,1197.2
תל אביב-יפו,הצפון החדש סביבת כיכר המדינה,ארלוזורוב,139.0,1145000,39,1.5,0.0,2010,10,180439.58,665652.14,34.791167,32.083498,1.064,1197.2
תל אביב-יפו,הצפון הישן-החלק הצפוני,ארלוזורוב,86.0,1590000,58,3.0,3.0,2010,9,179399.28,665871.97,34.780139,32.085444,1.064,1197.2
תל אביב-יפו,הצפון הישן-החלק הצפוני,ארלוזורוב,98.0,1445000,52,2.0,3.0,2010,9,179518.21,665816.95,34.781401,32.084952,1.064,1197.2
תל אביב-יפו,הצפון החדש החלק הדרומי,ארלוזורוב,124.0,1100000,59,3.0,1.0,2010,9,179778.21,665768.02,34.784157,32.08452,1.064,1197.2
תל אביב-יפו,הצפון הישן-החלק הצפוני,ארלוזורוב,49.0,750000,47,3.0,3.0,2010,9,179232.09,665970.55,34.778364,32.086327,1.064,1197.2
תל אביב-יפו,הצפון הישן-החלק הצפוני,ארלוזורוב,69.0,1335000,40,2.0,3.0,2010,8,179430.12,665911.11,34.780464,32.085798,1.064,1197.2
תל אביב-יפו,הצפון החדש סביבת כיכר המדינה,ארלוזורוב,135.0,1750000,68,3.0,3.0,2010,8,180394.41,665664.4,34.790688,32.083607,1.064,1197.2
תל אביב-יפו,הצפון החדש החלק הדרומי,ארלוזורוב,160.0,2300000,76,3.0,8.0,2010,8,180140.48,665674.25,34.787998,32.083687,1.064,1197.2
תל אביב-יפו,הצפון הישן-החלק הצפוני,ארלוזורוב,62.0,500000,76,3.0,5.0,2010,8,179136.86,665903.84,34.777358,32.085722,1.064,1197.2
תל אביב-יפו,הצפון הישן-החלק הצפוני,ארלוזורוב,90.0,1420000,49,2.0,3.0,2010,8,179447.09,665858.48,34.780646,32.085324,1.064,1197.2
תל אביב-יפו,הצפון הישן-החלק הצפוני,ארלוזורוב,67.0,1375000,65,2.0,3.0,2010,8,179414.28,665915.61,34.780296,32.085838,1.064,1197.2
תל אביב-יפו,הצפון הישן-החלק הצפוני,ארלוזורוב,36.0,2000000,75,4.0,4.0,2010,7,178974.37,665996.3,34.775633,32.08655,1.064,1197.2
תל אביב-יפו,הצפון הישן-החלק הצפוני,ארלוזורוב,10.0,1200000,32,1.0,1.0,2010,7,178686.97,666085.39,34.772585,32.087343,1.064,1197.2
תל אביב-יפו,הצפון החדש החלק הדרומי,ארלוזורוב,152.0,1215000,34,1.5,0.0,2010,7,180068.7,665691.82,34.787237,32.083843,1.064,1197.2
תל אביב-יפו,הצפון הישן-החלק הצפוני,ארלוזורוב,43.0,400000,30,1.0,3.0,2010,7,179162.29,665985.46,34.777624,32.086459,1.064,1197.2
תל אביב-יפו,הצפון החדש סביבת כיכר המדינה,ארלוזורוב,137.0,570000,42,2.0,3.0,2010,7,180416.09,665657.55,34.790918,32.083546,1.064,1197.2
תל אביב-יפו,הצפון הישן-החלק הצפוני,ארלוזורוב,74.0,1420000,62,2.5,1.0,2010,7,179263.11,665910.99,34.778695,32.085791,1.064,1197.2
תל אביב-יפו,הצפון הישן-החלק הצפוני,ארלוזורוב,78.0,1960000,97,3.0,1.0,2010,7,179329.31,665891.32,34.779397,32.085616,1.064,1197.2
תל אביב-יפו,הצפון הישן-החלק הצפוני,ארלוזורוב,82.0,1385000,70,2.0,1.0,2010,7,179365.24,665881.87,34.779778,32.085532,1.064,1197.2
תל אביב-יפו,הצפון החדש סביבת כיכר המדינה,ארלוזורוב,129.0,1750000,78,3.0,3.0,2010,6,180340.28,665682.35,34.790114,32.083767,1.064,1197.2
תל אביב-יפו,הצפון הישן-החלק הצפוני,ארלוזורוב,74.0,1395000,80,3.5,3.0,2010,6,179263.11,665910.99,34.778695,32.085791,1.064,1197.2
תל אביב-יפו,הצפון החדש החלק הדרומי,ארלוזורוב,126.0,1950000,69,3.0,1.0,2010,6,179795.75,665763.3,34.784343,32.084478,1.064,1197.2
תל אביב-יפו,הצפון החדש החלק הדרומי,ארלוזורוב,142.0,1435000,59,2.5,3.0,2010,6,179987.59,665714.09,34.786377,32.084041,1.064,1197.2
תל אביב-יפו,הצפון החדש החלק הדרומי,ארלוזורוב,134.0,910000,22,1.0,3.0,2010,5,179880.36,665743.67,34.78524,32.084304,1.064,1197.2
תל אביב-יפו,הצפון הישן-החלק הצפוני,ארלוזורוב,53.0,2871000,71,3.0,8.0,2010,5,179276.92,665965.05,34.778839,32.086279,1.064,1197.2
תל אביב-יפו,הצפון הישן-החלק הצפוני,ארלוזורוב,53.0,2460000,70,3.0,8.0,2010,5,179276.92,665965.05,34.778839,32.086279,1.064,1197.2
תל אביב-יפו,הצפון החדש סביבת כיכר המדינה,ארלוזורוב,147.0,1550000,73,3.0,1.0,2010,3,180561.74,665625.83,34.792462,32.083265,1.064,1197.2
תל אביב-יפו,הצפון הישן-החלק הצפוני,ארלוזורוב,11.0,1670000,71,3.0,0.0,2010,3,178706.17,666118.35,34.772787,32.087641,1.064,1197.2
תל אביב-יפו,הצפון החדש החלק הדרומי,ארלוזורוב,136.0,1510000,58,2.0,4.0,2010,3,179897.81,665738.84,34.785425,32.084261,1.064,1197.2
תל אביב-יפו,הצפון החדש החלק הדרומי,ארלוזורוב,180.0,550000,65,2.0,0.0,2010,2,180403.87,665595.61,34.790791,32.082987,1.064,1197.2
תל אביב-יפו,הצפון החדש החלק הדרומי,ארלוזורוב,192.0,1740000,96,3.0,3.0,2010,2,180577.02,665546.37,34.792627,32.082549,1.064,1197.2
תל אביב-יפו,הצפון החדש החלק הדרומי,ארלוזורוב,136.0,1400000,56,2.5,1.0,2010,2,179897.81,665738.84,34.785425,32.084261,1.064,1197.2
תל אביב-יפו,הצפון החדש סביבת כיכר המדינה,ארלוזורוב,129.0,1600000,52,3.0,3.0,2009,12,180340.28,665682.35,34.790114,32.083767,1.064,1197.2
תל אביב-יפו,הצפון החדש החלק הדרומי,ארלוזורוב,122.0,1400000,57,2.5,4.0,2009,12,179760.38,665771.75,34.783968,32.084553,1.064,1197.2
תל אביב-יפו,הצפון החדש סביבת כיכר המדינה,ארלוזורוב,137.0,1470000,55,2.0,1.0,2009,12,180416.09,665657.55,34.790918,32.083546,1.064,1197.2
תל אביב-יפו,הצפון הישן-החלק הצפוני,ארלוזורוב,4.0,3400000,81,4.0,3.0,2009,12,178599.2,666093.5,34.771655,32.087413,1.064,1197.2
תל אביב-יפו,הצפון הישן-החלק הצפוני,ארלוזורוב,70.0,1324000,68,4.0,3.0,2009,11,179227.28,665922.33,34.778315,32.085892,1.064,1197.2
תל אביב-יפו,הצפון החדש סביבת כיכר המדינה,ארלוזורוב,137.0,1430000,55,2.5,1.0,2009,10,180416.09,665657.55,34.790918,32.083546,1.064,1197.2
תל אביב-יפו,הצפון החדש סביבת כיכר המדינה,ארלוזורוב,133.0,1728000,68,3.0,1.0,2009,10,180375.16,665667.13,34.790484,32.083631,1.064,1197.2
תל אביב-יפו,הצפון החדש סביבת כיכר המדינה,ארלוזורוב,135.0,985000,49,2.0,3.0,2009,10,180394.41,665664.4,34.790688,32.083607,1.064,1197.2
תל אביב-יפו,הצפון הישן-החלק הצפוני,ארלוזורוב,53.0,2200000,71,3.0,5.0,2009,9,179276.92,665965.05,34.778839,32.086279,1.064,1197.2
תל אביב-יפו,הצפון הישן-החלק הצפוני,ארלוזורוב,77.0,1350000,79,4.0,3.0,2009,9,179506.7,665889.96,34.781276,32.08561,1.064,1197.2
תל אביב-יפו,הצפון הישן-החלק הצפוני,ארלוזורוב,70.0,1750000,68,4.0,3.0,2009,9,179227.28,665922.33,34.778315,32.085892,1.064,1197.2
תל אביב-יפו,הצפון הישן-החלק הצפוני,ארלוזורוב,8.0,1780000,72,3.0,3.0,2009,8,178659.22,666086.05,34.772291,32.087348,1.064,1197.2
תל אביב-יפו,הצפון הישן-החלק הצפוני,ארלוזורוב,47.0,1500000,73,3.0,3.0,2009,8,179215.87,665973.94,34.778192,32.086357,1.064,1197.2
תל אביב-יפו,הצפון הישן-החלק הצפוני,ארלוזורוב,98.0,1250000,56,2.5,1.0,2009,8,179518.21,665816.95,34.781401,32.084952,1.064,1197.2
תל אביב-יפו,הצפון הישן-החלק הצפוני,ארלוזורוב,68.0,1600000,88,3.0,1.0,2009,7,179210.02,665927.5,34.778132,32.085938,1.064,1197.2
תל אביב-יפו,הצפון הישן-החלק הצפוני,ארלוזורוב,5.0,1400000,50,2.0,1.0,2009,7,178648.79,666124.24,34.772179,32.087692,1.064,1197.2
תל אביב-יפו,הצפון החדש החלק הדרומי,ארלוזורוב,160.0,1750000,62,3.0,10.0,2009,7,180140.48,665674.25,34.787998,32.083687,1.064,1197.2
תל אביב-יפו,הצפון הישן-החלק הצפוני,ארלוזורוב,74.0,1192000,70,2.0,3.0,2009,7,179263.11,665910.99,34.778695,32.085791,1.064,1197.2
תל אביב-יפו,הצפון החדש החלק הדרומי,ארלוזורוב,182.0,1302000,65,2.0,3.0,2009,7,180446.88,665586.57,34.791247,32.082907,1.064,1197.2
תל אביב-יפו,הצפון החדש סביבת כיכר המדינה,ארלוזורוב,137.0,1290000,42,2.0,3.0,2009,6,180416.09,665657.55,34.790918,32.083546,1.064,1197.2
תל אביב-יפו,הצפון הישן-החלק הצפוני,ארלוזורוב,36.0,1750000,76,3.5,1.0,2009,6,178974.37,665996.3,34.775633,32.08655,1.064,1197.2
תל אביב-יפו,הצפון הישן-החלק הצפוני,ארלוזורוב,53.0,1600000,90,3.0,4.0,2009,6,179276.92,665965.05,34.778839,32.086279,1.064,1197.2
תל אביב-יפו,הצפון הישן-החלק הצפוני,ארלוזורוב,47.0,1470000,68,3.0,4.0,2009,4,179215.87,665973.94,34.778192,32.086357,1.064,1197.2
תל אביב-יפו,הצפון החדש החלק הדרומי,ארלוזורוב,152.0,995000,47,2.0,3.0,2009,4,180068.7,665691.82,34.787237,32.083843,1.064,1197.2
תל אביב-יפו,הצפון החדש החלק הדרומי,ארלוזורוב,180.0,1600000,62,3.0,1.0,2009,4,180403.87,665595.61,34.790791,32.082987,1.064,1197.2
תל אביב-יפו,הצפון הישן-החלק הצפוני,ארלוזורוב,47.0,1350000,54,2.5,3.0,2009,3,179215.87,665973.94,34.778192,32.086357,1.064,1197.2
תל אביב-יפו,הצפון הישן-החלק הצפוני,ארלוזורוב,59.0,1050000,36,1.5,0.0,2009,3,179344.67,665933.18,34.779558,32.085994,1.064,1197.2
תל אביב-יפו,הצפון הישן-החלק הצפוני,ארלוזורוב,22.0,1575000,82,4.0,1.0,2009,3,178824.26,666042.7,34.774041,32.086963,1.064,1197.2
תל אביב-יפו,הצפון החדש סביבת כיכר המדינה,ארלוזורוב,137.0,1060000,55,2.5,1.0,2009,2,180416.09,665657.55,34.790918,32.083546,1.064,1197.2
תל אביב-יפו,הצפון החדש החלק הדרומי,ארלוזורוב,180.0,1250000,50,2.0,1.0,2009,2,180403.87,665595.61,34.790791,32.082987,1.064,1197.2
תל אביב-יפו,הצפון הישן-החלק הצפוני,ארלוזורוב,90.0,1580000,72,3.5,3.0,2009,2,179447.09,665858.48,34.780646,32.085324,1.064,1197.2
תל אביב-יפו,הצפון החדש החלק הדרומי,ארלוזורוב,114.0,1150000,55,2.5,3.0,2009,1,179690.49,665788.88,34.783227,32.084705,1.064,1197.2
תל אביב-יפו,הצפון החדש סביבת כיכר המדינה,ארלוזורוב,135.0,1825000,68,3.5,4.0,2008,12,180394.41,665664.4,34.790688,32.083607,1.064,1197.2
תל אביב-יפו,הצפון החדש החלק הדרומי,ארלוזורוב,110.0,1240000,60,3.0,3.0,2008,12,179655.02,665796.45,34.782851,32.084772,1.064,1197.2
תל אביב-יפו,הצפון החדש סביבת כיכר המדינה,ארלוזורוב,157.0,910000,50,2.0,3.0,2008,12,180697.31,665598.37,34.793899,32.083022,1.064,1197.2
תל אביב-יפו,הצפון החדש החלק הדרומי,ארלוזורוב,114.0,1040000,70,2.5,3.0,2008,11,179690.49,665788.88,34.783227,32.084705,1.064,1197.2
תל אביב-יפו,הצפון הישן-החלק הצפוני,ארלוזורוב,53.0,1520000,82,3.0,6.0,2008,10,179276.92,665965.05,34.778839,32.086279,1.064,1197.2
תל אביב-יפו,הצפון הישן-החלק הצפוני,ארלוזורוב,53.0,1050000,78,3.5,4.0,2008,10,179276.92,665965.05,34.778839,32.086279,1.064,1197.2
תל אביב-יפו,הצפון החדש החלק הדרומי,ארלוזורוב,134.0,745000,38,1.0,1.0,2008,9,179880.36,665743.67,34.78524,32.084304,1.064,1197.2
תל אביב-יפו,הצפון החדש החלק הדרומי,ארלוזורוב,126.0,210000,24,1.0,-1.0,2008,9,179795.75,665763.3,34.784343,32.084478,1.064,1197.2
תל אביב-יפו,הצפון הישן-החלק הצפוני,ארלוזורוב,53.0,350000,78,3.5,4.0,2008,9,179276.92,665965.05,34.778839,32.086279,1.064,1197.2
תל אביב-יפו,הצפון הישן-החלק הצפוני,ארלוזורוב,62.0,1515000,72,3.0,1.0,2008,9,179136.86,665903.84,34.777358,32.085722,1.064,1197.2
תל אביב-יפו,הצפון הישן-החלק הצפוני,ארלוזורוב,98.0,1100000,53,3.0,3.0,2008,9,179518.21,665816.95,34.781401,32.084952,1.064,1197.2
תל אביב-יפו,הצפון הישן-החלק הצפוני,ארלוזורוב,79.0,1180000,64,3.0,3.0,2008,8,179523.77,665885.79,34.781457,32.085573,1.064,1197.2
תל אביב-יפו,הצפון החדש החלק הדרומי,ארלוזורוב,164.0,700000,55,2.0,1.0,2008,8,180179.03,665657.35,34.788407,32.083536,1.064,1197.2
תל אביב-יפו,הצפון החדש החלק הדרומי,ארלוזורוב,140.0,1275000,73,3.5,3.0,2008,8,179957.69,665720.75,34.78606,32.0841,1.064,1197.2
תל אביב-יפו,הצפון החדש החלק הדרומי,ארלוזורוב,132.0,700000,56,2.0,3.0,2008,7,179864.34,665749.84,34.78507,32.084359,1.064,1197.2
תל אביב-יפו,הצפון החדש סביבת כיכר המדינה,ארלוזורוב,135.0,1240000,68,3.5,4.0,2008,7,180394.41,665664.4,34.790688,32.083607,1.064,1197.2
תל אביב-יפו,הצפון החדש החלק הדרומי,ארלוזורוב,126.0,1000000,46,2.0,1.0,2008,7,179795.75,665763.3,34.784343,32.084478,1.064,1197.2
תל אביב-יפו,הצפון הישן-החלק הצפוני,ארלוזורוב,5.0,1270000,50,2.0,3.0,2008,7,178648.79,666124.24,34.772179,32.087692,1.064,1197.2
תל אביב-יפו,הצפון הישן-החלק הצפוני,ארלוזורוב,46.0,1300000,63,3.0,3.0,2008,7,179013.12,665984.95,34.776044,32.086449,1.064,1197.2
תל אביב-יפו,הצפון הישן-החלק הצפוני,ארלוזורוב,49.0,1120000,47,3.0,3.0,2008,6,179232.09,665970.55,34.778364,32.086327,1.064,1197.2
תל אביב-יפו,הצפון הישן-החלק הצפוני,ארלוזורוב,29.0,1429000,72,3.0,3.0,2008,6,178988.98,666039.16,34.775786,32.086937,1.064,1197.2
תל אביב-יפו,הצפון החדש החלק הדרומי,ארלוזורוב,168.0,675000,26,1.0,0.0,2008,6,180217.79,665645.89,34.788818,32.083434,1.064,1197.2
תל אביב-יפו,הצפון החדש סביבת כיכר המדינה,ארלוזורוב,133.0,1207000,68,3.0,1.0,2008,6,180375.16,665667.13,34.790484,32.083631,1.064,1197.2
תל אביב-יפו,הצפון החדש סביבת כיכר המדינה,ארלוזורוב,119.0,985000,50,2.0,0.0,2008,6,180197.0,665713.95,34.788595,32.084047,1.064,1197.2
תל אביב-יפו,הצפון הישן-החלק הצפוני,ארלוזורוב,98.0,950000,52,2.0,3.0,2008,5,179518.21,665816.95,34.781401,32.084952,1.064,1197.2
תל אביב-יפו,הצפון החדש החלק הדרומי,ארלוזורוב,182.0,1325000,75,3.0,1.0,2008,5,180446.88,665586.57,34.791247,32.082907,1.064,1197.2
תל אביב-יפו,הצפון הישן-החלק הצפוני,ארלוזורוב,72.0,1400000,80,4.0,3.0,2008,5,179246.99,665917.04,34.778524,32.085845,1.064,1197.2
תל אביב-יפו,הצפון הישן-החלק הצפוני,ארלוזורוב,70.0,1250000,56,3.0,1.0,2008,5,179227.28,665922.33,34.778315,32.085892,1.064,1197.2
תל אביב-יפו,הצפון הישן-החלק הצפוני,ארלוזורוב,53.0,1520000,75,3.0,3.0,2008,4,179276.92,665965.05,34.778839,32.086279,1.064,1197.2
תל אביב-יפו,הצפון החדש החלק הדרומי,ארלוזורוב,102.0,402000,33,2.0,3.0,2008,3,179583.15,665814.36,34.782089,32.084931,1.064,1197.2
תל אביב-יפו,הצפון החדש סביבת כיכר המדינה,ארלוזורוב,137.0,1020000,43,2.0,3.0,2008,3,180416.09,665657.55,34.790918,32.083546,1.064,1197.2
תל אביב-יפו,הצפון הישן-החלק הצפוני,ארלוזורוב,36.0,1375000,61,3.0,4.0,2008,3,178974.37,665996.3,34.775633,32.08655,1.064,1197.2
תל אביב-יפו,הצפון הישן-החלק הצפוני,ארלוזורוב,62.0,1630000,63,2.5,5.0,2008,3,179136.86,665903.84,34.777358,32.085722,1.064,1197.2
תל אביב-יפו,הצפון הישן-החלק הצפוני,ארלוזורוב,11.0,1425000,78,3.0,0.0,2008,3,178706.17,666118.35,34.772787,32.087641,1.064,1197.2
תל אביב-יפו,הצפון החדש החלק הדרומי,ארלוזורוב,154.0,730000,48,2.0,3.0,2008,2,180085.77,665686.88,34.787418,32.083799,1.064,1197.2
תל אביב-יפו,הצפון הישן-החלק הצפוני,ארלוזורוב,11.0,1215000,62,2.5,3.0,2008,1,178706.17,666118.35,34.772787,32.087641,1.064,1197.2
תל אביב-יפו,הצפון החדש סביבת כיכר המדינה,ארלוזורוב,155.0,795000,61,2.5,1.0,2008,1,180674.1,665603.0,34.793653,32.083063,1.064,1197.2
תל אביב-יפו,הצפון הישן-החלק הצפוני,ארלוזורוב,4.0,2264000,76,3.0,3.0,2008,1,178599.2,666093.5,34.771655,32.087413,1.064,1197.2
תל אביב-יפו,הצפון הישן-החלק הצפוני,ארלוזורוב,53.0,1557000,81,4.0,3.0,2008,1,179276.92,665965.05,34.778839,32.086279,1.064,1197.2
תל אביב-יפו,הצפון החדש סביבת כיכר המדינה,ארלוזורוב,139.0,1075000,51,2.5,0.0,2008,1,180439.58,665652.14,34.791167,32.083498,1.064,1197.2
תל אביב-יפו,הצפון הישן-החלק הצפוני,ארלוזורוב,82.0,740000,60,2.0,1.0,2007,12,179365.24,665881.87,34.779778,32.085532,1.064,1197.2
תל אביב-יפו,הצפון החדש החלק הדרומי,ארלוזורוב,184.0,593000,73,3.0,1.0,2007,12,180446.88,665586.57,34.791247,32.082907,1.064,1197.2
תל אביב-יפו,הצפון החדש סביבת כיכר המדינה,ארלוזורוב,151.0,960000,55,2.5,1.0,2007,12,180628.54,665612.49,34.79317,32.083147,1.064,1197.2
תל אביב-יפו,הצפון הישן-החלק הצפוני,ארלוזורוב,84.0,900000,60,2.0,1.0,2007,12,179382.4,665877.36,34.77996,32.085492,1.064,1197.2
תל אביב-יפו,הצפון הישן-החלק הצפוני,ארלוזורוב,67.0,1520000,122,4.0,1.0,2007,11,179414.28,665915.61,34.780296,32.085838,1.064,1197.2
תל אביב-יפו,הצפון הישן-החלק הצפוני,ארלוזורוב,94.0,892000,50,2.0,3.0,2007,11,179489.25,665848.22,34.781093,32.085233,1.064,1197.2
תל אביב-יפו,הצפון החדש החלק הדרומי,ארלוזורוב,164.0,865000,52,2.5,3.0,2007,11,180179.03,665657.35,34.788407,32.083536,1.064,1197.2
תל אביב-יפו,הצפון הישן-החלק הצפוני,ארלוזורוב,8.0,1100000,55,2.0,3.0,2007,11,178659.22,666086.05,34.772291,32.087348,1.064,1197.2
תל אביב-יפו,הצפון הישן-החלק הצפוני,ארלוזורוב,36.0,1180000,60,3.0,4.0,2007,11,178974.37,665996.3,34.775633,32.08655,1.064,1197.2
תל אביב-יפו,הצפון החדש החלק הדרומי,ארלוזורוב,192.0,560000,80,3.0,3.0,2007,11,180577.02,665546.37,34.792627,32.082549,1.064,1197.2
תל אביב-יפו,הצפון החדש החלק הדרומי,ארלוזורוב,130.0,1610000,91,3.0,3.0,2007,11,179844.73,665756.68,34.784862,32.08442,1.064,1197.2
תל אביב-יפו,הצפון החדש סביבת כיכר המדינה,ארלוזורוב,135.0,109000,67,3.0,1.0,2007,11,180394.41,665664.4,34.790688,32.083607,1.064,1197.2
תל אביב-יפו,הצפון הישן-החלק הצפוני,ארלוזורוב,49.0,1050000,50,2.0,1.0,2007,11,179232.09,665970.55,34.778364,32.086327,1.064,1197.2
תל אביב-יפו,הצפון החדש החלק הדרומי,ארלוזורוב,118.0,940000,47,2.0,1.0,2007,11,179724.73,665779.66,34.78359,32.084623,1.064,1197.2
תל אביב-יפו,הצפון הישן-החלק הצפוני,ארלוזורוב,62.0,1922000,83,3.0,6.0,2007,10,179136.86,665903.84,34.777358,32.085722,1.064,1197.2
תל אביב-יפו,הצפון החדש החלק הדרומי,ארלוזורוב,142.0,1030000,50,2.0,1.0,2007,10,179987.59,665714.09,34.786377,32.084041,1.064,1197.2
תל אביב-יפו,הצפון הישן-החלק הצפוני,ארלוזורוב,29.0,1535400,70,2.0,4.0,2007,10,178988.98,666039.16,34.775786,32.086937,1.064,1197.2
תל אביב-יפו,הצפון הישן-החלק הצפוני,ארלוזורוב,51.0,976000,60,2.0,3.0,2007,10,179248.97,665964.61,34.778543,32.086274,1.064,1197.2
תל אביב-יפו,הצפון הישן-החלק הצפוני,ארלוזורוב,29.0,1411000,75,3.0,4.0,2007,10,178988.98,666039.16,34.775786,32.086937,1.064,1197.2
תל אביב-יפו,הצפון החדש סביבת כיכר המדינה,ארלוזורוב,129.0,1388000,80,3.0,1.0,2007,10,180340.28,665682.35,34.790114,32.083767,1.064,1197.2
תל אביב-יפו,הצפון הישן-החלק הצפוני,ארלוזורוב,53.0,1569000,82,4.0,3.0,2007,10,179276.92,665965.05,34.778839,32.086279,1.064,1197.2
תל אביב-יפו,הצפון החדש סביבת כיכר המדינה,ארלוזורוב,137.0,940000,60,2.5,1.0,2007,10,180416.09,665657.55,34.790918,32.083546,1.064,1197.2
תל אביב-יפו,הצפון החדש החלק הדרומי,ארלוזורוב,146.0,953000,48,2.0,3.0,2007,10,180015.51,665707.33,34.786673,32.083981,1.064,1197.2
תל אביב-יפו,הצפון הישן-החלק הצפוני,ארלוזורוב,35.0,956000,69,3.0,3.0,2007,9,179033.4,666025.9,34.776257,32.086819,1.064,1197.2
תל אביב-יפו,הצפון הישן-החלק הצפוני,ארלוזורוב,70.0,825000,37,1.5,0.0,2007,9,179227.28,665922.33,34.778315,32.085892,1.064,1197.2
תל אביב-יפו,הצפון הישן-החלק הצפוני,ארלוזורוב,59.0,629000,37,2.0,0.0,2007,9,179344.67,665933.18,34.779558,32.085994,1.064,1197.2
תל אביב-יפו,הצפון החדש החלק הדרומי,ארלוזורוב,168.0,1031000,50,2.5,1.0,2007,9,180217.79,665645.89,34.788818,32.083434,1.064,1197.2
תל אביב-יפו,הצפון הישן-החלק הצפוני,ארלוזורוב,88.0,1093000,52,2.0,1.0,2007,8,179418.99,665865.8,34.780348,32.085389,1.064,1197.2
תל אביב-יפו,הצפון החדש החלק הדרומי,ארלוזורוב,100.0,1275000,90,3.0,3.0,2007,8,179568.62,665815.42,34.781935,32.08494,1.064,1197.2
תל אביב-יפו,הצפון החדש סביבת כיכר המדינה,ארלוזורוב,151.0,818000,55,2.0,1.0,2007,7,180628.54,665612.49,34.79317,32.083147,1.064,1197.2
תל אביב-יפו,הצפון הישן-החלק הצפוני,ארלוזורוב,96.0,565000,28,1.0,0.0,2007,7,179505.09,665842.06,34.781261,32.085178,1.064,1197.2
תל אביב-יפו,הצפון הישן-החלק הצפוני,ארלוזורוב,31.0,1186000,70,3.0,3.0,2007,7,179004.06,666033.44,34.775946,32.086886,1.064,1197.2
תל אביב-יפו,הצפון החדש החלק הדרומי,ארלוזורוב,118.0,815000,60,3.0,3.0,2007,7,179724.73,665779.66,34.78359,32.084623,1.064,1197.2
תל אביב-יפו,הצפון החדש סביבת כיכר המדינה,ארלוזורוב,155.0,775000,44,2.0,1.0,2007,6,180674.1,665603.0,34.793653,32.083063,1.064,1197.2
תל אביב-יפו,הצפון הישן-החלק הצפוני,ארלוזורוב,53.0,1398000,67,3.0,5.0,2007,6,179276.92,665965.05,34.778839,32.086279,1.064,1197.2
תל אביב-יפו,הצפון הישן-החלק הצפוני,ארלוזורוב,79.0,580000,36,3.0,0.0,2007,6,179523.77,665885.79,34.781457,32.085573,1.064,1197.2
תל אביב-יפו,הצפון הישן-החלק הצפוני,ארלוזורוב,34.0,533000,57,3.0,3.0,2007,6,178949.28,666001.72,34.775367,32.086598,1.064,1197.2
תל אביב-יפו,הצפון הישן-החלק הצפוני,ארלוזורוב,34.0,1067000,55,3.0,3.0,2007,6,178949.28,666001.72,34.775367,32.086598,1.064,1197.2
תל אביב-יפו,הצפון הישן-החלק הצפוני,ארלוזורוב,32.0,1219100,55,2.0,1.0,2007,6,178949.28,666001.72,34.775367,32.086598,1.064,1197.2
תל אביב-יפו,הצפון הישן-החלק הצפוני,ארלוזורוב,32.0,474700,30,1.0,0.0,2007,6,178949.28,666001.72,34.775367,32.086598,1.064,1197.2
תל אביב-יפו,הצפון החדש החלק הדרומי,ארלוזורוב,116.0,300000,46,2.0,3.0,2007,6,179708.13,665784.93,34.783414,32.08467,1.064,1197.2
תל אביב-יפו,הצפון הישן-החלק הצפוני,ארלוזורוב,78.0,760000,97,3.0,1.0,2007,6,179329.31,665891.32,34.779397,32.085616,1.064,1197.2
תל אביב-יפו,הצפון החדש החלק הדרומי,ארלוזורוב,148.0,1260000,68,3.0,3.0,2007,5,180032.01,665701.28,34.786848,32.083927,1.064,1197.2
תל אביב-יפו,הצפון הישן-החלק הצפוני,ארלוזורוב,54.0,960000,74,3.0,1.0,2007,5,179061.31,665971.34,34.776555,32.086328,1.064,1197.2
תל אביב-יפו,הצפון הישן-החלק הצפוני,ארלוזורוב,7.0,919000,47,2.0,3.0,2007,5,178678.84,666129.55,34.772497,32.087741,1.064,1197.2
תל אביב-יפו,הצפון הישן-החלק הצפוני,ארלוזורוב,71.0,120000,54,2.0,1.0,2007,5,179447.37,665905.94,34.780647,32.085752,1.064,1197.2
תל אביב-יפו,הצפון הישן-החלק הצפוני,ארלוזורוב,31.0,1282000,72,3.0,3.0,2007,5,179004.06,666033.44,34.775946,32.086886,1.064,1197.2
תל אביב-יפו,הצפון הישן-החלק הצפוני,ארלוזורוב,10.0,614000,29,2.0,0.0,2007,4,178686.97,666085.39,34.772585,32.087343,1.064,1197.2
תל אביב-יפו,הצפון החדש סביבת כיכר המדינה,ארלוזורוב,155.0,1108000,69,3.0,3.0,2007,4,180674.1,665603.0,34.793653,32.083063,1.064,1197.2
תל אביב-יפו,הצפון החדש סביבת כיכר המדינה,ארלוזורוב,153.0,985000,66,3.0,1.0,2007,4,180650.71,665608.19,34.793405,32.083109,1.064,1197.2
תל אביב-יפו,הצפון החדש סביבת כיכר המדינה,ארלוזורוב,153.0,965000,62,3.0,1.0,2007,4,180650.71,665608.19,34.793405,32.083109,1.064,1197.2
תל אביב-יפו,הצפון הישן-החלק הצפוני,ארלוזורוב,29.0,1724000,72,3.0,3.0,2007,4,178988.98,666039.16,34.775786,32.086937,1.064,1197.2
תל אביב-יפו,הצפון החדש החלק הדרומי,ארלוזורוב,192.0,1089000,81,3.0,3.0,2007,3,180577.02,665546.37,34.792627,32.082549,1.064,1197.2
תל אביב-יפו,הצפון החדש החלק הדרומי,ארלוזורוב,160.0,1240000,62,3.0,7.0,2007,3,180140.48,665674.25,34.787998,32.083687,1.064,1197.2
תל אביב-יפו,הצפון הישן-החלק הצפוני,ארלוזורוב,7.0,1007000,53,2.0,0.0,2007,3,178678.84,666129.55,34.772497,32.087741,1.064,1197.2
תל אביב-יפו,הצפון החדש החלק הדרומי,ארלוזורוב,116.0,631000,30,2.0,3.0,2007,3,179708.13,665784.93,34.783414,32.08467,1.064,1197.2
תל אביב-יפו,הצפון הישן-החלק הצפוני,ארלוזורוב,54.0,759000,50,2.0,3.0,2007,2,179061.31,665971.34,34.776555,32.086328,1.064,1197.2
תל אביב-יפו,הצפון החדש החלק הדרומי,ארלוזורוב,168.0,995000,62,3.0,3.0,2007,2,180217.79,665645.89,34.788818,32.083434,1.064,1197.2
תל אביב-יפו,הצפון החדש החלק הדרומי,ארלוזורוב,136.0,828000,59,2.0,4.0,2007,2,179897.81,665738.84,34.785425,32.084261,1.064,1197.2
תל אביב-יפו,הצפון הישן-החלק הצפוני,ארלוזורוב,49.0,798000,47,2.0,1.0,2007,1,179232.09,665970.55,34.778364,32.086327,1.064,1197.2
תל אביב-יפו,הצפון החדש החלק הדרומי,ארלוזורוב,112.0,885000,48,2.0,3.0,2007,1,179672.1,665792.95,34.783032,32.084741,1.064,1197.2
תל אביב-יפו,הצפון הישן-החלק הצפוני,ארלוזורוב,61.0,423000,30,2.0,4.0,2007,1,179364.96,665930.44,34.779773,32.08597,1.064,1197.2
תל אביב-יפו,הצפון החדש החלק הדרומי,ארלוזורוב,134.0,804000,50,2.0,1.0,2007,1,179880.36,665743.67,34.78524,32.084304,1.064,1197.2
תל אביב-יפו,הצפון החדש סביבת כיכר המדינה,ארלוזורוב,151.0,381000,43,2.0,3.0,2007,1,180628.54,665612.49,34.79317,32.083147,1.064,1197.2
תל אביב-יפו,הצפון החדש סביבת כיכר המדינה,ארלוזורוב,157.0,486000,69,3.0,3.0,2006,12,180697.31,665598.37,34.793899,32.083022,1.064,1197.2
תל אביב-יפו,הצפון הישן-החלק הצפוני,ארלוזורוב,54.0,750000,48,2.0,5.0,2006,11,179061.31,665971.34,34.776555,32.086328,1.064,1197.2
תל אביב-יפו,הצפון החדש סביבת כיכר המדינה,ארלוזורוב,151.0,898000,57,3.0,1.0,2006,11,180628.54,665612.49,34.79317,32.083147,1.064,1197.2
תל אביב-יפו,הצפון הישן-החלק הצפוני,ארלוזורוב,62.0,2212400,99,4.0,4.0,2006,11,179136.86,665903.84,34.777358,32.085722,1.064,1197.2
תל אביב-יפו,הצפון הישן-החלק הצפוני,ארלוזורוב,84.0,767000,50,2.0,3.0,2006,11,179382.4,665877.36,34.77996,32.085492,1.064,1197.2
תל אביב-יפו,הצפון הישן-החלק הצפוני,ארלוזורוב,65.0,717000,54,2.5,3.0,2006,11,179397.78,665921.22,34.780121,32.085888,1.064,1197.2
תל אביב-יפו,הצפון החדש החלק הדרומי,ארלוזורוב,114.0,599000,40,2.0,1.0,2006,11,179690.49,665788.88,34.783227,32.084705,1.064,1197.2
תל אביב-יפו,הצפון החדש החלק הדרומי,ארלוזורוב,160.0,1188000,66,3.0,4.0,2006,10,180140.48,665674.25,34.787998,32.083687,1.064,1197.2
תל אביב-יפו,הצפון הישן-החלק הצפוני,ארלוזורוב,52.0,185000,80,3.0,1.0,2006,10,179044.34,665976.95,34.776375,32.086378,1.064,1197.2
תל אביב-יפו,הצפון הישן-החלק הצפוני,ארלוזורוב,88.0,1110000,52,2.0,1.0,2006,10,179418.99,665865.8,34.780348,32.085389,1.064,1197.2
תל אביב-יפו,הצפון החדש החלק הדרומי,ארלוזורוב,164.0,999000,56,3.0,3.0,2006,9,180179.03,665657.35,34.788407,32.083536,1.064,1197.2
תל אביב-יפו,הצפון החדש סביבת כיכר המדינה,ארלוזורוב,137.0,770000,43,2.0,3.0,2006,8,180416.09,665657.55,34.790918,32.083546,1.064,1197.2
תל אביב-יפו,הצפון הישן-החלק הצפוני,ארלוזורוב,48.0,820000,62,2.0,1.0,2006,8,179023.02,665980.36,34.776149,32.086408,1.064,1197.2
תל אביב-יפו,הצפון הישן-החלק הצפוני,ארלוזורוב,25.0,938000,58,3.0,3.0,2006,8,178961.73,666046.7,34.775497,32.087004,1.064,1197.2
תל אביב-יפו,הצפון הישן-החלק הצפוני,ארלוזורוב,29.0,1285000,72,3.0,3.0,2006,8,178988.98,666039.16,34.775786,32.086937,1.064,1197.2
תל אביב-יפו,הצפון החדש סביבת כיכר המדינה,ארלוזורוב,135.0,1122000,68,3.0,3.0,2006,8,180394.41,665664.4,34.790688,32.083607,1.064,1197.2
תל אביב-יפו,הצפון הישן-החלק הצפוני,ארלוזורוב,84.0,733000,50,2.0,1.0,2006,7,179382.4,665877.36,34.77996,32.085492,1.064,1197.2
תל אביב-יפו,הצפון הישן-החלק הצפוני,ארלוזורוב,36.0,128000,60,3.0,3.0,2006,7,178974.37,665996.3,34.775633,32.08655,1.064,1197.2
תל אביב-יפו,הצפון הישן-החלק הצפוני,ארלוזורוב,54.0,792000,58,2.0,1.0,2006,6,179061.31,665971.34,34.776555,32.086328,1.064,1197.2
תל אביב-יפו,הצפון החדש החלק הדרומי,ארלוזורוב,120.0,861000,58,2.0,3.0,2006,6,179743.32,665777.03,34.783787,32.0846,1.064,1197.2
תל אביב-יפו,הצפון החדש החלק הדרומי,ארלוזורוב,184.0,875000,61,2.0,3.0,2006,5,180446.88,665586.57,34.791247,32.082907,1.064,1197.2
תל אביב-יפו,הצפון החדש סביבת כיכר המדינה,ארלוזורוב,133.0,832000,45,2.0,1.0,2006,5,180375.16,665667.13,34.790484,32.083631,1.064,1197.2
תל אביב-יפו,הצפון החדש סביבת כיכר המדינה,ארלוזורוב,141.0,777000,45,2.0,3.0,2006,5,180460.14,665646.62,34.791385,32.083449,1.064,1197.2
תל אביב-יפו,הצפון הישן-החלק הצפוני,ארלוזורוב,49.0,679000,50,2.0,1.0,2006,4,179232.09,665970.55,34.778364,32.086327,1.064,1197.2
תל אביב-יפו,הצפון הישן-החלק הצפוני,ארלוזורוב,49.0,818000,50,2.0,3.0,2006,4,179232.09,665970.55,34.778364,32.086327,1.064,1197.2
תל אביב-יפו,הצפון החדש סביבת כיכר המדינה,ארלוזורוב,129.0,940000,88,3.0,3.0,2006,3,180340.28,665682.35,34.790114,32.083767,1.064,1197.2
תל אביב-יפו,הצפון החדש החלק הדרומי,ארלוזורוב,196.0,374000,74,3.0,3.0,2006,3,180650.03,665530.68,34.793401,32.08241,1.064,1197.2
תל אביב-יפו,הצפון הישן-החלק הצפוני,ארלוזורוב,5.0,1170000,66,3.0,0.0,2006,3,178648.79,666124.24,34.772179,32.087692,1.064,1197.2
תל אביב-יפו,הצפון הישן-החלק הצפוני,ארלוזורוב,7.0,1015000,59,2.0,0.0,2006,3,178678.84,666129.55,34.772497,32.087741,1.064,1197.2
תל אביב-יפו,הצפון החדש סביבת כיכר המדינה,ארלוזורוב,119.0,815000,54,2.0,0.0,2006,3,180197.0,665713.95,34.788595,32.084047,1.064,1197.2
תל אביב-יפו,הצפון הישן-החלק הצפוני,ארלוזורוב,82.0,823000,61,2.0,3.0,2006,3,179365.24,665881.87,34.779778,32.085532,1.064,1197.2
תל אביב-יפו,הצפון הישן-החלק הצפוני,ארלוזורוב,94.0,235000,50,2.0,3.0,2006,3,179489.25,665848.22,34.781093,32.085233,1.064,1197.2
תל אביב-יפו,הצפון החדש החלק הדרומי,ארלוזורוב,152.0,659000,45,2.0,3.0,2006,2,180068.7,665691.82,34.787237,32.083843,1.064,1197.2
תל אביב-יפו,הצפון החדש סביבת כיכר המדינה,ארלוזורוב,155.0,729000,45,2.0,1.0,2006,2,180674.1,665603.0,34.793653,32.083063,1.064,1197.2
תל אביב-יפו,הצפון הישן-החלק הצפוני,ארלוזורוב,62.0,1841000,83,3.0,3.0,2006,2,179136.86,665903.84,34.777358,32.085722,1.064,1197.2
תל אביב-יפו,הצפון החדש החלק הדרומי,ארלוזורוב,192.0,941000,81,3.0,3.0,2006,1,180577.02,665546.37,34.792627,32.082549,1.064,1197.2
תל אביב-יפו,הצפון הישן-החלק הצפוני,ארלוזורוב,84.0,899000,54,2.0,1.0,2006,1,179382.4,665877.36,34.77996,32.085492,1.064,1197.2
תל אביב-יפו,הצפון הישן-החלק הצפוני,ארלוזורוב,43.0,714000,50,2.0,3.0,2006,1,179162.29,665985.46,34.777624,32.086459,1.064,1197.2
תל אביב-יפו,הצפון החדש החלק הדרומי,ארלוזורוב,160.0,942000,74,3.0,9.0,2005,12,180140.48,665674.25,34.787998,32.083687,1.064,1197.2
תל אביב-יפו,הצפון הישן-החלק הצפוני,ארלוזורוב,31.0,768000,74,3.0,3.0,2005,12,179004.06,666033.44,34.775946,32.086886,1.064,1197.2
תל אביב-יפו,הצפון החדש החלק הדרומי,ארלוזורוב,194.0,458000,81,3.0,3.0,2005,12,180612.67,665536.92,34.793005,32.082465,1.064,1197.2
תל אביב-יפו,הצפון החדש החלק הדרומי,ארלוזורוב,160.0,1089000,62,3.0,3.0,2005,11,180140.48,665674.25,34.787998,32.083687,1.064,1197.2
תל אביב-יפו,הצפון הישן-החלק הצפוני,ארלוזורוב,53.0,1379000,70,3.0,7.0,2005,10,179276.92,665965.05,34.778839,32.086279,1.064,1197.2
תל אביב-יפו,הצפון הישן-החלק הצפוני,ארלוזורוב,62.0,3430000,117,4.0,7.0,2005,9,179136.86,665903.84,34.777358,32.085722,1.064,1197.2
תל אביב-יפו,הצפון הישן-החלק הצפוני,ארלוזורוב,53.0,1017000,82,4.0,3.0,2005,9,179276.92,665965.05,34.778839,32.086279,1.064,1197.2
תל אביב-יפו,הצפון החדש החלק הדרומי,ארלוזורוב,176.0,978000,70,3.0,3.0,2005,9,180361.99,665606.64,34.790347,32.083085,1.064,1197.2
תל אביב-יפו,הצפון החדש החלק הדרומי,ארלוזורוב,132.0,816000,56,2.0,1.0,2005,8,179864.34,665749.84,34.78507,32.084359,1.064,1197.2
תל אביב-יפו,הצפון החדש החלק הדרומי,ארלוזורוב,152.0,718000,51,2.0,3.0,2005,8,180068.7,665691.82,34.787237,32.083843,1.064,1197.2
תל אביב-יפו,הצפון החדש החלק הדרומי,ארלוזורוב,146.0,838000,63,3.0,3.0,2005,7,180015.51,665707.33,34.786673,32.083981,1.064,1197.2
תל אביב-יפו,הצפון הישן-החלק הצפוני,ארלוזורוב,96.0,701000,47,2.0,3.0,2005,7,179505.09,665842.06,34.781261,32.085178,1.064,1197.2
תל אביב-יפו,הצפון הישן-החלק הצפוני,ארלוזורוב,77.0,690000,59,2.0,3.0,2005,6,179506.7,665889.96,34.781276,32.08561,1.064,1197.2
תל אביב-יפו,הצפון החדש סביבת כיכר המדינה,ארלוזורוב,157.0,748000,61,2.0,1.0,2005,6,180697.31,665598.37,34.793899,32.083022,1.064,1197.2
תל אביב-יפו,הצפון החדש סביבת כיכר המדינה,ארלוזורוב,153.0,750000,76,3.0,4.0,2005,6,180650.71,665608.19,34.793405,32.083109,1.064,1197.2
תל אביב-יפו,הצפון הישן-החלק הצפוני,ארלוזורוב,48.0,681000,60,2.0,3.0,2005,6,179023.02,665980.36,34.776149,32.086408,1.064,1197.2
תל אביב-יפו,הצפון החדש סביבת כיכר המדינה,ארלוזורוב,141.0,778000,90,3.0,3.0,2005,5,180460.14,665646.62,34.791385,32.083449,1.064,1197.2
תל אביב-יפו,הצפון החדש החלק הדרומי,ארלוזורוב,176.0,307000,50,2.0,3.0,2005,5,180361.99,665606.64,34.790347,32.083085,1.064,1197.2
תל אביב-יפו,הצפון החדש סביבת כיכר המדינה,ארלוזורוב,153.0,697000,67,3.0,3.0,2005,5,180650.71,665608.19,34.793405,32.083109,1.064,1197.2
תל אביב-יפו,הצפון החדש החלק הדרומי,ארלוזורוב,160.0,832000,68,3.0,1.0,2005,5,180140.48,665674.25,34.787998,32.083687,1.064,1197.2
תל אביב-יפו,הצפון החדש החלק הדרומי,ארלוזורוב,180.0,963000,61,2.0,1.0,2005,5,180403.87,665595.61,34.790791,32.082987,1.064,1197.2
תל אביב-יפו,הצפון החדש החלק הדרומי,ארלוזורוב,180.0,856000,51,2.0,3.0,2005,5,180403.87,665595.61,34.790791,32.082987,1.064,1197.2
תל אביב-יפו,הצפון הישן-החלק הצפוני,ארלוזורוב,43.0,566000,55,2.0,1.0,2005,4,179162.29,665985.46,34.777624,32.086459,1.064,1197.2
תל אביב-יפו,הצפון החדש סביבת כיכר המדינה,ארלוזורוב,139.0,725000,58,2.0,1.0,2005,4,180439.58,665652.14,34.791167,32.083498,1.064,1197.2
תל אביב-יפו,הצפון החדש החלק הדרומי,ארלוזורוב,174.0,730000,50,2.0,3.0,2005,3,180361.99,665606.64,34.790347,32.083085,1.064,1197.2
תל אביב-יפו,הצפון החדש החלק הדרומי,ארלוזורוב,192.0,766000,80,3.0,3.0,2005,3,180577.02,665546.37,34.792627,32.082549,1.064,1197.2
תל אביב-יפו,הצפון החדש החלק הדרומי,ארלוזורוב,114.0,776000,49,2.0,3.0,2005,3,179690.49,665788.88,34.783227,32.084705,1.064,1197.2
תל אביב-יפו,הצפון הישן-החלק הצפוני,ארלוזורוב,25.0,703000,58,3.0,3.0,2005,3,178961.73,666046.7,34.775497,32.087004,1.064,1197.2
תל אביב-יפו,הצפון הישן-החלק הצפוני,ארלוזורוב,25.0,841000,60,3.0,0.0,2005,3,178961.73,666046.7,34.775497,32.087004,1.064,1197.2
תל אביב-יפו,הצפון החדש החלק הדרומי,ארלוזורוב,146.0,687000,35,2.0,3.0,2005,3,180015.51,665707.33,34.786673,32.083981,1.064,1197.2
תל אביב-יפו,הצפון החדש החלק הדרומי,ארלוזורוב,164.0,731000,55,2.0,3.0,2005,3,180179.03,665657.35,34.788407,32.083536,1.064,1197.2
תל אביב-יפו,הצפון הישן-החלק הצפוני,ארלוזורוב,68.0,689000,88,3.0,3.0,2005,3,179210.02,665927.5,34.778132,32.085938,1.064,1197.2
תל אביב-יפו,הצפון החדש סביבת כיכר המדינה,ארלוזורוב,127.0,819000,70,3.0,1.0,2005,2,180318.2,665684.98,34.78988,32.08379,1.064,1197.2
תל אביב-יפו,הצפון הישן-החלק הצפוני,ארלוזורוב,25.0,678000,58,3.0,3.0,2005,1,178961.73,666046.7,34.775497,32.087004,1.064,1197.2
תל אביב-יפו,הצפון הישן-החלק הצפוני,ארלוזורוב,47.0,784000,59,2.0,1.0,2005,1,179215.87,665973.94,34.778192,32.086357,1.064,1197.2
תל אביב-יפו,הצפון החדש סביבת כיכר המדינה,ארלוזורוב,141.0,1355000,162,5.0,1.0,2005,1,180460.14,665646.62,34.791385,32.083449,1.064,1197.2
תל אביב-יפו,הצפון החדש החלק הדרומי,ארלוזורוב,174.0,826000,50,2.0,3.0,2005,1,180361.99,665606.64,34.790347,32.083085,1.064,1197.2
תל אביב-יפו,הצפון הישן-החלק הצפוני,ארלוזורוב,69.0,660000,65,2.0,3.0,2005,1,179430.12,665911.11,34.780464,32.085798,1.064,1197.2
תל אביב-יפו,הצפון הישן-החלק הצפוני,ארלוזורוב,4.0,1619000,76,3.0,3.0,2005,1,178599.2,666093.5,34.771655,32.087413,1.064,1197.2
תל אביב-יפו,הצפון החדש החלק הדרומי,ארלוזורוב,160.0,1084000,69,3.0,5.0,2004,12,180140.48,665674.25,34.787998,32.083687,1.064,1197.2
תל אביב-יפו,הצפון החדש החלק הדרומי,ארלוזורוב,152.0,753000,49,2.0,0.0,2004,12,180068.7,665691.82,34.787237,32.083843,1.064,1197.2
תל אביב-יפו,הצפון החדש החלק הדרומי,ארלוזורוב,192.0,719000,80,3.0,3.0,2004,12,180577.02,665546.37,34.792627,32.082549,1.064,1197.2
תל אביב-יפו,הצפון החדש החלק הדרומי,ארלוזורוב,142.0,644000,45,2.0,1.0,2004,12,179987.59,665714.09,34.786377,32.084041,1.064,1197.2
תל אביב-יפו,הצפון החדש סביבת כיכר המדינה,ארלוזורוב,135.0,829000,50,2.0,3.0,2004,12,180394.41,665664.4,34.790688,32.083607,1.064,1197.2
תל אביב-יפו,הצפון הישן-החלק הצפוני,ארלוזורוב,37.0,798000,70,3.0,1.0,2004,11,179062.04,666011.81,34.776561,32.086693,1.064,1197.2
תל אביב-יפו,הצפון הישן-החלק הצפוני,ארלוזורוב,82.0,604000,61,2.0,0.0,2004,11,179365.24,665881.87,34.779778,32.085532,1.064,1197.2
תל אביב-יפו,הצפון הישן-החלק הצפוני,ארלוזורוב,84.0,616000,50,2.0,3.0,2004,11,179382.4,665877.36,34.77996,32.085492,1.064,1197.2
תל אביב-יפו,הצפון החדש החלק הדרומי,ארלוזורוב,118.0,562000,32,2.0,0.0,2004,10,179724.73,665779.66,34.78359,32.084623,1.064,1197.2
תל אביב-יפו,הצפון הישן-החלק הצפוני,ארלוזורוב,86.0,824000,73,3.0,3.0,2004,9,179399.28,665871.97,34.780139,32.085444,1.064,1197.2
תל אביב-יפו,הצפון החדש סביבת כיכר המדינה,ארלוזורוב,137.0,771000,43,2.0,3.0,2004,9,180416.09,665657.55,34.790918,32.083546,1.064,1197.2
תל אביב-יפו,הצפון הישן-החלק הצפוני,ארלוזורוב,69.0,559000,60,2.0,3.0,2004,9,179430.12,665911.11,34.780464,32.085798,1.064,1197.2
תל אביב-יפו,הצפון החדש החלק הדרומי,ארלוזורוב,198.0,846000,74,3.0,3.0,2004,9,180686.54,665522.34,34.793788,32.082336,1.064,1197.2
תל אביב-יפו,הצפון החדש החלק הדרומי,ארלוזורוב,168.0,676000,47,2.0,3.0,2004,9,180217.79,665645.89,34.788818,32.083434,1.064,1197.2
תל אביב-יפו,הצפון החדש החלק הדרומי,ארלוזורוב,104.0,690000,64,2.0,3.0,2004,8,179601.83,665809.97,34.782287,32.084892,1.064,1197.2
תל אביב-יפו,הצפון הישן-החלק הצפוני,ארלוזורוב,71.0,669000,54,2.0,3.0,2004,8,179447.37,665905.94,34.780647,32.085752,1.064,1197.2
תל אביב-יפו,הצפון הישן-החלק הצפוני,ארלוזורוב,98.0,677000,56,2.0,3.0,2004,7,179518.21,665816.95,34.781401,32.084952,1.064,1197.2
תל אביב-יפו,הצפון הישן-החלק הצפוני,ארלוזורוב,53.0,3011000,85,4.0,9.0,2004,7,179276.92,665965.05,34.778839,32.086279,1.064,1197.2
תל אביב-יפו,הצפון החדש החלק הדרומי,ארלוזורוב,196.0,745000,73,3.0,3.0,2004,7,180650.03,665530.68,34.793401,32.08241,1.064,1197.2
תל אביב-יפו,הצפון הישן-החלק הצפוני,ארלוזורוב,43.0,735000,68,3.0,3.0,2004,7,179162.29,665985.46,34.777624,32.086459,1.064,1197.2
תל אביב-יפו,הצפון הישן-החלק הצפוני,ארלוזורוב,46.0,788000,50,2.0,3.0,2004,6,179013.12,665984.95,34.776044,32.086449,1.064,1197.2
תל אביב-יפו,הצפון הישן-החלק הצפוני,ארלוזורוב,43.0,694000,51,2.0,3.0,2004,5,179162.29,665985.46,34.777624,32.086459,1.064,1197.2
תל אביב-יפו,הצפון החדש החלק הדרומי,ארלוזורוב,120.0,1039000,68,3.0,4.0,2004,5,179743.32,665777.03,34.783787,32.0846,1.064,1197.2
תל אביב-יפו,הצפון הישן-החלק הצפוני,ארלוזורוב,90.0,1157000,75,3.0,3.0,2004,5,179447.09,665858.48,34.780646,32.085324,1.064,1197.2
תל אביב-יפו,הצפון הישן-החלק הצפוני,ארלוזורוב,9.0,1100000,61,3.0,4.0,2004,5,178690.8,666122.63,34.772624,32.087679,1.064,1197.2
תל אביב-יפו,הצפון הישן-החלק הצפוני,ארלוזורוב,88.0,669000,52,2.0,1.0,2004,5,179418.99,665865.8,34.780348,32.085389,1.064,1197.2
תל אביב-יפו,הצפון הישן-החלק הצפוני,ארלוזורוב,33.0,1041000,69,4.0,4.0,2004,4,179018.78,666029.84,34.776102,32.086854,1.064,1197.2
תל אביב-יפו,הצפון החדש החלק הדרומי,ארלוזורוב,146.0,574000,60,2.0,3.0,2004,3,180015.51,665707.33,34.786673,32.083981,1.064,1197.2
תל אביב-יפו,הצפון הישן-החלק הצפוני,ארלוזורוב,4.0,1046000,74,4.0,3.0,2004,3,178599.2,666093.5,34.771655,32.087413,1.064,1197.2
תל אביב-יפו,הצפון החדש סביבת כיכר המדינה,ארלוזורוב,157.0,645000,44,2.0,3.0,2004,3,180697.31,665598.37,34.793899,32.083022,1.064,1197.2
תל אביב-יפו,הצפון הישן-החלק הצפוני,ארלוזורוב,36.0,791000,61,3.0,1.0,2004,3,178974.37,665996.3,34.775633,32.08655,1.064,1197.2
תל אביב-יפו,הצפון הישן-החלק הצפוני,ארלוזורוב,52.0,756000,59,3.0,1.0,2004,3,179044.34,665976.95,34.776375,32.086378,1.064,1197.2
תל אביב-יפו,הצפון החדש החלק הדרומי,ארלוזורוב,122.0,902000,55,3.0,1.0,2004,3,179760.38,665771.75,34.783968,32.084553,1.064,1197.2
תל אביב-יפו,הצפון החדש החלק הדרומי,ארלוזורוב,116.0,538000,36,2.0,0.0,2004,3,179708.13,665784.93,34.783414,32.08467,1.064,1197.2
תל אביב-יפו,הצפון החדש החלק הדרומי,ארלוזורוב,192.0,909000,80,3.0,3.0,2004,2,180577.02,665546.37,34.792627,32.082549,1.064,1197.2
תל אביב-יפו,הצפון הישן-החלק הצפוני,ארלוזורוב,65.0,686000,70,2.0,1.0,2004,2,179397.78,665921.22,34.780121,32.085888,1.064,1197.2
תל אביב-יפו,הצפון הישן-החלק הצפוני,ארלוזורוב,67.0,699000,67,2.0,3.0,2004,1,179414.28,665915.61,34.780296,32.085838,1.064,1197.2
תל אביב-יפו,הצפון הישן-החלק הצפוני,ארלוזורוב,65.0,751000,51,2.0,3.0,2004,1,179397.78,665921.22,34.780121,32.085888,1.064,1197.2
תל אביב-יפו,הצפון הישן-החלק הצפוני,ארלוזורוב,86.0,674000,71,3.0,3.0,2004,1,179399.28,665871.97,34.780139,32.085444,1.064,1197.2
תל אביב-יפו,הצפון החדש החלק הדרומי,ארלוזורוב,152.0,631000,47,2.0,3.0,2004,1,180068.7,665691.82,34.787237,32.083843,1.064,1197.2
תל אביב-יפו,הצפון החדש החלק הדרומי,ארלוזורוב,154.0,782000,79,3.0,3.0,2004,1,180085.77,665686.88,34.787418,32.083799,1.064,1197.2
תל אביב-יפו,הצפון הישן-החלק הצפוני,ארלוזורוב,71.0,591000,60,2.0,1.0,2003,12,179447.37,665905.94,34.780647,32.085752,1.064,1197.2
תל אביב-יפו,הצפון החדש החלק הדרומי,ארלוזורוב,180.0,394000,50,2.0,1.0,2003,12,180403.87,665595.61,34.790791,32.082987,1.064,1197.2
תל אביב-יפו,הצפון החדש החלק הדרומי,ארלוזורוב,112.0,307000,51,2.0,3.0,2003,12,179672.1,665792.95,34.783032,32.084741,1.064,1197.2
תל אביב-יפו,הצפון הישן-החלק הצפוני,ארלוזורוב,36.0,767000,76,4.0,1.0,2003,12,178974.37,665996.3,34.775633,32.08655,1.064,1197.2
תל אביב-יפו,הצפון החדש סביבת כיכר המדינה,ארלוזורוב,151.0,757000,55,2.0,3.0,2003,11,180628.54,665612.49,34.79317,32.083147,1.064,1197.2
תל אביב-יפו,הצפון החדש החלק הדרומי,ארלוזורוב,118.0,706000,60,2.0,1.0,2003,11,179724.73,665779.66,34.78359,32.084623,1.064,1197.2
תל אביב-יפו,הצפון החדש החלק הדרומי,ארלוזורוב,168.0,657000,43,2.0,0.0,2003,10,180217.79,665645.89,34.788818,32.083434,1.064,1197.2
תל אביב-יפו,הצפון החדש החלק הדרומי,ארלוזורוב,114.0,598000,35,2.0,3.0,2003,10,179690.49,665788.88,34.783227,32.084705,1.064,1197.2
תל אביב-יפו,הצפון הישן-החלק הצפוני,ארלוזורוב,43.0,610000,51,2.0,1.0,2003,9,179162.29,665985.46,34.777624,32.086459,1.064,1197.2
תל אביב-יפו,הצפון החדש החלק הדרומי,ארלוזורוב,112.0,710000,51,2.0,0.0,2003,9,179672.1,665792.95,34.783032,32.084741,1.064,1197.2
תל אביב-יפו,הצפון הישן-החלק הצפוני,ארלוזורוב,86.0,726000,58,3.0,0.0,2003,9,179399.28,665871.97,34.780139,32.085444,1.064,1197.2
תל אביב-יפו,הצפון החדש סביבת כיכר המדינה,ארלוזורוב,119.0,778000,63,3.0,3.0,2003,8,180197.0,665713.95,34.788595,32.084047,1.064,1197.2
תל אביב-יפו,הצפון החדש סביבת כיכר המדינה,ארלוזורוב,119.0,1021000,74,4.0,3.0,2003,8,180197.0,665713.95,34.788595,32.084047,1.064,1197.2
תל אביב-יפו,הצפון החדש החלק הדרומי,ארלוזורוב,134.0,719000,69,2.0,3.0,2003,7,179880.36,665743.67,34.78524,32.084304,1.064,1197.2
תל אביב-יפו,הצפון הישן-החלק הצפוני,ארלוזורוב,49.0,754000,50,2.0,3.0,2003,7,179232.09,665970.55,34.778364,32.086327,1.064,1197.2
תל אביב-יפו,הצפון הישן-החלק הצפוני,ארלוזורוב,54.0,676000,75,3.0,3.0,2003,6,179061.31,665971.34,34.776555,32.086328,1.064,1197.2
תל אביב-יפו,הצפון החדש החלק הדרומי,ארלוזורוב,112.0,664000,63,2.0,1.0,2003,5,179672.1,665792.95,34.783032,32.084741,1.064,1197.2
תל אביב-יפו,הצפון הישן-החלק הצפוני,ארלוזורוב,43.0,615000,51,2.0,3.0,2002,12,179162.29,665985.46,34.777624,32.086459,1.064,1197.2
תל אביב-יפו,הצפון החדש החלק הדרומי,ארלוזורוב,148.0,2000000,125,5.0,3.0,2002,3,180032.01,665701.28,34.786848,32.083927,1.064,1197.2
באר שבע,רמות,ראובן הכט,50.0,700000,70,3.0,3.0,2023,2,182503.55,576013.09,34.816405,31.275172,-0.188,627.8
באר שבע,רמות,ראובן הכט,50.0,790000,90,4.0,1.0,2011,9,182503.55,576013.09,34.816405,31.275172,-0.188,627.8
באר שבע,רמות,ראובן הכט,50.0,414000,63,3.0,3.0,2008,3,182503.55,576013.09,34.816405,31.275172,-0.188,627.8
ירושלים,,,,1750000,128,5.0,1.0,2012,7,194042.86,692026.8,34.934553,32.321725,-0.626,516.8
יהוד-מונוסון,,ברקת,15.0,3039000,132,5.0,13.0,2020,7,188077.69,659921.06,34.872257,32.032054,0.975,1188.4
ראשון לציון,נווה ים,השייטים,25.0,1885000,175,5.0,3.0,2009,5,179505.91,654976.54,34.78172,31.987195,0.763,1102.0
ראשון לציון,נווה ים,השייטים,7.0,4950000,204,6.0,1.0,2022,6,179397.27,655037.18,34.780568,31.987738,0.763,1102.0
ירושלים,תלפיות,עין גדי,2.0,2900000,62,3.0,4.0,2025,7,220982.05,628990.01,35.220544,31.753544,-0.626,516.8
ירושלים,תלפיות,עין גדי,2.0,2400000,70,3.0,4.0,2023,5,220982.05,628990.01,35.220544,31.753544,-0.626,516.8
ירושלים,תלפיות,עין גדי,2.0,1709000,85,4.0,3.0,2016,8,220982.05,628990.01,35.220544,31.753544,-0.626,516.8
ירושלים,תלפיות,עין גדי,2.0,1270000,54,3.0,4.0,2015,3,220982.05,628990.01,35.220544,31.753544,-0.626,516.8
ירושלים,תלפיות,עין גדי,2.0,1280000,58,3.0,3.0,2014,8,220982.05,628990.01,35.220544,31.753544,-0.626,516.8
רמת גן,מרכז העיר א,המעגל,22.0,1870000,88,3.0,1.0,2018,10,182493.91,665508.63,34.812932,32.082273,1.048,1230.5
רמת גן,מרכז העיר א,המעגל,22.0,1950000,90,3.5,3.0,2017,7,182493.91,665508.63,34.812932,32.082273,1.048,1230.5
רמת גן,מרכז העיר א,המעגל,22.0,1275000,87,3.5,3.0,2010,6,182493.91,665508.63,34.812932,32.082273,1.048,1230.5
רמת גן,מרכז העיר א,המעגל,22.0,625000,60,2.0,3.0,2006,5,182493.91,665508.63,34.812932,32.082273,1.048,1230.5
רמת גן,מרכז העיר א,המעגל,22.0,675000,67,3.0,3.0,2005,3,182493.91,665508.63,34.812932,32.082273,1.048,1230.5
אור יהודה,נווה סביון,הארז,28.0,4750000,239,5.0,3.0,2025,7,186464.31,659498.89,34.855192,32.028201,-0.135,622.8
אור יהודה,נווה סביון,הארז,10.0,4600000,239,6.0,3.0,2022,10,186357.79,659509.1,34.854064,32.02829,-0.135,622.8
אור יהודה,נווה סביון,הארז,48.0,4400000,198,6.0,3.0,2022,6,186588.88,659487.51,34.856511,32.028102,-0.135,622.8
בני ברק,קרית הישיבה,סעדיה גאון,1.0,198000,82,4.0,3.0,2017,2,184503.18,665505.64,34.834214,32.08231,-1.577,139.7
בני ברק,קרית הישיבה,סעדיה גאון,1.0,1349000,57,3.0,3.0,2013,8,184503.18,665505.64,34.834214,32.08231,-1.577,139.7
בני ברק,קרית הישיבה,סעדיה גאון,1.0,658000,59,3.0,3.0,2007,5,184503.18,665505.64,34.834214,32.08231,-1.577,139.7
בני ברק,קרית הישיבה,סעדיה גאון,1.0,628000,62,2.0,3.0,2007,3,184503.18,665505.64,34.834214,32.08231,-1.577,139.7
רחובות,שעריים,,,2425000,109,5.0,4.0,2024,10,182024.19,643998.35,34.80879,31.88828,0.697,1049.1
רחובות,שעריים,,,2130000,115,5.0,1.0,2021,7,182024.19,643998.35,34.80879,31.88828,0.697,1049.1
רחובות,שעריים,,,2090000,115,5.0,3.0,2021,6,182024.19,643998.35,34.80879,31.88828,0.697,1049.1
רחובות,שעריים,,,3795000,197,6.0,1.0,2012,11,182024.19,643998.35,34.80879,31.88828,0.697,1049.1
רמלה,וייצמן,אברהם הלל,17.0,1240000,43,3.0,0.0,2026,2,187015.13,648467.91,34.861393,31.92874,-0.451,483.2
רמלה,וייצמן,אברהם הלל,17.0,1200000,44,3.0,1.0,2025,4,187015.13,648467.91,34.861393,31.92874,-0.451,483.2
רמלה,וייצמן,אברהם הלל,17.0,1350000,56,3.0,1.0,2025,3,187015.13,648467.91,34.861393,31.92874,-0.451,483.2
רמלה,וייצמן,אברהם הלל,17.0,1115000,44,3.0,3.0,2024,12,187015.13,648467.91,34.861393,31.92874,-0.451,483.2
רמלה,וייצמן,אברהם הלל,17.0,1115000,56,3.0,0.0,2024,8,187015.13,648467.91,34.861393,31.92874,-0.451,483.2
באר שבע,רמות,ילין-מור,17.0,1040000,93,3.0,5.0,2020,11,183014.29,575988.58,34.821769,31.274967,-0.188,627.8
באר שבע,רמות,ילין-מור,17.0,1097000,109,4.0,1.0,2019,5,183014.29,575988.58,34.821769,31.274967,-0.188,627.8
באר שבע,רמות,ילין-מור,17.0,1065000,103,3.5,3.0,2018,6,183014.29,575988.58,34.821769,31.274967,-0.188,627.8
באר שבע,רמות,ילין-מור,17.0,1050000,110,4.0,4.0,2016,6,183014.29,575988.58,34.821769,31.274967,-0.188,627.8
באר שבע,רמות,ילין-מור,17.0,1070000,107,3.0,3.0,2016,3,183014.29,575988.58,34.821769,31.274967,-0.188,627.8
רחובות,,,,3127000,97,4.0,6.0,2025,9,179967.36,642995.53,34.787091,31.879167,0.697,1049.1
רמת השרון,,,,1895000,52,2.0,3.0,2025,12,182534.84,670984.69,34.813155,32.131656,1.744,1496.9
רמת השרון,,,,6654000,129,6.0,3.0,2025,12,182534.84,670984.69,34.813155,32.131656,1.744,1496.9
רמת השרון,,,,1927000,52,2.0,3.0,2025,12,182534.84,670984.69,34.813155,32.131656,1.744,1496.9
רמת השרון,,,,3920000,130,4.0,3.0,2025,12,182534.84,670984.69,34.813155,32.131656,1.744,1496.9
רמת השרון,נווה מגן,רמז,3.0,3730000,121,5.0,3.0,2022,11,185980.14,671498.06,34.849649,32.136393,1.744,1496.9
רמת השרון,נווה מגן,רמז,3.0,4550000,145,5.0,4.0,2021,10,185980.14,671498.06,34.849649,32.136393,1.744,1496.9
תל אביב-יפו,מעוז אביב,,,1094000,67,3.0,3.0,2005,5,182579.63,668997.55,34.813706,32.113738,1.064,1197.2
נתניה,"מע""ר - מרכז עירוני ראשי",,,5020000,160,5.0,15.0,2025,9,186476.47,691507.74,34.854218,32.316847,0.059,717.6
נתניה,"מע""ר - מרכז עירוני ראשי",,,3000000,100,4.0,9.0,2025,8,186476.47,691507.74,34.854218,32.316847,0.059,717.6
נתניה,"מע""ר - מרכז עירוני ראשי",,,3100000,130,5.0,1.0,2025,7,186476.47,691507.74,34.854218,32.316847,0.059,717.6
תל אביב-יפו,נחלת יצחק,תוצרת הארץ,7.0,5750000,119,5.0,3.0,2024,12,181000.58,664527.55,34.797154,32.073376,1.064,1197.2
תל אביב-יפו,נחלת יצחק,תוצרת הארץ,7.0,4300000,97,4.0,3.0,2024,6,181000.58,664527.55,34.797154,32.073376,1.064,1197.2
תל אביב-יפו,נחלת יצחק,תוצרת הארץ,7.0,5100000,130,5.0,14.0,2022,7,181000.58,664527.55,34.797154,32.073376,1.064,1197.2
תל אביב-יפו,נחלת יצחק,תוצרת הארץ,7.0,4700000,117,5.0,3.0,2021,10,181000.58,664527.55,34.797154,32.073376,1.064,1197.2
תל אביב-יפו,נחלת יצחק,תוצרת הארץ,7.0,4100000,96,4.0,3.0,2021,7,181000.58,664527.55,34.797154,32.073376,1.064,1197.2
חיפה,קריית אליעזר,,,2480000,127,5.0,9.0,2025,11,198546.56,748012.09,34.981134,32.826649,0.366,881.8
חיפה,קריית אליעזר,,,2270000,127,5.0,10.0,2025,11,198546.56,748012.09,34.981134,32.826649,0.366,881.8
חיפה,קריית אליעזר,,,2080000,107,4.0,10.0,2025,9,198546.56,748012.09,34.981134,32.826649,0.366,881.8
חיפה,קריית אליעזר,,,2310000,107,4.0,16.0,2025,9,198546.56,748012.09,34.981134,32.826649,0.366,881.8
חיפה,קריית אליעזר,,,1820000,78,3.0,3.0,2025,8,198546.56,748012.09,34.981134,32.826649,0.366,881.8
אור יהודה,קרית גיורא,הערמון,32.0,2740000,158,5.0,3.0,2026,2,187013.6,659991.81,34.86099,32.032662,-0.135,622.8
אור יהודה,קרית גיורא,הערמון,32.0,2220000,168,5.0,3.0,2022,12,187013.6,659991.81,34.86099,32.032662,-0.135,622.8
אור יהודה,קרית גיורא,הערמון,32.0,1800000,181,5.0,3.0,2019,2,187013.6,659991.81,34.86099,32.032662,-0.135,622.8
אור יהודה,קרית גיורא,הערמון,32.0,1775000,130,5.0,3.0,2017,12,187013.6,659991.81,34.86099,32.032662,-0.135,622.8
אור יהודה,קרית גיורא,הערמון,32.0,999000,110,5.0,3.0,2015,6,187013.6,659991.81,34.86099,32.032662,-0.135,622.8
גבעתיים,ארלוזרוב,ז'בוטינסקי,37.0,1850000,74,3.0,1.0,2015,9,182489.82,664510.62,34.812927,32.073273,1.522,1451.9
גבעתיים,ארלוזרוב,ז'בוטינסקי,37.0,1800000,100,4.5,3.0,2010,8,182489.82,664510.62,34.812927,32.073273,1.522,1451.9
גבעתיים,ארלוזרוב,ז'בוטינסקי,9.0,3150000,95,4.0,3.0,2026,2,182172.15,664577.09,34.80956,32.073862,1.522,1451.9
גבעתיים,ארלוזרוב,ז'בוטינסקי,18.0,3060000,88,4.0,3.0,2025,12,182263.75,664529.96,34.810532,32.07344,1.522,1451.9
ירושלים,גבעת משואה,דולצ'ין,118.0,3130000,111,4.0,3.0,2025,12,215997.21,628540.28,35.167933,31.749484,-0.626,516.8
ירושלים,גבעת משואה,דולצ'ין,118.0,2850000,95,4.0,3.0,2024,12,215997.21,628540.28,35.167933,31.749484,-0.626,516.8
ירושלים,גבעת משואה,דולצ'ין,118.0,2650000,112,4.0,3.0,2022,3,215997.21,628540.28,35.167933,31.749484,-0.626,516.8
ירושלים,גבעת משואה,דולצ'ין,118.0,2330000,96,4.0,3.0,2022,2,215997.21,628540.28,35.167933,31.749484,-0.626,516.8
ירושלים,גבעת משואה,דולצ'ין,118.0,2020000,89,4.0,3.0,2020,8,215997.21,628540.28,35.167933,31.749484,-0.626,516.8
ירושלים,קטמון הישנה,"ביל""ו",11.0,1550000,29,1.0,0.0,2025,6,219926.72,630025.78,35.209406,31.762886,-0.626,516.8
ירושלים,קטמון הישנה,"ביל""ו",12.0,3800000,92,4.0,1.0,2023,7,219971.34,630046.74,35.209877,31.763075,-0.626,516.8
ירושלים,קטמון הישנה,"ביל""ו",12.0,2705000,63,3.0,1.0,2023,6,219971.34,630046.74,35.209877,31.763075,-0.626,516.8
בני ברק,רמת אהרון,הרב מלצר,21.0,1999000,120,4.0,3.0,2012,12,185011.61,665512.12,34.839599,32.082384,-1.577,139.7
בני ברק,רמת אהרון,הרב מלצר,21.0,1500000,99,5.0,3.0,2010,8,185011.61,665512.12,34.839599,32.082384,-1.577,139.7
בני ברק,רמת אהרון,הרב מלצר,21.0,1000000,80,4.0,3.0,2009,3,185011.61,665512.12,34.839599,32.082384,-1.577,139.7
בני ברק,רמת אהרון,הרב מלצר,21.0,1140000,85,4.0,3.0,2008,5,185011.61,665512.12,34.839599,32.082384,-1.577,139.7
בני ברק,רמת אהרון,הרב מלצר,21.0,626000,75,3.0,1.0,2007,6,185011.61,665512.12,34.839599,32.082384,-1.577,139.7
ראש העין,נווה אפק,כינור,14.0,3300000,187,5.0,3.0,2021,9,197493.82,666502.18,34.971788,32.091624,0.741,1061.7
ראש העין,נווה אפק,כינור,4.0,1775000,82,3.0,3.0,2025,3,197423.17,666616.22,34.971037,32.092651,0.741,1061.7
ראש העין,נווה אפק,כינור,58.0,3700000,138,5.5,3.0,2024,12,197742.42,666344.85,34.974425,32.09021,0.741,1061.7
ראש העין,נווה אפק,כינור,5.0,2676700,113,5.0,1.0,2024,11,197504.88,666555.72,34.971904,32.092107,0.741,1061.7
ראש העין,נווה אפק,כינור,15.0,1670000,82,3.0,3.0,2024,9,197550.76,666511.71,34.972391,32.091711,0.741,1061.7
עינת,,,,515000,67,2.0,3.0,2025,7,194342.66,665601.71,34.938431,32.083438,0.421,921.9
רחובות,חבצלת,הגליל,11.0,1010000,33,2.0,3.0,2025,2,182703.71,642472.62,34.81603,31.874543,0.697,1049.1
רחובות,חבצלת,הגליל,11.0,1748000,86,3.0,3.0,2024,11,182703.71,642472.62,34.81603,31.874543,0.697,1049.1
בני ברק,אהרונוביץ- סוקולוב,הרב קוטלר,13.0,1580000,68,3.0,3.0,2019,3,184495.19,665983.95,34.834112,32.086623,-1.577,139.7
בני ברק,אהרונוביץ- סוקולוב,הרב קוטלר,13.0,1500000,60,3.0,3.0,2014,5,184495.19,665983.95,34.834112,32.086623,-1.577,139.7
בני ברק,אהרונוביץ- סוקולוב,הרב קוטלר,13.0,1070000,51,3.0,3.0,2009,1,184495.19,665983.95,34.834112,32.086623,-1.577,139.7
בני ברק,אהרונוביץ- סוקולוב,הרב קוטלר,19.0,2020000,85,3.0,3.0,2025,7,184580.88,665974.12,34.83502,32.086537,-1.577,139.7
תל אביב-יפו,תל חיים,לה גווארדייה,89.0,1416000,70,3.0,3.0,2024,12,181510.3,662991.56,34.802613,32.059542,1.064,1197.2
תל אביב-יפו,תל חיים,לה גווארדייה,89.0,1810000,60,3.0,3.0,2018,12,181510.3,662991.56,34.802613,32.059542,1.064,1197.2
תל אביב-יפו,תל חיים,לה גווארדייה,89.0,1670000,60,3.0,3.0,2016,2,181510.3,662991.56,34.802613,32.059542,1.064,1197.2
תל אביב-יפו,תל חיים,לה גווארדייה,89.0,1340000,60,3.0,1.0,2015,2,181510.3,662991.56,34.802613,32.059542,1.064,1197.2
תל אביב-יפו,תל חיים,לה גווארדייה,89.0,1100000,60,3.0,3.0,2010,4,181510.3,662991.56,34.802613,32.059542,1.064,1197.2
ראשון לציון,ראשונים,נורדאו,85.0,1070000,114,4.0,3.0,2010,3,181985.0,651493.96,34.808086,31.955874,0.763,1102.0
ראשון לציון,ראשונים,נורדאו,85.0,1850000,192,7.0,3.0,2007,11,181985.0,651493.96,34.808086,31.955874,0.763,1102.0
ראשון לציון,ראשונים,נורדאו,31.0,1620000,53,3.0,4.0,2026,1,181912.12,652066.42,34.807293,31.961034,0.763,1102.0
ראשון לציון,"רמב""ם",נורדאו,14.0,1750000,79,3.0,3.0,2025,12,181849.37,652276.34,34.806621,31.962925,0.763,1102.0
תל אביב-יפו,יפו ג ונווה גולן,,,1540000,59,3.0,6.0,2019,8,176512.15,660515.09,34.749797,32.037031,1.064,1197.2
ראשון לציון,"רמב""ם",יוחנן הסנדלר,29.0,1059000,75,4.0,3.0,2014,11,182497.49,653007.41,34.813449,31.969539,0.763,1102.0
ראשון לציון,"רמב""ם",יוחנן הסנדלר,29.0,568000,80,4.0,3.0,2007,9,182497.49,653007.41,34.813449,31.969539,0.763,1102.0
ראשון לציון,"רמב""ם",יוחנן הסנדלר,9.0,1870000,87,3.5,1.0,2025,7,182503.6,652840.5,34.81352,31.968034,0.763,1102.0
ראשון לציון,"רמב""ם",יוחנן הסנדלר,21.0,2350000,79,4.0,3.0,2025,4,182508.23,652943.94,34.813565,31.968967,0.763,1102.0
ראשון לציון,"רמב""ם",יוחנן הסנדלר,21.0,2300000,79,4.0,3.0,2025,3,182508.23,652943.94,34.813565,31.968967,0.763,1102.0
ירושלים,בית וגן,,,2040000,100,4.0,3.0,2008,4,217487.43,630976.12,35.183656,31.771455,-0.626,516.8
חולון,קרית עבודה,ויצמן,39.0,700000,77,3.0,1.0,2023,12,178512.52,658516.25,34.771059,32.01908,0.421,921.9
חולון,קרית עבודה,ויצמן,39.0,516000,66,2.0,1.0,2007,7,178512.52,658516.25,34.771059,32.01908,0.421,921.9
חולון,קרית עבודה,ויצמן,55.0,1810000,53,2.0,3.0,2025,12,178484.51,658221.39,34.770775,32.01642,0.421,921.9
חולון,קרית עבודה,ויצמן,82.0,2090000,91,3.5,4.0,2025,3,178391.92,658011.95,34.769804,32.014528,0.421,921.9
חולון,קרית עבודה,ויצמן,55.0,1910000,57,2.0,3.0,2024,12,178484.51,658221.39,34.770775,32.01642,0.421,921.9
ירושלים,רמות,עוזרד,5.0,4750000,131,6.0,3.0,2026,1,219162.14,635100.29,35.201334,31.80865,-0.626,516.8
ירושלים,רמות,עוזרד,4.0,5000000,176,6.0,3.0,2025,2,219204.66,635193.54,35.201783,31.809491,-0.626,516.8
ירושלים,רמות,עוזרד,16.0,4330000,111,5.5,3.0,2024,9,219021.34,635040.64,35.199847,31.808112,-0.626,516.8
נתניה,רמת אפרים,"רד""ק",11.0,700000,48,2.5,3.0,2024,6,186996.27,691501.29,34.859738,32.316804,0.059,717.6
נתניה,רמת אפרים,"רד""ק",11.0,920000,36,2.0,3.0,2019,4,186996.27,691501.29,34.859738,32.316804,0.059,717.6
נתניה,רמת אפרים,"רד""ק",11.0,935000,44,2.0,3.0,2019,2,186996.27,691501.29,34.859738,32.316804,0.059,717.6
נתניה,רמת אפרים,"רד""ק",11.0,1000000,44,2.0,3.0,2017,12,186996.27,691501.29,34.859738,32.316804,0.059,717.6
נתניה,רמת אפרים,"רד""ק",11.0,794000,50,2.0,3.0,2016,8,186996.27,691501.29,34.859738,32.316804,0.059,717.6
ירושלים,עיר גנים א,קוסטה ריקה,27.0,1930000,46,2.0,5.0,2023,3,216477.72,629006.18,35.173003,31.753687,-0.626,516.8
ירושלים,עיר גנים א,קוסטה ריקה,27.0,1340000,58,3.0,1.0,2021,3,216477.72,629006.18,35.173003,31.753687,-0.626,516.8
ירושלים,עיר גנים א,קוסטה ריקה,27.0,1140000,46,2.0,5.0,2021,1,216477.72,629006.18,35.173003,31.753687,-0.626,516.8
ירושלים,עיר גנים א,קוסטה ריקה,27.0,1315000,61,3.0,1.0,2020,5,216477.72,629006.18,35.173003,31.753687,-0.626,516.8
ירושלים,עיר גנים א,קוסטה ריקה,27.0,949000,61,3.0,6.0,2014,11,216477.72,629006.18,35.173003,31.753687,-0.626,516.8
באר שבע,ו,שאול המלך,111.0,730000,71,3.0,1.0,2024,10,178513.27,574488.99,34.774567,31.261293,-0.188,627.8
באר שבע,ו,שאול המלך,111.0,650000,71,3.0,3.0,2024,1,178513.27,574488.99,34.774567,31.261293,-0.188,627.8
חיפה,נווה שאנן,הגליל,123.0,1420000,88,4.0,3.0,2024,6,202490.59,743493.34,35.023337,32.785972,0.366,881.8
חיפה,נווה שאנן,הגליל,123.0,1620000,88,4.0,3.0,2022,11,202490.59,743493.34,35.023337,32.785972,0.366,881.8
חיפה,נווה שאנן,הגליל,123.0,650000,80,3.0,3.0,2018,1,202490.59,743493.34,35.023337,32.785972,0.366,881.8
חיפה,נווה שאנן,הגליל,123.0,1120000,65,4.0,3.0,2013,6,202490.59,743493.34,35.023337,32.785972,0.366,881.8
חיפה,נווה שאנן,הגליל,123.0,1140000,87,4.0,1.0,2011,1,202490.59,743493.34,35.023337,32.785972,0.366,881.8
ראש העין,פסגות אפק,גרטרוד עליון,40.0,3630000,145,5.0,3.0,2025,9,197019.85,665483.69,34.966791,32.08243,0.741,1061.7
ראש העין,פסגות אפק,גרטרוד עליון,40.0,3310000,145,5.0,3.0,2025,5,197019.85,665483.69,34.966791,32.08243,0.741,1061.7
ראש העין,פסגות אפק,גרטרוד עליון,40.0,2280000,100,3.0,3.0,2025,1,197019.85,665483.69,34.966791,32.08243,0.741,1061.7
ראש העין,פסגות אפק,בן גוריון,31.0,2800000,134,4.0,3.0,2024,11,197019.85,665483.69,34.966791,32.08243,0.741,1061.7
ראש העין,פסגות אפק,גרטרוד עליון,42.0,2450000,123,4.0,3.0,2024,4,197019.85,665483.69,34.966791,32.08243,0.741,1061.7
ראש העין,פסגות אפק,זיקו גרציאני,21.0,2360000,174,6.0,3.0,2024,10,198522.42,666003.56,34.982695,32.087147,0.741,1061.7
ראש העין,פסגות אפק,זיקו גרציאני,5.0,5525000,289,6.0,3.0,2024,8,198449.17,666053.61,34.981918,32.087597,0.741,1061.7
בת ים,צפון-מערב,בלפור,1.0,3200000,48,2.0,1.0,2023,9,175974.82,659993.62,34.744132,32.032308,-0.115,605.6
בת ים,צפון-מערב,בלפור,1.0,2650000,56,3.0,3.0,2022,5,175974.82,659993.62,34.744132,32.032308,-0.115,605.6
בת ים,צפון-מערב,בלפור,1.0,1915000,54,3.0,3.0,2021,1,175974.82,659993.62,34.744132,32.032308,-0.115,605.6
בת ים,צפון-מערב,בלפור,1.0,2200000,72,3.0,3.0,2019,10,175974.82,659993.62,34.744132,32.032308,-0.115,605.6
בת ים,צפון-מערב,בלפור,1.0,615000,63,3.0,3.0,2018,10,175974.82,659993.62,34.744132,32.032308,-0.115,605.6
אשדוד,בקמה,,,2350000,73,3.0,6.0,2026,1,166988.58,635577.74,34.650326,31.81175,-0.188,654.2
אשדוד,בקמה,,,2050000,75,3.0,16.0,2026,1,166988.58,635577.74,34.650326,31.81175,-0.188,654.2
אשדוד,בקמה,,,4900000,163,5.0,3.0,2025,12,166988.58,635577.74,34.650326,31.81175,-0.188,654.2
אשדוד,בקמה,,,3650000,119,5.0,3.0,2025,12,166988.58,635577.74,34.650326,31.81175,-0.188,654.2
פתח תקווה,יוספטל,ברנר,32.0,775000,49,2.0,0.0,2019,10,190987.67,666498.0,34.902868,32.091441,0.492,944.5
פתח תקווה,יוספטל,ברנר,32.0,625000,58,3.0,0.0,2010,11,190987.67,666498.0,34.902868,32.091441,0.492,944.5
פתח תקווה,יוספטל,ברנר,32.0,357000,58,3.0,0.0,2007,6,190987.67,666498.0,34.902868,32.091441,0.492,944.5
פתח תקווה,יוספטל,ברנר,32.0,311000,65,3.0,3.0,2006,8,190987.67,666498.0,34.902868,32.091441,0.492,944.5
פתח תקווה,יוספטל,ברנר,32.0,345000,49,3.0,0.0,2005,11,190987.67,666498.0,34.902868,32.091441,0.492,944.5
לוד,גני אביב,,,1175000,65,3.0,1.0,2021,3,189030.68,652001.75,34.882595,31.960664,-0.502,490.2
לוד,גני אביב,,,1160000,62,3.0,5.0,2019,11,189030.68,652001.75,34.882595,31.960664,-0.502,490.2
לוד,גני אביב,,,1015000,63,3.0,4.0,2019,6,189030.68,652001.75,34.882595,31.960664,-0.502,490.2
לוד,גני אביב,,,1200000,95,4.0,8.0,2016,9,189030.68,652001.75,34.882595,31.960664,-0.502,490.2
לוד,גני אביב,,,850000,63,3.0,3.0,2016,1,189030.68,652001.75,34.882595,31.960664,-0.502,490.2
ירושלים,,,,770000,77,3.0,3.0,2008,2,214111.21,630938.18,35.148015,31.771102,-0.626,516.8
ירושלים,,,,685000,80,3.0,3.0,2007,4,214111.21,630938.18,35.148015,31.771102,-0.626,516.8
ירושלים,,,,1020000,120,5.0,3.0,2007,2,214111.21,630938.18,35.148015,31.771102,-0.626,516.8
ירושלים,,,,1090000,125,5.0,7.0,2006,4,214111.21,630938.18,35.148015,31.771102,-0.626,516.8
ירושלים,,,,544000,75,3.0,3.0,2003,4,214111.21,630938.18,35.148015,31.771102,-0.626,516.8
חיפה,נווה פז,יד לבנים,85.0,1175000,66,3.0,0.0,2025,10,202011.18,744473.67,35.018201,32.794804,0.366,881.8
חיפה,נווה פז,יד לבנים,87.0,1120000,68,3.0,3.0,2025,9,202011.18,744473.67,35.018201,32.794804,0.366,881.8
חיפה,נווה פז,יד לבנים,87.0,1250000,67,4.0,6.0,2025,8,202011.18,744473.67,35.018201,32.794804,0.366,881.8
חיפה,נווה פז,יד לבנים,87.0,1050000,68,3.0,3.0,2025,7,202011.18,744473.67,35.018201,32.794804,0.366,881.8
חיפה,נווה פז,יד לבנים,85.0,1300000,72,3.0,0.0,2025,5,202011.18,744473.67,35.018201,32.794804,0.366,881.8
מגדל העמק,,,,2796000,158,6.0,1.0,2024,2,222532.32,733013.45,35.237242,32.691601,-0.286,578.2
לוד,,,,480000,110,5.0,3.0,2005,1,187980.14,649984.19,34.871548,31.942441,-0.502,490.2
חיפה,קרית חיים מזרחית,הפלוגות,60.0,1200000,100,4.0,1.0,2021,3,207008.01,748486.24,35.071492,32.831053,0.366,881.8
חיפה,קרית חיים מזרחית,הפלוגות,60.0,620000,65,3.0,3.0,2011,5,207008.01,748486.24,35.071492,32.831053,0.366,881.8
חיפה,קרית חיים מזרחית,הפלוגות,60.0,750000,60,3.0,1.0,2011,1,207008.01,748486.24,35.071492,32.831053,0.366,881.8
חיפה,קרית חיים מזרחית,הפלוגות,60.0,610000,72,3.5,3.0,2009,6,207008.01,748486.24,35.071492,32.831053,0.366,881.8
חיפה,קרית חיים מזרחית,הפלוגות,60.0,533000,59,3.0,3.0,2006,2,207008.01,748486.24,35.071492,32.831053,0.366,881.8
יהוד-מונוסון,,ויצמן,39.0,1200000,47,2.0,3.0,2024,9,189989.02,659973.58,34.892489,32.032579,0.975,1188.4
יהוד-מונוסון,,ויצמן,39.0,1700000,47,2.0,3.0,2024,3,189989.02,659973.58,34.892489,32.032579,0.975,1188.4
יהוד-מונוסון,,ויצמן,39.0,1385000,65,3.0,1.0,2021,7,189989.02,659973.58,34.892489,32.032579,0.975,1188.4
יהוד-מונוסון,,ויצמן,39.0,1310000,65,3.0,1.0,2020,9,189989.02,659973.58,34.892489,32.032579,0.975,1188.4
רמת גן,מתחם נגבה,טרומן,13.0,2075000,122,5.0,3.0,2011,12,183508.65,663983.23,34.823737,32.06855,1.048,1230.5
רמת גן,מתחם נגבה,טרומן,1.0,1900000,65,3.0,3.0,2025,11,183361.9,664006.15,34.822182,32.068752,1.048,1230.5
רמת גן,מתחם נגבה,טרומן,38.0,2150000,78,3.0,1.0,2023,12,183811.19,663900.66,34.826944,32.067815,1.048,1230.5
רמת גן,מתחם נגבה,טרומן,19.0,849000,89,4.0,1.0,2023,3,183595.94,663968.28,34.824662,32.068418,1.048,1230.5
קרית אונו,קיראון,"צה""ל",83.0,2670000,120,4.0,3.0,2024,12,186954.4,661986.26,34.860296,32.050646,1.421,1380.2
קרית אונו,קיראון,"צה""ל",77.0,2200000,76,4.0,3.0,2022,3,186954.4,661986.26,34.860296,32.050646,1.421,1380.2
קרית אונו,קיראון,"צה""ל",81.0,1800000,76,4.0,1.0,2022,2,186954.4,661986.26,34.860296,32.050646,1.421,1380.2
קרית אונו,קיראון,"צה""ל",77.0,2160000,120,4.0,3.0,2021,11,186954.4,661986.26,34.860296,32.050646,1.421,1380.2
קרית אונו,קיראון,"צה""ל",85.0,1760000,97,4.0,4.0,2021,3,186954.4,661986.26,34.860296,32.050646,1.421,1380.2
בני ברק,קרית נדבורנא,חזון איש,71.0,1500000,83,4.0,3.0,2014,2,184485.45,665016.67,34.834044,32.0779,-1.577,139.7
בני ברק,קרית הישיבה,חזון איש,4.0,1950000,54,2.5,3.0,2026,1,184687.16,665831.26,34.836151,32.085252,-1.577,139.7
רחובות,סלע,,,1500000,42,2.0,3.0,2015,2,180482.47,643989.23,34.792495,31.888146,0.697,1049.1
ראשון לציון,נאות שיקמה,קלישר,1.0,2300000,126,5.0,3.0,2021,2,178511.91,653503.85,34.771265,31.973879,0.763,1102.0
ראשון לציון,נאות שיקמה,קלישר,1.0,1610000,72,3.0,1.0,2020,6,178511.91,653503.85,34.771265,31.973879,0.763,1102.0
ראשון לציון,נאות שיקמה,קלישר,1.0,2130000,99,4.0,3.0,2020,1,178511.91,653503.85,34.771265,31.973879,0.763,1102.0
ראשון לציון,נאות שיקמה,קלישר,1.0,1615000,72,3.0,1.0,2017,9,178511.91,653503.85,34.771265,31.973879,0.763,1102.0
ראשון לציון,נאות שיקמה,קלישר,1.0,2500000,108,5.0,0.0,2017,1,178511.91,653503.85,34.771265,31.973879,0.763,1102.0
קרית עקרון,,היהלום,1.0,1200000,150,5.0,3.0,2008,5,183490.88,640495.58,34.824422,31.856739,0.062,721.0
קרית עקרון,,היהלום,12.0,4000000,325,6.0,3.0,2024,5,183378.52,640491.87,34.823235,31.856702,0.062,721.0
פתח תקווה,קרול,פינסקר,89.0,872000,81,3.5,3.0,2009,6,189002.89,667011.52,34.881827,32.09602,0.492,944.5
פתח תקווה,קרול,פינסקר,89.0,630000,89,3.5,1.0,2008,1,189002.89,667011.52,34.881827,32.09602,0.492,944.5
פתח תקווה,קרול,פינסקר,89.0,612000,88,4.0,3.0,2007,5,189002.89,667011.52,34.881827,32.09602,0.492,944.5
פתח תקווה,קרול,פינסקר,89.0,666000,80,4.0,3.0,2006,11,189002.89,667011.52,34.881827,32.09602,0.492,944.5
פתח תקווה,קרול,פינסקר,89.0,620000,80,4.0,3.0,2004,12,189002.89,667011.52,34.881827,32.09602,0.492,944.5
באר שבע,ו,מבצע חירם,8.0,1480000,156,6.0,3.0,2019,1,179493.93,574487.55,34.784863,31.261314,-0.188,627.8
באר שבע,ו,מבצע חירם,34.0,1350000,355,5.0,1.0,2016,3,179229.84,574445.87,34.782092,31.260929,-0.188,627.8
פתח תקווה,כפר אברהם,שמואל חיים לנדוי,9.0,4300000,175,7.0,3.0,2022,7,190487.77,667016.61,34.897557,32.096105,0.492,944.5
פתח תקווה,כפר אברהם,שמואל חיים לנדוי,29.0,5500000,230,7.0,3.0,2025,4,190651.34,666807.78,34.899296,32.094226,0.492,944.5
פתח תקווה,כפר אברהם,שמואל חיים לנדוי,1.0,4100000,141,7.0,3.0,2024,4,190504.17,667072.12,34.897729,32.096606,0.492,944.5
פתח תקווה,כפר אברהם,שמואל חיים לנדוי,29.0,5025000,241,5.0,1.0,2023,4,190651.34,666807.78,34.899296,32.094226,0.492,944.5
פתח תקווה,מרכז העיר,שפירא הרמן צבי,58.0,700000,74,3.0,3.0,2021,8,189516.11,665013.06,34.887326,32.078012,0.492,944.5
פתח תקווה,מרכז העיר,שפירא הרמן צבי,58.0,675000,74,3.0,3.0,2020,5,189516.11,665013.06,34.887326,32.078012,0.492,944.5
פתח תקווה,מרכז העיר,שפירא הרמן צבי,58.0,1330000,79,3.0,3.0,2017,2,189516.11,665013.06,34.887326,32.078012,0.492,944.5
פתח תקווה,מרכז העיר,שפירא הרמן צבי,58.0,1230000,67,3.0,3.0,2016,6,189516.11,665013.06,34.887326,32.078012,0.492,944.5
פתח תקווה,מרכז העיר,שפירא הרמן צבי,58.0,1224000,74,4.0,1.0,2013,12,189516.11,665013.06,34.887326,32.078012,0.492,944.5
לוד,מרכז העיר,אנה פרנק,2.0,463000,130,5.0,8.0,2020,9,189963.15,651006.12,34.892489,31.95171,-0.502,490.2
לוד,מרכז העיר,אנה פרנק,2.0,1300000,100,4.0,1.0,2019,11,189963.15,651006.12,34.892489,31.95171,-0.502,490.2
באר שבע,ו,מבצע ברוש,1.0,860000,65,3.0,6.0,2025,8,179493.53,575010.34,34.784838,31.266029,-0.188,627.8
באר שבע,ו,מבצע ברוש,1.0,885000,103,3.0,3.0,2025,2,179493.53,575010.34,34.784838,31.266029,-0.188,627.8
באר שבע,ו,מבצע ברוש,1.0,935000,93,3.0,7.0,2023,2,179493.53,575010.34,34.784838,31.266029,-0.188,627.8
באר שבע,ו,מבצע ברוש,1.0,870000,100,3.0,8.0,2022,8,179493.53,575010.34,34.784838,31.266029,-0.188,627.8
ראשון לציון,שיכוני המזרח,דבורה הנביאה,1.0,110000,100,2.5,3.0,2016,8,183008.04,651019.54,34.818925,31.951629,0.763,1102.0
פתח תקווה,כפר גנים ג,,,3650000,138,5.0,3.0,2025,12,187008.01,664496.0,34.860779,32.07328,0.492,944.5
פתח תקווה,כפר גנים ג,,,4300000,148,6.0,3.0,2025,6,187008.01,664496.0,34.860779,32.07328,0.492,944.5
פתח תקווה,כפר גנים ג,,,4700000,154,5.0,3.0,2024,2,187008.01,664496.0,34.860779,32.07328,0.492,944.5
פתח תקווה,כפר גנים ג,,,3409000,130,5.0,3.0,2023,2,187008.01,664496.0,34.860779,32.07328,0.492,944.5
פתח תקווה,כפר גנים ג,,,3570000,131,5.0,3.0,2023,2,187008.01,664496.0,34.860779,32.07328,0.492,944.5
ראשון לציון,,אסתר ארדיטי,2.0,4692000,172,6.0,13.0,2025,12,183997.29,652467.94,34.829335,31.964722,0.763,1102.0
ראשון לציון,,אסתר ארדיטי,2.0,5260000,175,6.0,13.0,2024,12,183997.29,652467.94,34.829335,31.964722,0.763,1102.0
חיפה,רוממה,משמר הגבול,4.0,1485000,106,5.0,4.0,2023,5,199996.76,743981.13,34.996706,32.790329,0.366,881.8
חיפה,רוממה,משמר הגבול,4.0,1300000,102,5.0,5.0,2021,10,199996.76,743981.13,34.996706,32.790329,0.366,881.8
חיפה,רוממה,משמר הגבול,4.0,1150000,96,5.0,5.0,2021,7,199996.76,743981.13,34.996706,32.790329,0.366,881.8
חיפה,רוממה,משמר הגבול,4.0,869000,74,4.0,3.0,2011,2,199996.76,743981.13,34.996706,32.790329,0.366,881.8
חיפה,רוממה,משמר הגבול,4.0,860000,74,4.0,3.0,2010,4,199996.76,743981.13,34.996706,32.790329,0.366,881.8
באר שבע,רמות הרכס,נחום סנה,2.0,1350000,120,5.0,3.0,2025,4,181009.81,576997.62,34.800682,31.284003,-0.188,627.8
באר שבע,רמות הרכס,נחום סנה,2.0,1400000,109,4.0,3.0,2025,3,181009.81,576997.62,34.800682,31.284003,-0.188,627.8
באר שבע,רמות הרכס,נחום סנה,2.0,1520000,124,4.0,5.0,2024,3,181009.81,576997.62,34.800682,31.284003,-0.188,627.8
באר שבע,רמות הרכס,נחום סנה,2.0,1470000,123,4.0,4.0,2024,2,181009.81,576997.62,34.800682,31.284003,-0.188,627.8
בני ברק,קרית הרצוג,אברבנאל,52.0,375000,65,3.0,4.0,2024,5,185002.77,667002.76,34.839452,32.095826,-1.577,139.7
בני ברק,קרית הרצוג,אברבנאל,52.0,3260000,65,3.0,4.0,2022,12,185002.77,667002.76,34.839452,32.095826,-1.577,139.7
בני ברק,קרית הרצוג,אברבנאל,52.0,1450000,62,3.0,3.0,2022,4,185002.77,667002.76,34.839452,32.095826,-1.577,139.7
בני ברק,קרית הרצוג,אברבנאל,52.0,2000000,65,3.0,4.0,2022,3,185002.77,667002.76,34.839452,32.095826,-1.577,139.7
בני ברק,קרית הרצוג,אברבנאל,52.0,3350000,65,3.0,1.0,2021,7,185002.77,667002.76,34.839452,32.095826,-1.577,139.7
פתח תקווה,כפר גנים ב,מיכל לייב כץ,86.0,2560000,100,5.0,3.0,2025,10,189514.15,664507.29,34.887321,32.073451,0.492,944.5
פתח תקווה,כפר גנים ב,מיכל לייב כץ,86.0,1700000,100,5.0,1.0,2018,11,189514.15,664507.29,34.887321,32.073451,0.492,944.5
פתח תקווה,כפר גנים ב,מיכל לייב כץ,86.0,1700000,100,5.0,3.0,2017,6,189514.15,664507.29,34.887321,32.073451,0.492,944.5
פתח תקווה,כפר גנים ב,מיכל לייב כץ,86.0,1670000,101,5.0,3.0,2016,6,189514.15,664507.29,34.887321,32.073451,0.492,944.5
פתח תקווה,כפר גנים ב,מיכל לייב כץ,86.0,1768000,123,6.0,3.0,2013,10,189514.15,664507.29,34.887321,32.073451,0.492,944.5
אשדוד,"רובע ט""ו",לואי פסטר,3.0,2000000,200,6.0,3.0,2009,7,165007.08,631011.27,34.629655,31.770477,-0.188,654.2
אשדוד,"רובע ט""ו",לואי פסטר,4.0,3550000,223,6.0,3.0,2019,8,164975.33,631027.62,34.629319,31.770623,-0.188,654.2
אשדוד,"רובע ט""ו",לואי פסטר,8.0,1703000,150,6.0,3.0,2007,8,164958.88,630998.66,34.629147,31.770361,-0.188,654.2
ראשון לציון,השומר,האבות,6.0,771000,93,4.0,3.0,2022,4,182503.02,652024.68,34.813545,31.960677,0.763,1102.0
ראשון לציון,השומר,האבות,6.0,3350000,119,5.0,3.0,2021,7,182503.02,652024.68,34.813545,31.960677,0.763,1102.0
ראשון לציון,השומר,האבות,6.0,3400000,119,5.0,3.0,2021,5,182503.02,652024.68,34.813545,31.960677,0.763,1102.0
ראשון לציון,השומר,האבות,6.0,3405000,119,5.0,3.0,2021,5,182503.02,652024.68,34.813545,31.960677,0.763,1102.0
פרדסייה,,השושן,1.0,3100000,181,6.0,1.0,2021,6,192018.43,690501.75,34.913098,32.307925,0.421,921.9
עומר,,ארז,82.0,1296000,264,7.0,3.0,2025,11,184984.38,574426.76,34.84251,31.260941,0.421,921.9
נתניה,מרכז העיר,אלון צבי,12.0,1630000,53,2.0,1.0,2025,1,186992.67,692519.1,34.859665,32.325982,0.059,717.6
נתניה,מרכז העיר,אלון צבי,12.0,1550000,53,3.0,3.0,2025,1,186992.67,692519.1,34.859665,32.325982,0.059,717.6
נתניה,מרכז העיר,אלון צבי,12.0,510000,53,2.0,3.0,2020,5,186992.67,692519.1,34.859665,32.325982,0.059,717.6
נתניה,מרכז העיר,אלון צבי,12.0,660000,53,2.0,3.0,2011,6,186992.67,692519.1,34.859665,32.325982,0.059,717.6
נתניה,מרכז העיר,אלון צבי,12.0,657000,62,3.0,3.0,2011,5,186992.67,692519.1,34.859665,32.325982,0.059,717.6
פתח תקווה,קרול,אש שלום,1.0,1150000,52,2.0,3.0,2021,6,188483.78,666508.86,34.876344,32.091473,0.492,944.5
פתח תקווה,קרול,אש שלום,1.0,980000,52,2.0,3.0,2015,4,188483.78,666508.86,34.876344,32.091473,0.492,944.5
פתח תקווה,קרול,אש שלום,1.0,720000,42,2.0,3.0,2012,6,188483.78,666508.86,34.876344,32.091473,0.492,944.5
פתח תקווה,קרול,אש שלום,1.0,419000,43,2.0,3.0,2007,3,188483.78,666508.86,34.876344,32.091473,0.492,944.5
קרית ים,בנה ביתך,סביון,20.0,2100000,180,5.0,1.0,2013,8,207496.64,749999.91,35.076691,32.844707,-0.334,541.1
קרית ים,בנה ביתך,סביון,20.0,993000,409,5.0,3.0,2006,11,207496.64,749999.91,35.076691,32.844707,-0.334,541.1
קרית ים,בנה ביתך,סביון,31.0,4000000,180,6.0,3.0,2025,12,207459.46,749841.03,35.076296,32.843274,-0.334,541.1
כפר יונה,הצבאית,גזית,10.0,2550000,247,6.0,3.0,2019,7,194012.7,690522.92,34.934273,32.308163,0.817,1135.0
אור יהודה,ההסתדרות,דגניה,10.0,1700000,77,3.0,1.0,2024,11,186966.76,658985.96,34.860528,32.02359,-0.135,622.8
אור יהודה,ההסתדרות,דגניה,6.0,185000,40,3.0,3.0,2022,1,186966.76,658985.96,34.860528,32.02359,-0.135,622.8
אור יהודה,ההסתדרות,דגניה,10.0,1120000,40,3.0,3.0,2020,6,186966.76,658985.96,34.860528,32.02359,-0.135,622.8
אור יהודה,ההסתדרות,דגניה,6.0,1142000,40,3.0,3.0,2019,9,186966.76,658985.96,34.860528,32.02359,-0.135,622.8
אור יהודה,ההסתדרות,דגניה,4.0,1160000,40,3.0,1.0,2018,10,186966.76,658985.96,34.860528,32.02359,-0.135,622.8
קרית ביאליק,מרכז העיר,הדקלים,10.0,574000,102,5.0,3.0,2006,1,208490.8,748507.89,35.087328,32.831264,0.477,957.3
קרית ביאליק,מרכז העיר,הדקלים,9.0,1200000,112,4.0,3.0,2025,11,208482.62,748562.02,35.08724,32.831752,0.477,957.3
קרית ביאליק,מרכז העיר,הדקלים,17.0,1350000,87,4.0,1.0,2025,10,208520.92,748652.92,35.087648,32.832572,0.477,957.3
גבעתיים,ארלוזרוב,גולומב,40.0,3970000,127,4.0,3.0,2023,7,182500.33,664024.54,34.813057,32.06889,1.522,1451.9
גבעתיים,ארלוזרוב,גולומב,40.0,2765000,69,4.0,3.0,2023,6,182500.33,664024.54,34.813057,32.06889,1.522,1451.9
גבעתיים,ארלוזרוב,גולומב,40.0,2320000,80,3.5,3.0,2019,10,182500.33,664024.54,34.813057,32.06889,1.522,1451.9
גבעתיים,ארלוזרוב,גולומב,40.0,3450000,156,6.0,3.0,2019,7,182500.33,664024.54,34.813057,32.06889,1.522,1451.9
גבעתיים,ארלוזרוב,גולומב,40.0,1865000,89,5.0,3.0,2008,11,182500.33,664024.54,34.813057,32.06889,1.522,1451.9
מגדל העמק,פנחס ספיר,הניצנים,24.0,1830000,111,4.0,3.0,2025,1,222492.97,731996.81,35.236819,32.682434,-0.286,578.2
מגדל העמק,פנחס ספיר,הניצנים,6.0,740000,92,4.0,6.0,2025,12,222294.82,732221.22,35.234707,32.684458,-0.286,578.2
מגדל העמק,פנחס ספיר,הניצנים,9.0,660000,65,3.0,4.0,2025,8,222213.94,732373.79,35.233845,32.685834,-0.286,578.2
מגדל העמק,פנחס ספיר,הניצנים,13.0,1097000,122,5.0,0.0,2025,7,222283.82,732330.56,35.23459,32.685444,-0.286,578.2
מגדל העמק,פנחס ספיר,הניצנים,13.0,1050000,122,5.0,0.0,2025,6,222283.82,732330.56,35.23459,32.685444,-0.286,578.2
ראשון לציון,כצנלסון,ברון דבורה,1.0,500000,88,4.0,3.0,2012,2,180972.7,652489.63,34.797339,31.964819,0.763,1102.0
ראשון לציון,כצנלסון,ברון דבורה,1.0,1240000,85,4.0,3.0,2010,10,180972.7,652489.63,34.797339,31.964819,0.763,1102.0
ראשון לציון,כצנלסון,ברון דבורה,1.0,875000,82,4.0,3.0,2008,5,180972.7,652489.63,34.797339,31.964819,0.763,1102.0
ראשון לציון,כצנלסון,ברון דבורה,1.0,547000,90,3.0,5.0,2005,3,180972.7,652489.63,34.797339,31.964819,0.763,1102.0
כפר יונה,בנה ביתך,נחל זוויתן,8.0,1029000,140,5.0,3.0,2007,2,193490.35,690982.69,34.928714,32.312297,0.817,1135.0
כפר יונה,בנה ביתך,נחל זוויתן,8.0,854000,150,6.0,3.0,2001,5,193490.35,690982.69,34.928714,32.312297,0.817,1135.0
קרית אונו,קיראון,קורצ'אק,29.0,3330000,117,4.0,5.0,2024,10,187481.11,661986.04,34.865873,32.050659,1.421,1380.2
קרית אונו,קיראון,קורצ'אק,29.0,2600000,111,4.0,4.0,2024,8,187481.11,661986.04,34.865873,32.050659,1.421,1380.2
קרית אונו,קיראון,קורצ'אק,29.0,2875000,118,4.0,5.0,2023,5,187481.11,661986.04,34.865873,32.050659,1.421,1380.2
קרית אונו,קיראון,קורצ'אק,29.0,2290000,118,4.0,5.0,2019,7,187481.11,661986.04,34.865873,32.050659,1.421,1380.2
רחובות,וייסבורג\ שקולניק,ההגנה,5.0,1600000,98,4.0,3.0,2017,1,182988.16,644500.43,34.81896,31.892839,0.697,1049.1
רחובות,וייסבורג\ שקולניק,ההגנה,5.0,1470000,110,5.0,3.0,2013,4,182988.16,644500.43,34.81896,31.892839,0.697,1049.1
רחובות,וייסבורג\ שקולניק,ההגנה,5.0,1950000,137,5.0,3.0,2012,11,182988.16,644500.43,34.81896,31.892839,0.697,1049.1
רחובות,וייסבורג\ שקולניק,ההגנה,5.0,1170000,94,4.0,3.0,2012,6,182988.16,644500.43,34.81896,31.892839,0.697,1049.1
רחובות,וייסבורג\ שקולניק,ההגנה,5.0,1600000,114,5.0,3.0,2011,5,182988.16,644500.43,34.81896,31.892839,0.697,1049.1
רמת גן,רמת שקמה,עזריאל,14.0,1950000,88,4.0,3.0,2021,6,182997.96,661991.43,34.818404,32.050572,1.048,1230.5
רמת גן,רמת שקמה,עזריאל,14.0,1770000,74,4.0,3.0,2019,3,182997.96,661991.43,34.818404,32.050572,1.048,1230.5
רמת גן,רמת שקמה,עזריאל,14.0,1660000,79,3.5,3.0,2018,1,182997.96,661991.43,34.818404,32.050572,1.048,1230.5
רמת גן,רמת שקמה,עזריאל,14.0,1800000,88,4.0,5.0,2017,4,182997.96,661991.43,34.818404,32.050572,1.048,1230.5
רמת גן,רמת שקמה,עזריאל,14.0,2000000,113,5.0,5.0,2017,2,182997.96,661991.43,34.818404,32.050572,1.048,1230.5
רמת ישי,,,,1894000,170,5.0,1.0,2013,4,215997.73,734512.06,35.167555,32.705113,0.421,921.9
ראש העין,,,,1672000,139,5.0,3.0,2018,4,196925.2,667507.76,34.965741,32.100681,0.741,1061.7
ראש העין,,,,1608000,136,5.0,3.0,2018,4,196925.2,667507.76,34.965741,32.100681,0.741,1061.7
ראש העין,,,,1679000,139,5.0,3.0,2018,4,196925.2,667507.76,34.965741,32.100681,0.741,1061.7
ראש העין,,,,1545000,136,5.0,3.0,2018,4,196925.2,667507.76,34.965741,32.100681,0.741,1061.7
תל אביב-יפו,ניר אביב,רוטנשטרייך,20.0,1640000,44,2.0,3.0,2023,5,182473.52,661499.41,34.81287,32.046118,1.064,1197.2
תל אביב-יפו,ניר אביב,רוטנשטרייך,22.0,1000000,46,2.0,4.0,2022,3,182473.52,661499.41,34.81287,32.046118,1.064,1197.2
תל אביב-יפו,ניר אביב,רוטנשטרייך,22.0,950000,46,2.0,3.0,2019,5,182473.52,661499.41,34.81287,32.046118,1.064,1197.2
תל אביב-יפו,ניר אביב,רוטנשטרייך,20.0,935000,36,2.0,3.0,2016,6,182473.52,661499.41,34.81287,32.046118,1.064,1197.2
תל אביב-יפו,ניר אביב,רוטנשטרייך,22.0,620000,35,2.0,3.0,2013,2,182473.52,661499.41,34.81287,32.046118,1.064,1197.2
ירושלים,הולילנד,,,6793000,160,6.0,9.0,2026,2,217985.2,629496.74,35.188913,31.758114,-0.626,516.8
ירושלים,הולילנד,,,3396000,81,3.0,5.0,2025,12,217985.2,629496.74,35.188913,31.758114,-0.626,516.8
ירושלים,הולילנד,,,3890000,105,4.0,3.0,2025,12,217985.2,629496.74,35.188913,31.758114,-0.626,516.8
קרית אתא,קרית בנימין,יצחק בן צבי,35.0,1100000,170,8.0,1.0,2009,11,208983.33,744994.51,35.092628,32.799589,0.084,723.6
קרית אתא,קרית בנימין,יצחק בן צבי,61.0,525000,79,4.0,3.0,2025,12,208994.63,744609.67,35.092753,32.796119,0.084,723.6
קרית אתא,קרית בנימין,יצחק בן צבי,11.0,750000,39,3.0,3.0,2025,8,208954.93,745326.03,35.092321,32.802578,0.084,723.6
קרית אתא,קרית בנימין,יצחק בן צבי,37.0,1317000,85,3.0,1.0,2025,8,208988.64,744970.11,35.092685,32.799369,0.084,723.6
קרית אתא,קרית בנימין,יצחק בן צבי,51.0,670000,60,3.0,3.0,2025,8,208989.93,744772.81,35.092701,32.79759,0.084,723.6
בני ברק,הר שלום,רבי עקיבא,66.0,1670000,55,2.0,3.0,2025,3,184007.14,665993.51,34.828942,32.086694,-1.577,139.7
בני ברק,הר שלום,רבי עקיבא,66.0,1580000,52,2.0,3.0,2023,12,184007.14,665993.51,34.828942,32.086694,-1.577,139.7
בני ברק,הר שלום,רבי עקיבא,66.0,1310000,55,2.0,3.0,2020,8,184007.14,665993.51,34.828942,32.086694,-1.577,139.7
בני ברק,הר שלום,רבי עקיבא,66.0,1450000,44,2.0,3.0,2018,12,184007.14,665993.51,34.828942,32.086694,-1.577,139.7
תל אביב-יפו,כוכב הצפון,מאיר יערי,13.0,3185000,75,3.0,3.0,2015,11,179999.07,667482.57,34.786426,32.099989,1.064,1197.2
תל אביב-יפו,כוכב הצפון,מאיר יערי,13.0,3625000,100,4.0,3.0,2015,10,179999.07,667482.57,34.786426,32.099989,1.064,1197.2
תל אביב-יפו,כוכב הצפון,מאיר יערי,13.0,3510000,100,4.0,3.0,2015,6,179999.07,667482.57,34.786426,32.099989,1.064,1197.2
תל אביב-יפו,כוכב הצפון,מאיר יערי,13.0,8838000,150,6.0,3.0,2015,1,179999.07,667482.57,34.786426,32.099989,1.064,1197.2
תל אביב-יפו,כוכב הצפון,מאיר יערי,13.0,3264000,100,4.0,3.0,2014,4,179999.07,667482.57,34.786426,32.099989,1.064,1197.2
באר שבע,ב,בצלאל,9.0,299000,50,2.0,3.0,2012,10,180010.65,573499.0,34.790327,31.252416,-0.188,627.8
באר שבע,ב,בצלאל,9.0,280000,34,2.5,3.0,2012,1,180010.65,573499.0,34.790327,31.252416,-0.188,627.8
באר שבע,ב,בצלאל,28.0,940000,85,4.0,1.0,2025,12,179967.25,573712.28,34.789863,31.254338,-0.188,627.8
באר שבע,ב,בצלאל,17.0,1200000,108,5.0,3.0,2025,9,179950.84,573501.78,34.789699,31.252439,-0.188,627.8
באר שבע,ב,בצלאל,26.0,895000,48,2.0,3.0,2025,8,179955.04,573733.5,34.789734,31.254529,-0.188,627.8
חיפה,נווה שאנן,טרומפלדור,24.0,1727200,69,3.0,1.0,2023,2,202005.3,743475.11,35.018157,32.7858,0.366,881.8
חיפה,נווה שאנן,טרומפלדור,24.0,1100000,76,3.0,1.0,2018,2,202005.3,743475.11,35.018157,32.7858,0.366,881.8
חיפה,נווה שאנן,טרומפלדור,24.0,750000,70,4.0,3.0,2009,5,202005.3,743475.11,35.018157,32.7858,0.366,881.8
חיפה,נווה שאנן,טרומפלדור,24.0,640000,73,3.5,0.0,2006,7,202005.3,743475.11,35.018157,32.7858,0.366,881.8
חיפה,נווה שאנן,טרומפלדור,24.0,570000,75,3.5,3.0,2006,2,202005.3,743475.11,35.018157,32.7858,0.366,881.8
בני ברק,שיכון ה,ראובן אהרונוביץ,15.0,1800000,80,4.0,3.0,2022,12,185020.55,666510.56,34.839658,32.091388,-1.577,139.7
בני ברק,שיכון ה,ראובן אהרונוביץ,15.0,1670000,100,4.0,3.0,2016,2,185020.55,666510.56,34.839658,32.091388,-1.577,139.7
בני ברק,שיכון ה,ראובן אהרונוביץ,15.0,1349000,90,4.0,3.0,2013,4,185020.55,666510.56,34.839658,32.091388,-1.577,139.7
בני ברק,שיכון ה,ראובן אהרונוביץ,15.0,999000,100,4.0,3.0,2012,12,185020.55,666510.56,34.839658,32.091388,-1.577,139.7
בני ברק,שיכון ה,ראובן אהרונוביץ,15.0,1450000,100,4.0,1.0,2012,3,185020.55,666510.56,34.839658,32.091388,-1.577,139.7
גבעת זאב,קרית יערים,ארבעת המינים,2.0,2300000,120,4.0,3.0,2017,6,216518.1,641010.67,35.173393,31.861948,-0.185,652.2
גבעת זאב,קרית יערים,ארבעת המינים,1.0,3280000,129,5.0,1.0,2026,1,216489.43,641040.5,35.17309,31.862217,-0.185,652.2
גבעת זאב,קרית יערים,ארבעת המינים,1.0,2725000,120,6.0,3.0,2025,6,216489.43,641040.5,35.17309,31.862217,-0.185,652.2
גבעת זאב,קרית יערים,ארבעת המינים,1.0,2175000,109,4.0,1.0,2022,6,216489.43,641040.5,35.17309,31.862217,-0.185,652.2
גבעת זאב,קרית יערים,ארבעת המינים,1.0,2020000,129,4.0,3.0,2022,5,216489.43,641040.5,35.17309,31.862217,-0.185,652.2
תל אביב-יפו,יפו ד (גבעת התמרים,חיננית,5.0,2200000,78,3.0,3.0,2025,1,177005.51,659992.94,34.755043,32.032341,1.064,1197.2
תל אביב-יפו,יפו ד (גבעת התמרים,חיננית,5.0,268000,78,3.0,3.0,2024,9,177005.51,659992.94,34.755043,32.032341,1.064,1197.2
תל אביב-יפו,יפו ד (גבעת התמרים,חיננית,5.0,1850000,73,3.0,1.0,2022,7,177005.51,659992.94,34.755043,32.032341,1.064,1197.2
תל אביב-יפו,יפו ד (גבעת התמרים,חיננית,5.0,1340000,75,3.0,1.0,2018,12,177005.51,659992.94,34.755043,32.032341,1.064,1197.2
באר שבע,נווה זאב,נחום גוטמן,14.0,890000,82,3.0,3.0,2024,12,178978.06,571984.23,34.779548,31.238719,-0.188,627.8
באר שבע,נווה זאב,נחום גוטמן,14.0,855000,82,3.0,1.0,2024,12,178978.06,571984.23,34.779548,31.238719,-0.188,627.8
באר שבע,נווה זאב,נחום גוטמן,14.0,1230000,67,3.0,0.0,2024,11,178978.06,571984.23,34.779548,31.238719,-0.188,627.8
באר שבע,נווה זאב,נחום גוטמן,16.0,935000,96,3.5,1.0,2022,7,178978.06,571984.23,34.779548,31.238719,-0.188,627.8
באר שבע,נווה זאב,נחום גוטמן,16.0,1175000,82,3.0,0.0,2022,6,178978.06,571984.23,34.779548,31.238719,-0.188,627.8
חבצלת השרון,,,,2308000,119,4.0,3.0,2026,3,187047.79,695489.72,34.860149,32.352771,0.421,921.9
ירושלים,פסגת זאב,משה רחמילביץ,187.0,1650000,80,3.0,1.0,2021,2,223998.51,636012.54,35.252414,31.816868,-0.626,516.8
ירושלים,פסגת זאב,משה רחמילביץ,104.0,1980000,78,3.0,1.0,2026,2,224109.25,636723.92,35.253587,31.823283,-0.626,516.8
ירושלים,פסגת זאב,משה רחמילביץ,144.0,2323000,95,5.0,3.0,2026,2,224157.84,636260.88,35.254098,31.819107,-0.626,516.8
ירושלים,פסגת זאב,משה רחמילביץ,158.0,2150000,90,4.0,3.0,2026,1,223873.16,636217.62,35.251091,31.818718,-0.626,516.8
ירושלים,פסגת זאב,משה רחמילביץ,152.0,2000000,69,3.0,1.0,2025,12,224030.58,636285.33,35.252754,31.819328,-0.626,516.8
ירושלים,בית חנינא,,,850000,85,3.0,1.0,2023,6,221484.79,639451.84,35.225872,31.847892,-0.626,516.8
תל אביב-יפו,לב העיר,ביאליק,21.0,6000000,244,5.0,1.0,2008,1,178498.27,664493.5,34.770654,32.072981,1.064,1197.2
תל אביב-יפו,לב העיר,ביאליק,20.0,9200000,154,5.0,5.0,2024,12,178521.26,664459.14,34.770899,32.072672,1.064,1197.2
תל אביב-יפו,לב העיר,ביאליק,4.0,5850000,97,3.0,1.0,2024,12,178466.22,664296.35,34.770323,32.071202,1.064,1197.2
תל אביב-יפו,לב העיר,ביאליק,20.0,4550000,67,3.0,1.0,2024,10,178521.26,664459.14,34.770899,32.072672,1.064,1197.2
תל אביב-יפו,לב העיר,ביאליק,25.0,2500000,51,3.0,3.0,2024,1,178509.05,664545.69,34.770766,32.073452,1.064,1197.2
אשדוד,רובע ב,המעפילים,28.0,1500000,50,2.0,3.0,2025,4,166978.61,634997.28,34.650252,31.806515,-0.188,654.2
אשדוד,רובע ב,המעפילים,28.0,950000,39,2.0,3.0,2022,5,166978.61,634997.28,34.650252,31.806515,-0.188,654.2
אשדוד,רובע ב,המעפילים,28.0,966000,39,2.0,3.0,2022,5,166978.61,634997.28,34.650252,31.806515,-0.188,654.2
אשדוד,רובע ב,המעפילים,28.0,550000,45,2.0,3.0,2021,12,166978.61,634997.28,34.650252,31.806515,-0.188,654.2
אשדוד,רובע ב,המעפילים,28.0,1000000,50,2.0,3.0,2021,11,166978.61,634997.28,34.650252,31.806515,-0.188,654.2
תל אביב-יפו,רביבים,,,1132000,85,4.0,3.0,2005,3,183992.43,669520.16,34.828656,32.118496,1.064,1197.2
תל אביב-יפו,רביבים,,,1697000,150,6.0,4.0,2003,5,183992.43,669520.16,34.828656,32.118496,1.064,1197.2
קרית מוצקין,לב העיר,החשמונאים,35.0,1300000,78,3.0,3.0,2025,12,207500.02,749470.46,35.076734,32.839933,0.419,922.3
קרית מוצקין,לב העיר,החשמונאים,35.0,1330000,85,3.0,3.0,2025,5,207500.02,749470.46,35.076734,32.839933,0.419,922.3
קרית מוצקין,לב העיר,החשמונאים,35.0,717000,81,4.0,3.0,2025,2,207500.02,749470.46,35.076734,32.839933,0.419,922.3
קרית מוצקין,לב העיר,החשמונאים,35.0,1250000,95,3.0,3.0,2025,1,207500.02,749470.46,35.076734,32.839933,0.419,922.3
קרית מוצקין,לב העיר,החשמונאים,35.0,1290000,86,3.5,3.0,2025,1,207500.02,749470.46,35.076734,32.839933,0.419,922.3
ניר צבי,,,,600000,93,3.0,1.0,2023,2,187502.57,650085.03,34.866494,31.943337,0.421,921.9
קרית אונו,פסגת אונו,,,3899000,120,5.0,5.0,2017,6,187516.66,663536.18,34.866198,32.064639,1.421,1380.2
קרית אונו,פסגת אונו,,,2765000,100,4.0,1.0,2015,5,187516.66,663536.18,34.866198,32.064639,1.421,1380.2
קרית אונו,פסגת אונו,,,1970000,120,4.0,3.0,2012,4,187516.66,663536.18,34.866198,32.064639,1.421,1380.2
קרית אונו,פסגת אונו,,,2200000,170,5.0,5.0,2009,7,187516.66,663536.18,34.866198,32.064639,1.421,1380.2
קרית אונו,פסגת אונו,,,1774000,120,4.0,1.0,2008,6,187516.66,663536.18,34.866198,32.064639,1.421,1380.2
אשדוד,רובע ו,יהודה המכבי,5.0,2340000,91,4.0,3.0,2025,3,167514.17,633993.68,34.655961,31.797489,-0.188,654.2
אשדוד,רובע ו,יהודה המכבי,5.0,2400000,110,5.0,3.0,2024,9,167514.17,633993.68,34.655961,31.797489,-0.188,654.2
אשדוד,רובע ו,יהודה המכבי,5.0,1750000,91,3.0,3.0,2023,8,167514.17,633993.68,34.655961,31.797489,-0.188,654.2
אשדוד,רובע ו,יהודה המכבי,5.0,2025000,91,4.0,4.0,2023,2,167514.17,633993.68,34.655961,31.797489,-0.188,654.2
רמת גן,נחלת גנים,"רש""י",15.0,1870000,56,2.5,1.0,2024,5,182988.05,666505.88,34.818128,32.091282,1.048,1230.5
רמת גן,נחלת גנים,"רש""י",15.0,1790000,29,1.0,4.0,2022,4,182988.05,666505.88,34.818128,32.091282,1.048,1230.5
רמת גן,נחלת גנים,"רש""י",15.0,1210000,37,1.5,4.0,2020,9,182988.05,666505.88,34.818128,32.091282,1.048,1230.5
רמת גן,נחלת גנים,"רש""י",15.0,1200000,52,2.0,1.0,2020,5,182988.05,666505.88,34.818128,32.091282,1.048,1230.5
כפר יונה,נוף הדר,יקינתון,55.0,2130000,163,6.0,3.0,2018,8,194484.29,690993.16,34.939268,32.312414,0.817,1135.0
כפר יונה,נוף הדר,יקינתון,51.0,3700000,201,7.0,3.0,2025,11,194483.68,691013.9,34.939261,32.312601,0.817,1135.0
כפר יונה,נוף הדר,יקינתון,71.0,3335000,220,6.0,3.0,2025,10,194571.41,691036.97,34.940192,32.312811,0.817,1135.0
כפר יונה,נוף הדר,יקינתון,89.0,3750000,182,6.0,3.0,2024,9,194596.84,691037.02,34.940462,32.312812,0.817,1135.0
חיפה,,,,2465000,105,4.0,3.0,2026,3,197385.02,742690.7,34.968856,32.778644,0.366,881.8
חיפה,,,,1068000,98,4.0,1.0,2026,2,197385.02,742690.7,34.968856,32.778644,0.366,881.8
יבנה,נאות בגין,תלתן,84.0,4400000,187,5.0,3.0,2025,1,174998.93,642015.4,34.734627,31.870145,0.508,929.6
יבנה,נאות בגין,תלתן,84.0,2850000,247,5.0,3.0,2018,7,174998.93,642015.4,34.734627,31.870145,0.508,929.6
יבנה,נאות בגין,תלתן,84.0,2070000,158,6.0,3.0,2015,5,174998.93,642015.4,34.734627,31.870145,0.508,929.6
קרית ים,קריית ים ב,יהודה,1.0,280000,48,3.0,1.0,2018,1,206438.21,746666.28,35.065432,32.814636,-0.334,541.1
קרית ים,קריית ים ב,יהודה,6.0,1160000,44,2.0,1.0,2026,1,206467.58,750351.89,35.065694,32.847869,-0.334,541.1
קרית ים,קריית ים ב,יהודה,15.0,1650000,75,3.0,1.0,2025,7,206617.89,750398.94,35.067299,32.848295,-0.334,541.1
קרית ים,קריית ים ב,יהודה,6.0,1210000,44,3.0,1.0,2024,12,206467.58,750351.89,35.065694,32.847869,-0.334,541.1
קרית ים,קריית ים ב,יהודה,13.0,970000,48,3.0,3.0,2024,1,206601.64,750354.26,35.067126,32.847892,-0.334,541.1
יהוד-מונוסון,רסקו,מוהליבר,44.0,1179000,87,3.0,3.0,2016,4,190509.04,660011.46,34.897993,32.032934,0.975,1188.4
יהוד-מונוסון,רסקו,מוהליבר,44.0,1150000,68,3.0,1.0,2015,9,190509.04,660011.46,34.897993,32.032934,0.975,1188.4
יהוד-מונוסון,רסקו,מוהליבר,44.0,730000,68,3.0,3.0,2008,10,190509.04,660011.46,34.897993,32.032934,0.975,1188.4
יהוד-מונוסון,,מוהליבר,12.0,2800000,96,4.0,3.0,2025,10,190471.8,659703.62,34.897608,32.030157,0.975,1188.4
יהוד-מונוסון,,מוהליבר,4.0,2603000,90,3.0,1.0,2025,9,190511.25,659623.12,34.898028,32.029432,0.975,1188.4
תל אביב-יפו,הצפון החדש סביבת כיכר המדינה,,,1198000,74,4.0,3.0,2022,10,180039.17,666478.28,34.786892,32.090934,1.064,1197.2
תל אביב-יפו,רמת אביב החדשה,שרגא פרידמן,3.0,4900000,99,4.0,6.0,2024,3,180484.24,669498.28,34.791484,32.118183,1.064,1197.2
תל אביב-יפו,רמת אביב החדשה,שרגא פרידמן,3.0,4450000,99,4.0,4.0,2022,3,180484.24,669498.28,34.791484,32.118183,1.064,1197.2
תל אביב-יפו,רמת אביב החדשה,שרגא פרידמן,3.0,500000,128,5.0,4.0,2021,4,180484.24,669498.28,34.791484,32.118183,1.064,1197.2
תל אביב-יפו,רמת אביב החדשה,שרגא פרידמן,3.0,3637000,100,4.0,3.0,2020,10,180484.24,669498.28,34.791484,32.118183,1.064,1197.2
תל אביב-יפו,רמת אביב החדשה,שרגא פרידמן,3.0,3550000,100,4.0,1.0,2018,11,180484.24,669498.28,34.791484,32.118183,1.064,1197.2
קרית ים,קריית ים ד,גולן,3.0,1270000,63,3.0,6.0,2025,10,207996.71,751023.07,35.08202,32.853938,-0.334,541.1
קרית ים,קריית ים ד,גולן,3.0,1110000,75,3.0,3.0,2025,7,207996.71,751023.07,35.08202,32.853938,-0.334,541.1
קרית ים,קריית ים ד,גולן,3.0,975000,76,3.0,8.0,2025,4,207996.71,751023.07,35.08202,32.853938,-0.334,541.1
קרית ים,קריית ים ד,גולן,3.0,825000,40,2.0,3.0,2025,1,207996.71,751023.07,35.08202,32.853938,-0.334,541.1
קרית ים,קריית ים ד,גולן,3.0,780000,34,2.0,3.0,2024,5,207996.71,751023.07,35.08202,32.853938,-0.334,541.1
באר שבע,א,,,216000,50,3.0,3.0,2005,8,179519.3,572992.04,34.785189,31.247827,-0.188,627.8
באר שבע,א,,,252000,60,2.0,3.0,2004,9,179519.3,572992.04,34.785189,31.247827,-0.188,627.8
בני ברק,נוה אחיעזר,הרב נסים יצחק,14.0,3360000,100,5.0,1.0,2025,9,185013.07,664493.24,34.839651,32.073196,-1.577,139.7
בני ברק,נוה אחיעזר,הרב נסים יצחק,14.0,1760000,103,5.0,3.0,2012,11,185013.07,664493.24,34.839651,32.073196,-1.577,139.7
בני ברק,נוה אחיעזר,הרב נסים יצחק,14.0,1050000,100,5.0,3.0,2010,4,185013.07,664493.24,34.839651,32.073196,-1.577,139.7
בני ברק,נוה אחיעזר,הרב נסים יצחק,14.0,1500000,104,5.0,3.0,2010,3,185013.07,664493.24,34.839651,32.073196,-1.577,139.7
בני ברק,רמת אהרון,הרב משה פרדו,10.0,4120000,141,6.0,3.0,2025,1,185508.1,665987.73,34.844841,32.086688,-1.577,139.7
בני ברק,רמת אהרון,הרב משה פרדו,10.0,2850000,119,5.0,3.0,2021,1,185508.1,665987.73,34.844841,32.086688,-1.577,139.7
בני ברק,רמת אהרון,הרב משה פרדו,10.0,2850000,119,5.0,3.0,2021,1,185508.1,665987.73,34.844841,32.086688,-1.577,139.7
בני ברק,רמת אהרון,הרב משה פרדו,10.0,2420000,119,5.0,3.0,2020,9,185508.1,665987.73,34.844841,32.086688,-1.577,139.7
בני ברק,רמת אהרון,הרב משה פרדו,10.0,600000,119,5.0,3.0,2019,9,185508.1,665987.73,34.844841,32.086688,-1.577,139.7
אשדוד,רובע ו,שלמה בן יוסף,14.0,1300000,83,3.0,8.0,2026,1,167500.14,633502.95,34.655839,31.793063,-0.188,654.2
אשדוד,רובע ו,שלמה בן יוסף,14.0,1500000,74,3.0,6.0,2025,11,167500.14,633502.95,34.655839,31.793063,-0.188,654.2
אשדוד,רובע ו,שלמה בן יוסף,14.0,1480000,74,3.0,5.0,2024,6,167500.14,633502.95,34.655839,31.793063,-0.188,654.2
אשדוד,רובע ו,שלמה בן יוסף,14.0,1330000,78,3.0,3.0,2023,7,167500.14,633502.95,34.655839,31.793063,-0.188,654.2
אשדוד,רובע ו,שלמה בן יוסף,14.0,1460000,75,3.0,1.0,2022,6,167500.14,633502.95,34.655839,31.793063,-0.188,654.2
גבעת ברנר,,,,210000,120,5.0,1.0,2024,11,181022.18,641525.8,34.798297,31.865949,0.421,921.9
נתניה,קרית צאנז,רבי מאיר,7.0,1150000,58,2.0,3.0,2025,8,186993.21,694502.92,34.859603,32.343871,0.059,717.6
נתניה,קרית צאנז,רבי מאיר,7.0,1500000,58,2.0,3.0,2023,5,186993.21,694502.92,34.859603,32.343871,0.059,717.6
נתניה,קרית צאנז,רבי מאיר,7.0,500000,50,2.0,3.0,2021,12,186993.21,694502.92,34.859603,32.343871,0.059,717.6
נתניה,קרית צאנז,רבי מאיר,7.0,1599000,98,5.0,1.0,2017,9,186993.21,694502.92,34.859603,32.343871,0.059,717.6
תל אביב-יפו,ביצרון,יצחק שדה,77.0,1348000,56,3.0,3.0,2015,4,180981.26,663513.85,34.79699,32.064234,1.064,1197.2
תל אביב-יפו,ביצרון,יצחק שדה,77.0,700000,56,2.0,3.0,2009,5,180981.26,663513.85,34.79699,32.064234,1.064,1197.2
תל אביב-יפו,ביצרון,יצחק שדה,77.0,210000,56,3.0,3.0,2006,9,180981.26,663513.85,34.79699,32.064234,1.064,1197.2
ראש העין,פסגת טל,,,1630000,165,4.5,3.0,2017,6,196627.82,666012.07,34.962626,32.087187,0.741,1061.7
באר שבע,ו,ריכרד שטיין,51.0,1570000,149,6.0,3.0,2018,11,178019.73,575003.74,34.769364,31.265918,-0.188,627.8
תל אביב-יפו,יד אליהו,פרזון,5.0,3075000,93,3.5,3.0,2025,8,181001.54,662504.88,34.797245,32.055136,1.064,1197.2
תל אביב-יפו,יד אליהו,פרזון,5.0,3015000,93,3.5,3.0,2025,8,181001.54,662504.88,34.797245,32.055136,1.064,1197.2
תל אביב-יפו,יד אליהו,פרזון,5.0,4320000,130,4.0,5.0,2024,11,181001.54,662504.88,34.797245,32.055136,1.064,1197.2
תל אביב-יפו,יד אליהו,פרזון,5.0,2506000,112,4.0,3.0,2024,5,181001.54,662504.88,34.797245,32.055136,1.064,1197.2
בת ים,רמת יוסף,ברל כצנלסון,51.0,2500000,110,4.0,11.0,2021,12,176982.53,658511.52,34.754865,32.018981,-0.115,605.6
בת ים,רמת יוסף,ברל כצנלסון,51.0,180000,122,5.0,10.0,2021,11,176982.53,658511.52,34.754865,32.018981,-0.115,605.6
בת ים,רמת יוסף,ברל כצנלסון,51.0,935000,44,2.0,1.0,2015,4,176982.53,658511.52,34.754865,32.018981,-0.115,605.6
בת ים,רמת יוסף,ברל כצנלסון,51.0,300000,44,2.0,3.0,2014,3,176982.53,658511.52,34.754865,32.018981,-0.115,605.6
בת ים,רמת יוסף,ברל כצנלסון,51.0,300000,44,2.0,3.0,2013,12,176982.53,658511.52,34.754865,32.018981,-0.115,605.6
אשדוד,רובע סיטי,"תש""ח",2.0,3190000,189,5.0,3.0,2025,12,166493.5,633012.29,34.645237,31.788592,-0.188,654.2
אשדוד,רובע סיטי,"תש""ח",2.0,3120000,197,5.0,8.0,2025,12,166493.5,633012.29,34.645237,31.788592,-0.188,654.2
אשדוד,רובע סיטי,"תש""ח",2.0,2853800,258,7.0,10.0,2025,6,166493.5,633012.29,34.645237,31.788592,-0.188,654.2
אשדוד,רובע סיטי,"תש""ח",2.0,2100000,113,4.0,1.0,2025,5,166493.5,633012.29,34.645237,31.788592,-0.188,654.2
אשדוד,רובע סיטי,העצמאות,77.0,3200000,185,5.0,4.0,2025,4,166493.5,633012.29,34.645237,31.788592,-0.188,654.2
עין החורש,,,,232000,70,3.0,1.0,2024,3,194498.8,699059.11,34.93921,32.385149,0.421,921.9
תל אביב-יפו,ביצרון,הצבר,6.0,4150000,113,5.0,1.0,2021,6,181435.53,664008.27,34.801781,32.068708,1.064,1197.2
תל אביב-יפו,ביצרון,הצבר,6.0,3000000,126,6.0,3.0,2015,7,181435.53,664008.27,34.801781,32.068708,1.064,1197.2
תל אביב-יפו,ביצרון,הצבר,9.0,938000,70,2.0,1.0,2006,5,181451.19,664032.06,34.801946,32.068923,1.064,1197.2
נתניה,רסקו,הרב ריינס,21.0,2580000,118,5.0,3.0,2025,7,187505.8,693488.36,34.865082,32.334737,0.059,717.6
נתניה,רסקו,הרב ריינס,21.0,2230000,118,5.0,3.0,2022,2,187505.8,693488.36,34.865082,32.334737,0.059,717.6
נתניה,רסקו,הרב ריינס,21.0,1620000,110,5.0,3.0,2015,2,187505.8,693488.36,34.865082,32.334737,0.059,717.6
נתניה,רסקו,הרב ריינס,21.0,1820000,141,5.0,3.0,2013,2,187505.8,693488.36,34.865082,32.334737,0.059,717.6
לוד,,,,2605000,104,4.0,3.0,2025,12,187395.15,651955.07,34.865296,31.960198,-0.502,490.2
לוד,,,,2592000,104,4.0,4.0,2025,11,187395.15,651955.07,34.865296,31.960198,-0.502,490.2
חיפה,מרכז הכרמל,דרך הים,9.0,1833000,87,4.0,0.0,2015,5,198982.51,745507.97,34.985845,32.804078,0.366,881.8
חיפה,מרכז הכרמל,דרך הים,9.0,1700000,120,5.0,1.0,2010,8,198982.51,745507.97,34.985845,32.804078,0.366,881.8
חיפה,כרמל מערבי,דרך הים,174.0,1425000,76,4.0,3.0,2026,1,197201.85,746815.04,34.966802,32.815829,0.366,881.8
חיפה,מרכז הכרמל,דרך הים,31.0,1735000,69,3.0,3.0,2026,1,198684.13,745611.85,34.982657,32.805009,0.366,881.8
קרית מוצקין,מוצקין הותיקה,יעל,33.0,2630000,146,4.0,3.0,2025,6,207487.82,748514.15,35.076616,32.83131,0.419,922.3
קרית מוצקין,מוצקין הותיקה,יעל,23.0,2600000,133,5.0,3.0,2025,12,207511.86,748423.63,35.076874,32.830494,0.419,922.3
גבעתיים,"גבעת רמב""ם",המגדל,33.0,5000000,128,5.0,3.0,2024,1,182012.44,663974.31,34.807892,32.068421,1.522,1451.9
גבעתיים,"גבעת רמב""ם",המגדל,33.0,3500000,116,3.0,3.0,2021,10,182012.44,663974.31,34.807892,32.068421,1.522,1451.9
גבעתיים,"גבעת רמב""ם",המגדל,33.0,3906000,147,5.0,1.0,2018,7,182012.44,663974.31,34.807892,32.068421,1.522,1451.9
גבעתיים,"גבעת רמב""ם",המגדל,33.0,3825000,140,5.0,3.0,2017,7,182012.44,663974.31,34.807892,32.068421,1.522,1451.9
גבעתיים,"גבעת רמב""ם",המגדל,33.0,2200000,114,4.0,1.0,2012,3,182012.44,663974.31,34.807892,32.068421,1.522,1451.9
חיפה,ואדי ניסנאס,התשעים ושלש,21.0,104000,95,4.0,3.0,2012,2,199978.78,746985.53,34.996451,32.817419,0.366,881.8
חיפה,ואדי ניסנאס,התשעים ושלוש,25.0,1300000,84,4.0,1.0,2024,7,199940.7,747003.68,34.996044,32.817582,0.366,881.8
לוד,נווה נוף,,,709000,76,4.0,4.0,2014,6,190992.93,650970.16,34.903382,31.951412,-0.502,490.2
יבנה,נאות אשכול,החבצלת,1.0,1730000,108,4.0,1.0,2026,2,175796.55,642101.57,34.743052,31.870953,0.508,929.6
יבנה,נאות אשכול,החבצלת,2.0,1850000,94,4.0,3.0,2025,10,175878.44,642132.16,34.743916,31.871232,0.508,929.6
יבנה,נאות אשכול,החבצלת,2.0,2000000,122,5.0,3.0,2025,1,175878.44,642132.16,34.743916,31.871232,0.508,929.6
מבשרת ציון,,,,1462000,133,5.0,3.0,2004,6,213454.99,634940.8,35.141063,31.807196,1.204,1303.2
מבשרת ציון,,,,710000,60,2.0,3.0,1999,3,213454.99,634940.8,35.141063,31.807196,1.204,1303.2
אלעד,,רבי יהודה הנשיא,22.0,2220000,71,3.0,3.0,2025,1,195476.89,662026.2,34.950534,32.051219,-1.419,157.6
אלעד,,רבי יהודה הנשיא,22.0,2420000,129,4.5,3.0,2024,6,195476.89,662026.2,34.950534,32.051219,-1.419,157.6
אלעד,,רבי יהודה הנשיא,22.0,2380000,80,3.0,0.0,2023,9,195476.89,662026.2,34.950534,32.051219,-1.419,157.6
אלעד,,רבי יהודה הנשיא,22.0,2225000,128,4.0,3.0,2023,8,195476.89,662026.2,34.950534,32.051219,-1.419,157.6
אלעד,,רבי יהודה הנשיא,22.0,387000,93,4.0,1.0,2021,10,195476.89,662026.2,34.950534,32.051219,-1.419,157.6
גבעת אלה,,הכרמל,30.0,2100000,165,5.0,1.0,2021,7,223688.7,736320.93,35.249588,32.721421,0.421,921.9
גבעת אלה,,הכרמל,31.0,2950000,207,6.0,3.0,2019,6,223717.56,736364.97,35.249896,32.721818,0.421,921.9
רמלה,אשכול,משה חיים שפירא,12.0,2400000,71,3.0,1.0,2023,8,186502.01,648500.82,34.855966,31.929022,-0.451,483.2
אור יהודה,שפרינצק,יאיר שטרן,9.0,474000,86,5.0,4.0,2021,5,186513.08,659007.82,34.855725,32.023774,-0.135,622.8
אור יהודה,שפרינצק,יאיר שטרן,9.0,1260000,84,4.0,3.0,2019,11,186513.08,659007.82,34.855725,32.023774,-0.135,622.8
אור יהודה,שפרינצק,יאיר שטרן,9.0,1135000,36,3.0,3.0,2018,5,186513.08,659007.82,34.855725,32.023774,-0.135,622.8
אור יהודה,שפרינצק,יאיר שטרן,9.0,920000,75,3.0,3.0,2017,9,186513.08,659007.82,34.855725,32.023774,-0.135,622.8
אור יהודה,שפרינצק,יאיר שטרן,9.0,880000,47,2.0,1.0,2017,3,186513.08,659007.82,34.855725,32.023774,-0.135,622.8
מבשרת ציון,,השלום,25.0,3750000,194,7.0,3.0,2020,12,215479.52,634507.15,35.162445,31.803294,1.204,1303.2
מבשרת ציון,,השלום,17.0,1946000,178,5.0,3.0,2006,5,215479.52,634507.15,35.162445,31.803294,1.204,1303.2
מבשרת ציון,,השלום,47.0,492000,231,6.0,3.0,2025,6,215187.61,634614.05,35.159362,31.804257,1.204,1303.2
מבשרת ציון,,השלום,100.0,4330000,159,5.0,1.0,2025,1,214626.46,634629.82,35.153436,31.804397,1.204,1303.2
מבשרת ציון,,הזמיר,24.0,1867000,170,6.0,3.0,2006,5,214015.12,635005.8,35.146978,31.807785,1.204,1303.2
מבשרת ציון,,הזמיר,8.0,5000000,217,8.0,3.0,2024,6,213968.01,634906.03,35.146481,31.806885,1.204,1303.2
מבשרת ציון,,הזמיר,6.0,4830000,216,6.0,3.0,2024,5,214018.76,634901.35,35.147017,31.806843,1.204,1303.2
מבשרת ציון,,הזמיר,16.0,4800000,198,6.0,3.0,2023,5,213960.48,635000.84,35.146401,31.80774,1.204,1303.2
חולון,רסקו ג,ההסתדרות,169.0,1350000,52,2.5,1.0,2020,6,180013.58,657980.16,34.786969,32.014299,0.421,921.9
חולון,רסקו ג,ההסתדרות,169.0,1520000,85,4.0,3.0,2018,7,180013.58,657980.16,34.786969,32.014299,0.421,921.9
חולון,רסקו ג,ההסתדרות,169.0,1000000,80,2.5,1.0,2015,12,180013.58,657980.16,34.786969,32.014299,0.421,921.9
חולון,רסקו ג,ההסתדרות,169.0,1259000,92,4.0,3.0,2015,5,180013.58,657980.16,34.786969,32.014299,0.421,921.9
קרית מוצקין,לב העיר,הרקפת,1.0,915000,46,2.0,4.0,2024,8,207511.7,748983.69,35.076865,32.835544,0.419,922.3
קרית מוצקין,לב העיר,הרקפת,1.0,950000,62,2.0,3.0,2024,7,207511.7,748983.69,35.076865,32.835544,0.419,922.3
קרית מוצקין,לב העיר,הרקפת,3.0,732000,46,2.0,1.0,2022,5,207511.7,748983.69,35.076865,32.835544,0.419,922.3
קרית מוצקין,לב העיר,הרקפת,5.0,720000,61,3.0,3.0,2021,5,207511.7,748983.69,35.076865,32.835544,0.419,922.3
קרית מוצקין,לב העיר,הרקפת,1.0,565000,55,2.0,4.0,2021,3,207511.7,748983.69,35.076865,32.835544,0.419,922.3
רחובות,היובל,משה פורר,6.0,1910000,86,3.5,3.0,2023,1,183993.91,643976.83,34.82961,31.888149,0.697,1049.1
רחובות,היובל,משה פורר,6.0,1770000,72,3.0,5.0,2022,3,183993.91,643976.83,34.82961,31.888149,0.697,1049.1
רחובות,היובל,משה פורר,6.0,1890000,88,4.0,3.0,2021,8,183993.91,643976.83,34.82961,31.888149,0.697,1049.1
רחובות,היובל,משה פורר,6.0,1740000,89,4.0,6.0,2021,4,183993.91,643976.83,34.82961,31.888149,0.697,1049.1
רחובות,היובל,משה פורר,6.0,1635000,69,3.0,4.0,2020,11,183993.91,643976.83,34.82961,31.888149,0.697,1049.1
חולון,אגרובנק,קראוזה,36.0,1300000,37,2.5,0.0,2025,5,179475.75,659007.45,34.781234,32.023544,0.421,921.9
חולון,אגרובנק,קראוזה,36.0,2030000,84,3.0,3.0,2024,7,179475.75,659007.45,34.781234,32.023544,0.421,921.9
חולון,אגרובנק,קראוזה,36.0,1960000,76,3.5,4.0,2024,1,179475.75,659007.45,34.781234,32.023544,0.421,921.9
חולון,אגרובנק,קראוזה,36.0,1600000,58,3.0,3.0,2022,6,179475.75,659007.45,34.781234,32.023544,0.421,921.9
חולון,אגרובנק,קראוזה,36.0,1400000,77,3.0,3.0,2017,5,179475.75,659007.45,34.781234,32.023544,0.421,921.9
מגדל העמק,שלום עליכם,סטרומה,3.0,650000,42,2.0,0.0,2024,7,222497.54,731459.5,35.236866,32.677589,-0.286,578.2
מגדל העמק,שלום עליכם,סטרומה,3.0,490000,42,2.0,1.0,2023,1,222497.54,731459.5,35.236866,32.677589,-0.286,578.2
מגדל העמק,שלום עליכם,סטרומה,3.0,540000,45,2.0,0.0,2022,12,222497.54,731459.5,35.236866,32.677589,-0.286,578.2
מגדל העמק,שלום עליכם,סטרומה,3.0,344000,49,2.0,1.0,2019,12,222497.54,731459.5,35.236866,32.677589,-0.286,578.2
מגדל העמק,שלום עליכם,סטרומה,3.0,275000,42,2.0,0.0,2012,5,222497.54,731459.5,35.236866,32.677589,-0.286,578.2
באר יעקב,תלמי מנשה,,,3200000,117,4.0,3.0,2025,10,185962.42,650010.44,34.850208,31.94262,0.421,921.9
באר יעקב,תלמי מנשה,,,3025000,135,5.0,10.0,2025,9,185962.42,650010.44,34.850208,31.94262,0.421,921.9
באר יעקב,תלמי מנשה,,,3000000,135,5.0,11.0,2025,5,185962.42,650010.44,34.850208,31.94262,0.421,921.9
רחובות,היובל,חכם עפג'ין אברהם,13.0,2230000,82,3.5,1.0,2022,8,183486.44,643982.7,34.824246,31.888186,0.697,1049.1
רחובות,היובל,חכם עפג'ין אברהם,13.0,1650000,82,3.5,5.0,2017,11,183486.44,643982.7,34.824246,31.888186,0.697,1049.1
רחובות,היובל,חכם עפג'ין אברהם,13.0,735000,75,3.5,4.0,2016,9,183486.44,643982.7,34.824246,31.888186,0.697,1049.1
רחובות,היובל,חכם עפג'ין אברהם,13.0,1375000,104,4.0,8.0,2015,1,183486.44,643982.7,34.824246,31.888186,0.697,1049.1
רחובות,היובל,חכם עפג'ין אברהם,13.0,1235000,83,3.5,6.0,2014,1,183486.44,643982.7,34.824246,31.888186,0.697,1049.1
גבעתיים,פועלי הרכבת,פועלי הרכבת,43.0,3600000,111,4.0,5.0,2025,11,182986.09,664982.01,34.818165,32.07754,1.522,1451.9
גבעתיים,פועלי הרכבת,פועלי הרכבת,43.0,3000000,114,4.0,1.0,2025,9,182986.09,664982.01,34.818165,32.07754,1.522,1451.9
גבעתיים,פועלי הרכבת,פועלי הרכבת,43.0,2980000,114,4.0,3.0,2022,12,182986.09,664982.01,34.818165,32.07754,1.522,1451.9
גבעתיים,פועלי הרכבת,פועלי הרכבת,43.0,3550000,114,4.0,3.0,2022,5,182986.09,664982.01,34.818165,32.07754,1.522,1451.9
גבעתיים,פועלי הרכבת,פועלי הרכבת,43.0,4450000,99,4.0,7.0,2022,2,182986.09,664982.01,34.818165,32.07754,1.522,1451.9
רמת גן,קריית בורוכוב,תנועת המרי,5.0,2900000,167,5.0,1.0,2024,4,183042.4,664094.45,34.818795,32.069538,1.048,1230.5
רמת גן,קריית בורוכוב,תנועת המרי,15.0,500000,67,2.0,1.0,2023,6,183006.77,663979.91,34.818422,32.068504,1.048,1230.5
רמת גן,קריית בורוכוב,תנועת המרי,5.0,2500000,75,3.0,1.0,2023,1,183042.4,664094.45,34.818795,32.069538,1.048,1230.5
רמת גן,קריית בורוכוב,תנועת המרי,13.0,2775000,70,3.0,3.0,2021,6,183018.17,664001.38,34.818542,32.068698,1.048,1230.5
ראש העין,נווה אפק,ירדן,18.0,4890000,248,6.0,1.0,2022,7,198011.36,666473.58,34.977271,32.091376,0.741,1061.7
ראש העין,נווה אפק,ירדן,19.0,1640000,185,6.0,3.0,2007,3,198007.78,666521.93,34.977232,32.091812,0.741,1061.7
חולון,קרית פנחס איילון,דבורה ברטונוב,5.0,2800000,126,5.0,5.0,2022,5,178474.75,656991.75,34.770724,32.005331,0.421,921.9
חולון,קרית פנחס איילון,דבורה ברטונוב,5.0,2689000,110,5.0,10.0,2019,11,178474.75,656991.75,34.770724,32.005331,0.421,921.9
חולון,קרית פנחס איילון,דבורה ברטונוב,5.0,1750000,120,5.0,5.0,2012,5,178474.75,656991.75,34.770724,32.005331,0.421,921.9
חולון,קרית פנחס איילון,דבורה ברטונוב,5.0,1680000,100,5.0,1.0,2012,1,178474.75,656991.75,34.770724,32.005331,0.421,921.9
נתניה,בן ציון,,,575000,112,4.0,8.0,2007,2,187016.66,691020.27,34.859971,32.312467,0.059,717.6
יהוד-מונוסון,,מוהליבר,8.0,3235000,119,3.0,3.0,2025,8,190468.63,659649.74,34.897576,32.029671,0.975,1188.4
יהוד-מונוסון,,מוהליבר,22.0,3049000,120,5.0,3.0,2025,8,190482.06,659790.64,34.897714,32.030942,0.975,1188.4
אשדוד,"רובע י""א",כינרת,58.0,1350000,91,3.0,4.0,2021,7,165000.59,631988.24,34.629532,31.779287,-0.188,654.2
אשדוד,"רובע י""א",כינרת,58.0,1320000,91,3.0,4.0,2020,12,165000.59,631988.24,34.629532,31.779287,-0.188,654.2
אשדוד,"רובע י""א",כינרת,58.0,1327000,75,3.0,1.0,2020,5,165000.59,631988.24,34.629532,31.779287,-0.188,654.2
אשדוד,"רובע י""א",כינרת,58.0,1310000,77,3.0,3.0,2019,4,165000.59,631988.24,34.629532,31.779287,-0.188,654.2
אשדוד,"רובע י""א",כינרת,58.0,1250000,91,3.0,3.0,2019,3,165000.59,631988.24,34.629532,31.779287,-0.188,654.2
נשר,גבעת עמוס,אופקים,15.0,1350000,60,3.0,1.0,2026,1,203541.53,742002.73,35.034581,32.772547,0.444,933.3
נשר,גבעת עמוס,אופקים,15.0,1140000,69,3.0,3.0,2025,8,203541.53,742002.73,35.034581,32.772547,0.444,933.3
נשר,גבעת עמוס,אופקים,13.0,1260000,65,3.0,4.0,2025,2,203541.53,742002.73,35.034581,32.772547,0.444,933.3
נשר,גבעת עמוס,אופקים,9.0,1450000,88,4.0,1.0,2024,11,203541.53,742002.73,35.034581,32.772547,0.444,933.3
יהוד-מונוסון,אזור תעשיה,,,3500000,198,6.0,8.0,2024,12,189508.69,659526.21,34.887418,32.028532,0.975,1188.4
יהוד-מונוסון,אזור תעשיה,,,2917000,122,5.0,3.0,2024,9,189508.69,659526.21,34.887418,32.028532,0.975,1188.4
יהוד-מונוסון,אזור תעשיה,,,2500000,140,6.0,3.0,2022,12,189508.69,659526.21,34.887418,32.028532,0.975,1188.4
יהוד-מונוסון,אזור תעשיה,,,2010000,67,3.0,8.0,2022,6,189508.69,659526.21,34.887418,32.028532,0.975,1188.4
גבעת שמואל,רמת הדקלים,,,1840000,127,4.0,15.0,2014,4,185982.29,665553.24,34.849879,32.082784,1.151,1292.0
גבעת שמואל,רמת הדקלים,,,1585000,100,4.0,10.0,2013,5,185982.29,665553.24,34.849879,32.082784,1.151,1292.0
גבעת שמואל,רמת הדקלים,,,1420000,103,3.0,3.0,2012,10,185982.29,665553.24,34.849879,32.082784,1.151,1292.0
גבעת שמואל,רמת הדקלים,,,1730000,125,5.0,7.0,2012,9,185982.29,665553.24,34.849879,32.082784,1.151,1292.0
גבעת שמואל,רמת הדקלים,,,1579000,100,4.0,13.0,2012,7,185982.29,665553.24,34.849879,32.082784,1.151,1292.0
גבעתיים,תל גנים,טבנקין,31.0,3535000,94,4.0,4.0,2024,6,183017.38,662985.62,34.818572,32.059538,1.522,1451.9
גבעתיים,תל גנים,טבנקין,31.0,3319000,100,6.0,1.0,2017,6,183017.38,662985.62,34.818572,32.059538,1.522,1451.9
גבעתיים,תל גנים,טבנקין,31.0,2930000,109,4.0,3.0,2013,8,183017.38,662985.62,34.818572,32.059538,1.522,1451.9
גבעתיים,תל גנים,טבנקין,31.0,2300000,110,4.0,3.0,2009,4,183017.38,662985.62,34.818572,32.059538,1.522,1451.9
מבשרת ציון,,,,2825000,84,3.0,3.0,2023,6,215498.36,635005.24,35.162642,31.807786,1.204,1303.2
מבשרת ציון,,,,2544000,93,3.0,3.0,2023,1,215498.36,635005.24,35.162642,31.807786,1.204,1303.2
מבשרת ציון,,,,3660000,140,5.0,3.0,2021,11,215498.36,635005.24,35.162642,31.807786,1.204,1303.2
מבשרת ציון,,,,3560000,127,5.0,3.0,2021,10,215498.36,635005.24,35.162642,31.807786,1.204,1303.2
מבשרת ציון,,,,3225000,110,4.0,3.0,2021,6,215498.36,635005.24,35.162642,31.807786,1.204,1303.2
ראש העין,,,,1715000,119,4.0,3.0,2017,6,191723.42,660803.06,34.910826,32.040103,0.741,1061.7
אשדוד,רובע ט,"הגר""א",53.0,3040000,142,7.0,3.0,2021,5,168490.41,632484.58,34.666348,31.783924,-0.188,654.2
אשדוד,רובע ט,"הגר""א",1.0,3450000,146,5.0,3.0,2025,4,168529.41,632613.8,34.666753,31.785091,-0.188,654.2
מעלה החמישה,,,,210000,50,1.0,1.0,2014,6,210523.5,636003.43,35.110095,31.81676,0.421,921.9
מעלה החמישה,,,,210000,56,3.0,1.0,2012,12,210523.5,636003.43,35.110095,31.81676,0.421,921.9
רמלה,שפרינצק,אחד במאי,7.0,2100000,117,4.0,1.0,2020,12,188000.54,649022.5,34.871795,31.933769,-0.451,483.2
רמלה,שפרינצק,אחד במאי,7.0,1136000,115,4.0,3.0,2020,1,188000.54,649022.5,34.871795,31.933769,-0.451,483.2
בני ברק,רמת אהרון,ראובן אהרונוביץ,53.0,2174000,70,3.0,3.0,2018,11,185006.15,665992.74,34.839524,32.086718,-1.577,139.7
בני ברק,רמת אהרון,ראובן אהרונוביץ,53.0,1200000,57,3.0,3.0,2011,4,185006.15,665992.74,34.839524,32.086718,-1.577,139.7
בני ברק,רמת אהרון,ראובן אהרונוביץ,53.0,900000,57,3.0,3.0,2008,8,185006.15,665992.74,34.839524,32.086718,-1.577,139.7
בני ברק,רמת אהרון,ראובן אהרונוביץ,53.0,806000,90,4.0,3.0,2004,10,185006.15,665992.74,34.839524,32.086718,-1.577,139.7
בני ברק,שיכון ה,ראובן אהרונוביץ,29.0,4000000,152,5.0,3.0,2025,11,184970.73,666377.54,34.839135,32.090187,-1.577,139.7
גן יבנה,,החיטה,5.0,2760000,154,5.0,3.0,2023,7,172502.66,633989.91,34.708635,31.797671,0.764,1111.8
גן יבנה,,החיטה,5.0,1550000,128,5.0,3.0,2015,10,172502.66,633989.91,34.708635,31.797671,0.764,1111.8
גן יבנה,,החיטה,5.0,1450000,126,5.5,3.0,2010,12,172502.66,633989.91,34.708635,31.797671,0.764,1111.8
רמת גן,נווה יהושע,,,2000000,87,4.0,3.0,2021,5,184525.06,663020.93,34.834536,32.059904,1.048,1230.5
רמת גן,נווה יהושע,,,2760000,145,5.0,1.0,2021,2,184525.06,663020.93,34.834536,32.059904,1.048,1230.5
רמת גן,נווה יהושע,,,2760000,145,5.0,3.0,2021,2,184525.06,663020.93,34.834536,32.059904,1.048,1230.5
חולון,נאות רחל,ההסתדרות,5.0,1930000,61,3.0,1.0,2022,8,177996.46,658487.39,34.765598,32.018801,0.421,921.9
חולון,נאות רחל,ההסתדרות,5.0,1730000,63,4.0,1.0,2022,3,177996.46,658487.39,34.765598,32.018801,0.421,921.9
חולון,נאות רחל,ההסתדרות,5.0,1100000,62,3.0,3.0,2021,1,177996.46,658487.39,34.765598,32.018801,0.421,921.9
חולון,נאות רחל,ההסתדרות,5.0,999000,61,3.0,4.0,2016,12,177996.46,658487.39,34.765598,32.018801,0.421,921.9
חולון,נאות רחל,ההסתדרות,5.0,1480000,86,3.0,3.0,2016,7,177996.46,658487.39,34.765598,32.018801,0.421,921.9
אלעד,,,,2240000,80,3.0,3.0,2025,12,196038.53,659347.79,34.956546,32.027077,-1.419,157.6
אלעד,,,,1209000,80,3.0,5.0,2025,11,196038.53,659347.79,34.956546,32.027077,-1.419,157.6
גני תקווה,גבעת סביון החדשה,הכרמל,14.0,2680000,108,3.5,10.0,2025,7,189004.34,663011.77,34.881969,32.059951,1.424,1414.3
גני תקווה,גבעת סביון החדשה,הכרמל,14.0,1166000,151,4.0,9.0,2022,11,189004.34,663011.77,34.881969,32.059951,1.424,1414.3
גני תקווה,גבעת סביון החדשה,הכרמל,14.0,338000,112,5.0,3.0,2022,10,189004.34,663011.77,34.881969,32.059951,1.424,1414.3
גני תקווה,גבעת סביון החדשה,הכרמל,14.0,3160000,141,4.0,13.0,2022,9,189004.34,663011.77,34.881969,32.059951,1.424,1414.3
גני תקווה,גבעת סביון החדשה,הכרמל,14.0,2600000,128,3.0,5.0,2022,2,189004.34,663011.77,34.881969,32.059951,1.424,1414.3
בת ים,צפון-מערב,הלפר,16.0,403000,80,2.5,1.0,2019,7,176011.06,659498.44,34.744538,32.027844,-0.115,605.6
בת ים,צפון-מערב,הלפר,16.0,1300000,58,3.0,3.0,2016,8,176011.06,659498.44,34.744538,32.027844,-0.115,605.6
בת ים,צפון-מערב,הלפר,16.0,1350000,87,2.0,0.0,2016,5,176011.06,659498.44,34.744538,32.027844,-0.115,605.6
בת ים,צפון-מערב,הלפר,16.0,1348400,59,2.0,3.0,2016,2,176011.06,659498.44,34.744538,32.027844,-0.115,605.6
בת ים,צפון-מערב,הלפר,16.0,231000,59,2.0,3.0,2007,11,176011.06,659498.44,34.744538,32.027844,-0.115,605.6
מבוא מודיעים,,,,5020000,176,5.0,3.0,2025,6,198666.44,648897.61,34.984589,31.932888,0.421,921.9
רמת גן,רמת אפעל,,,8120000,187,6.0,12.0,2024,9,184853.28,661005.58,34.838084,32.04174,1.048,1230.5
רמלה,קריית מנחם בגין,בן אליעזר אריה,45.0,2210000,186,5.0,3.0,2015,12,188498.83,649503.46,34.877049,31.93812,-0.451,483.2
רמלה,קריית מנחם בגין,אריה בן אליעזר,31.0,3200000,173,5.0,3.0,2022,7,188526.47,649669.38,34.877336,31.939617,-0.451,483.2
רמלה,קריית מנחם בגין,אריה בן אליעזר,16.0,3000000,140,5.0,3.0,2021,8,188457.71,649631.88,34.87661,31.939277,-0.451,483.2
בת ים,דרום-מערב,יהודה הלוי,13.0,1960000,74,3.0,1.0,2023,9,175986.68,657988.64,34.744348,32.014228,-0.115,605.6
בת ים,דרום-מערב,יהודה הלוי,13.0,1690000,59,3.0,4.0,2023,7,175986.68,657988.64,34.744348,32.014228,-0.115,605.6
בת ים,דרום-מערב,יהודה הלוי,9.0,1400000,67,4.0,1.0,2022,2,175986.68,657988.64,34.744348,32.014228,-0.115,605.6
בת ים,דרום-מערב,יהודה הלוי,13.0,1585000,74,3.0,4.0,2021,8,175986.68,657988.64,34.744348,32.014228,-0.115,605.6
בת ים,דרום-מערב,יהודה הלוי,13.0,1410000,58,3.0,3.0,2021,5,175986.68,657988.64,34.744348,32.014228,-0.115,605.6
יבנה,נאות רבין שכונה ירוקה,,,2370000,175,6.0,3.0,2021,3,175470.44,641478.1,34.739634,31.865318,0.508,929.6
קרית עקרון,,הברוש,11.0,923000,180,6.0,3.0,2006,9,183500.59,641511.72,34.824487,31.865903,0.062,721.0
"כפר חב""ד",,,,1250000,116,4.0,1.0,2011,6,185563.85,655512.77,34.8458,31.992228,0.421,921.9
אלעד,,המאירי,6.0,1750000,79,3.0,3.0,2021,8,196992.46,662006.89,34.966582,32.051076,-1.419,157.6
אלעד,,המאירי,6.0,2495000,150,6.5,3.0,2019,12,196992.46,662006.89,34.966582,32.051076,-1.419,157.6
אלעד,,המאירי,6.0,270000,140,5.0,0.0,2018,11,196992.46,662006.89,34.966582,32.051076,-1.419,157.6
אלעד,,המאירי,6.0,1530000,86,4.0,3.0,2017,7,196992.46,662006.89,34.966582,32.051076,-1.419,157.6
אלעד,,המאירי,6.0,1417000,106,3.0,3.0,2016,5,196992.46,662006.89,34.966582,32.051076,-1.419,157.6
רמת ישי,,הכלניות,24.0,2000000,268,7.0,3.0,2011,6,216513.66,734007.96,35.173059,32.700569,0.421,921.9
רמת ישי,,הכלניות,15.0,3250000,170,5.0,3.0,2024,6,216600.07,734183.49,35.17398,32.702152,0.421,921.9
רמת ישי,,הכלניות,2.0,900000,80,3.0,1.0,2022,8,216581.55,734344.97,35.173782,32.703608,0.421,921.9
רמת ישי,,צבר,4.0,2500000,175,5.0,1.0,2022,1,215473.88,734535.43,35.161968,32.705322,0.421,921.9
רמת ישי,,צבר,3.0,2300000,174,6.0,1.0,2021,11,215453.42,734491.64,35.16175,32.704927,0.421,921.9
רחובות,נווה אלון,לוין אפשטין,42.0,1131000,80,3.0,1.0,2026,2,181869.09,644997.92,34.807112,31.897289,0.697,1049.1
רחובות,נווה אלון,לוין אפשטין,42.0,3495000,130,5.0,3.0,2025,2,181869.09,644997.92,34.807112,31.897289,0.697,1049.1
גבעתיים,"הל""ה","הל""ה",12.0,2520000,79,2.5,1.0,2024,4,181513.65,664499.46,34.802589,32.07314,1.522,1451.9
גבעתיים,"הל""ה","הל""ה",12.0,2230000,60,3.0,3.0,2022,12,181513.65,664499.46,34.802589,32.07314,1.522,1451.9
גבעתיים,"הל""ה","הל""ה",12.0,649000,60,2.0,3.0,2012,5,181513.65,664499.46,34.802589,32.07314,1.522,1451.9
אור יהודה,עמידר,מרדכי בן פורת,62.0,1700000,44,3.0,3.0,2025,7,186052.69,659432.25,34.850837,32.027588,-0.135,622.8
אור יהודה,שיכון ממשלתי,מרדכי בן פורת,29.0,228000,150,6.0,1.0,2024,3,185884.88,659623.42,34.849054,32.029307,-0.135,622.8
אור יהודה,עמידר,מרדכי בן פורת,64.0,337000,93,4.0,3.0,2023,2,186070.37,659407.8,34.851025,32.027368,-0.135,622.8
אור יהודה,עמידר,מרדכי בן פורת,67.0,866000,75,3.0,1.0,2023,1,186205.81,659371.09,34.85246,32.027041,-0.135,622.8
קרית ביאליק,מרכז העיר,בנימין,1.0,1180000,96,4.0,3.0,2025,10,208500.71,749005.5,35.087428,32.835751,0.477,957.3
קרית ביאליק,מרכז העיר,בנימין,1.0,1380000,89,4.0,3.0,2025,2,208500.71,749005.5,35.087428,32.835751,0.477,957.3
קרית ביאליק,מרכז העיר,בנימין,1.0,1500000,98,4.0,3.0,2023,2,208500.71,749005.5,35.087428,32.835751,0.477,957.3
קרית ביאליק,מרכז העיר,בנימין,1.0,950000,96,4.0,3.0,2022,3,208500.71,749005.5,35.087428,32.835751,0.477,957.3
קרית ביאליק,מרכז העיר,בנימין,1.0,720000,86,4.0,3.0,2013,4,208500.71,749005.5,35.087428,32.835751,0.477,957.3
קרית אתא,מרכז העיר,זבולון,45.0,1192000,58,3.0,3.0,2025,7,209490.37,745490.5,35.098036,32.804066,0.084,723.6
קרית אתא,מרכז העיר,זבולון,43.0,1010100,66,3.0,3.0,2025,5,209490.37,745490.5,35.098036,32.804066,0.084,723.6
קרית אתא,מרכז העיר,זבולון,43.0,870000,66,3.0,3.0,2025,3,209490.37,745490.5,35.098036,32.804066,0.084,723.6
קרית אתא,מרכז העיר,זבולון,41.0,1100000,63,3.0,1.0,2024,11,209490.37,745490.5,35.098036,32.804066,0.084,723.6
קרית אתא,מרכז העיר,זבולון,45.0,780000,50,3.0,1.0,2023,3,209490.37,745490.5,35.098036,32.804066,0.084,723.6
גן שלמה,,,,210000,160,5.0,3.0,2025,6,180882.31,642508.02,34.79678,31.874802,0.421,921.9
רמת גן,רמת עמידר,הרב לוין,43.0,1920000,93,5.0,3.0,2019,2,185006.62,664010.21,34.8396,32.06884,1.048,1230.5
רמת גן,רמת עמידר,הרב לוין,38.0,1825000,62,2.5,3.0,2026,2,184864.58,664029.88,34.838095,32.069013,1.048,1230.5
רמת גן,רמת עמידר,הרב לוין,3.0,2930000,100,4.0,6.0,2026,2,184403.9,664229.84,34.833209,32.070802,1.048,1230.5
רמת גן,רמת עמידר,הרב לוין,9.0,2240000,59,3.0,4.0,2025,10,184487.95,664205.04,34.8341,32.070581,1.048,1230.5
רמת גן,רמת עמידר,הרב לוין,15.0,2130000,62,3.0,1.0,2025,7,184570.87,664182.36,34.834979,32.070379,1.048,1230.5
גבעת ברנר,,,,210000,73,3.0,3.0,2024,11,181358.82,641483.18,34.801856,31.865576,0.421,921.9
רמת גן,נווה יהושע,נווה יהושע,6.0,1100000,48,2.0,1.0,2018,4,183996.02,663015.21,34.828934,32.059836,1.048,1230.5
רמת גן,נווה יהושע,נווה יהושע,6.0,230000,48,2.5,1.0,2009,5,183996.02,663015.21,34.828934,32.059836,1.048,1230.5
רמת גן,נווה יהושע,נווה יהושע,42.0,4750000,132,5.0,3.0,2025,12,184499.8,663007.71,34.834269,32.059784,1.048,1230.5
בת ים,עמידר,ויצמן,5.0,670000,49,2.0,3.0,2011,6,176502.97,659502.13,34.749745,32.027896,-0.115,605.6
בת ים,עמידר,ויצמן,5.0,430000,50,2.0,1.0,2011,1,176502.97,659502.13,34.749745,32.027896,-0.115,605.6
בת ים,עמידר,ויצמן,5.0,295000,49,2.0,3.0,2005,7,176502.97,659502.13,34.749745,32.027896,-0.115,605.6
בת ים,עמידר,ויצמן,5.0,298000,49,2.0,3.0,2004,1,176502.97,659502.13,34.749745,32.027896,-0.115,605.6
בת ים,עמידר,ויצמן,78.0,1400000,40,2.0,3.0,2025,12,177204.93,659742.27,34.757165,32.030088,-0.115,605.6
חולון,קרית שרת מערב,מפרץ שלמה,96.0,1920000,80,4.0,1.0,2022,4,180004.0,656991.49,34.786908,32.005383,0.421,921.9
חולון,קרית שרת מערב,מפרץ שלמה,96.0,2025000,89,4.0,3.0,2021,8,180004.0,656991.49,34.786908,32.005383,0.421,921.9
חולון,קרית שרת מערב,מפרץ שלמה,96.0,1700000,90,4.0,3.0,2015,12,180004.0,656991.49,34.786908,32.005383,0.421,921.9
חולון,קרית שרת מערב,מפרץ שלמה,96.0,1270000,79,4.0,1.0,2014,7,180004.0,656991.49,34.786908,32.005383,0.421,921.9
חולון,קרית שרת מערב,מפרץ שלמה,96.0,1818100,102,5.0,3.0,2014,6,180004.0,656991.49,34.786908,32.005383,0.421,921.9
מבשרת ציון,,הכרמים,36.0,2650000,119,4.0,1.0,2021,7,214006.85,632977.62,35.146902,31.789494,1.204,1303.2
מבשרת ציון,,הכרמים,36.0,2204000,120,4.0,1.0,2016,9,214006.85,632977.62,35.146902,31.789494,1.204,1303.2
מבשרת ציון,,הכרמים,36.0,2150000,100,5.0,1.0,2013,3,214006.85,632977.62,35.146902,31.789494,1.204,1303.2
מבשרת ציון,,הכרמים,36.0,600000,100,4.0,3.0,2012,2,214006.85,632977.62,35.146902,31.789494,1.204,1303.2
מבשרת ציון,,הכרמים,36.0,1100000,120,5.0,3.0,2009,5,214006.85,632977.62,35.146902,31.789494,1.204,1303.2
רמלה,השופטים,,,404000,75,3.0,1.0,2001,1,187978.64,648605.41,34.871577,31.930007,-0.451,483.2
רמלה,השופטים,,,397000,75,3.0,1.0,2000,7,187978.64,648605.41,34.871577,31.930007,-0.451,483.2
רמלה,השופטים,,,420000,75,3.0,1.0,2000,7,187978.64,648605.41,34.871577,31.930007,-0.451,483.2
שוהם,גבעולים,הבשור,62.0,3762000,202,5.0,3.0,2022,7,194484.17,656491.75,34.940166,32.001288,1.706,1516.5
שוהם,גבעולים,הבשור,62.0,3850000,158,5.0,3.0,2022,3,194484.17,656491.75,34.940166,32.001288,1.706,1516.5
שוהם,גבעולים,הבשור,62.0,2775000,140,5.0,3.0,2019,6,194484.17,656491.75,34.940166,32.001288,1.706,1516.5
אור יהודה,נווה רבין,ניצן,29.0,2800000,157,4.5,15.0,2025,9,188005.46,659012.32,34.871522,32.023857,-0.135,622.8
אור יהודה,נווה רבין,ניצן,29.0,3100000,180,5.0,9.0,2025,1,188005.46,659012.32,34.871522,32.023857,-0.135,622.8
אור יהודה,נווה רבין,ניצן,29.0,2695000,158,4.0,3.0,2024,8,188005.46,659012.32,34.871522,32.023857,-0.135,622.8
אור יהודה,נווה רבין,ניצן,29.0,3200000,154,4.5,10.0,2022,12,188005.46,659012.32,34.871522,32.023857,-0.135,622.8
אור יהודה,נווה רבין,ניצן,29.0,2450000,174,4.0,1.0,2021,12,188005.46,659012.32,34.871522,32.023857,-0.135,622.8
הר אדר,,נוף הרים,44.0,4850000,260,6.0,3.0,2014,3,212500.8,637487.55,35.130968,31.830158,0.421,921.9
הר אדר,,נוף הרים,45.0,4600000,255,6.0,1.0,2024,11,212633.89,637472.93,35.132374,31.830027,0.421,921.9
הר אדר,,נוף הרים,25.0,4300000,204,5.0,1.0,2024,10,212708.63,637394.38,35.133164,31.829319,0.421,921.9
מגדל העמק, אזור תעשיה רמת גבריאל צפון,,,340000,67,3.0,3.0,2008,10,223512.76,732359.49,35.247694,32.685701,-0.286,578.2
מגדל העמק, אזור תעשיה רמת גבריאל צפון,,,300000,80,3.0,4.0,2007,9,223512.76,732359.49,35.247694,32.685701,-0.286,578.2
מבשרת ציון,,הברוש,33.0,297000,237,6.0,3.0,2025,9,214890.31,634483.78,35.156223,31.803081,1.204,1303.2
מבשרת ציון,,הברוש,25.0,2080000,56,3.0,0.0,2025,9,214804.7,634479.05,35.155319,31.803038,1.204,1303.2
מבשרת ציון,,הברוש,107.0,1050000,45,2.0,0.0,2025,9,215522.98,634245.22,35.162905,31.800932,1.204,1303.2
אזור,,ליכט,18.0,2000000,75,4.0,1.0,2021,11,181985.31,658952.8,34.8078,32.023137,0.59,1026.0
בת ים,רמת יוסף,קרן קיימת לישראל,4.0,1830000,65,3.0,3.0,2024,9,177030.51,658983.94,34.755352,32.023243,-0.115,605.6
בת ים,רמת יוסף,קרן קיימת לישראל,6.0,1670000,74,2.5,3.0,2024,2,177030.51,658983.94,34.755352,32.023243,-0.115,605.6
בת ים,רמת יוסף,קרן קיימת לישראל,6.0,1670000,74,2.0,1.0,2022,6,177030.51,658983.94,34.755352,32.023243,-0.115,605.6
בת ים,רמת יוסף,קרן קיימת לישראל,4.0,1220000,46,2.0,4.0,2022,2,177030.51,658983.94,34.755352,32.023243,-0.115,605.6
בת ים,רמת יוסף,קרן קיימת לישראל,4.0,1345000,40,2.0,3.0,2021,11,177030.51,658983.94,34.755352,32.023243,-0.115,605.6
קרית מוצקין,לב העיר,עכו,241.0,625000,75,3.5,3.0,2026,3,208980.82,750497.63,35.092539,32.84921,0.419,922.3
קרית מוצקין,לב העיר,עכו,239.0,880000,70,4.0,4.0,2024,3,208980.82,750497.63,35.092539,32.84921,0.419,922.3
קרית מוצקין,לב העיר,עכו,239.0,890000,82,3.5,4.0,2024,2,208980.82,750497.63,35.092539,32.84921,0.419,922.3
קרית מוצקין,לב העיר,עכו,241.0,800000,69,3.0,1.0,2021,11,208980.82,750497.63,35.092539,32.84921,0.419,922.3
קרית מוצקין,לב העיר,עכו,241.0,810000,69,4.0,1.0,2021,10,208980.82,750497.63,35.092539,32.84921,0.419,922.3
פרדסייה,,,,2900000,108,4.0,3.0,2025,10,192022.3,690990.68,34.913125,32.312334,0.421,921.9
פרדסייה,,,,3000000,100,4.0,3.0,2025,7,192022.3,690990.68,34.913125,32.312334,0.421,921.9
פרדסייה,,,,3150000,111,4.0,3.0,2025,6,192022.3,690990.68,34.913125,32.312334,0.421,921.9
פרדסייה,,,,2860000,111,4.0,3.0,2025,3,192022.3,690990.68,34.913125,32.312334,0.421,921.9
פרדסייה,,,,2896000,172,4.0,3.0,2024,11,192022.3,690990.68,34.913125,32.312334,0.421,921.9
בת ים,מרכז העיר,הרצל,82.0,2000000,100,4.0,3.0,2022,4,176031.89,658488.68,34.744804,32.018739,-0.115,605.6
בת ים,מרכז העיר,הרצל,82.0,965000,94,4.0,3.0,2022,3,176031.89,658488.68,34.744804,32.018739,-0.115,605.6
בת ים,מרכז העיר,הרצל,82.0,2240000,158,5.0,1.0,2021,8,176031.89,658488.68,34.744804,32.018739,-0.115,605.6
בת ים,מרכז העיר,הרצל,82.0,1760000,101,4.0,3.0,2021,1,176031.89,658488.68,34.744804,32.018739,-0.115,605.6
בת ים,מרכז העיר,הרצל,82.0,1291000,107,4.0,1.0,2019,6,176031.89,658488.68,34.744804,32.018739,-0.115,605.6
רמלה,המרכז האזרחי,בר אילן,2.0,1278000,44,2.5,0.0,2023,8,187019.48,649004.71,34.861421,31.933581,-0.451,483.2
רמלה,המרכז האזרחי,בר אילן,2.0,1015000,50,2.0,0.0,2017,1,187019.48,649004.71,34.861421,31.933581,-0.451,483.2
רמלה,המרכז האזרחי,בר אילן,2.0,348000,77,3.0,0.0,2012,3,187019.48,649004.71,34.861421,31.933581,-0.451,483.2
רמלה,וייצמן,בר אילן,24.0,1170000,58,3.0,0.0,2025,11,187321.87,648663.89,34.86463,31.930516,-0.451,483.2
יבנה,נאות אשכול,דואני,53.0,800000,85,4.0,1.0,2012,11,175991.58,641988.64,34.745118,31.869942,0.508,929.6
יבנה,נאות אשכול,דואני,53.0,521000,90,4.0,1.0,2004,6,175991.58,641988.64,34.745118,31.869942,0.508,929.6
יבנה,נאות אשכול,דואני,53.0,396000,100,4.0,3.0,2004,3,175991.58,641988.64,34.745118,31.869942,0.508,929.6
יבנה,נאות בגין,דואני,10.0,1985000,96,3.0,4.0,2026,1,175222.0,642462.98,34.736964,31.87419,0.508,929.6
יבנה,רמות ויצמן,דואני,15.0,1430000,60,3.0,4.0,2025,12,175424.6,642486.29,34.739104,31.874408,0.508,929.6
נצר סירני,,,,920000,120,5.0,3.0,2005,4,184768.3,648589.49,34.83763,31.92977,0.421,921.9
אור יהודה,ההסתדרות,משה דיין,19.0,3900000,136,6.0,3.0,2024,9,187014.35,659454.88,34.861016,32.02782,-0.135,622.8
אור יהודה,ההסתדרות,משה דיין,21.0,2920000,122,4.0,3.0,2024,9,187014.35,659454.88,34.861016,32.02782,-0.135,622.8
אור יהודה,ההסתדרות,משה דיין,19.0,2510000,115,4.0,3.0,2023,5,187014.35,659454.88,34.861016,32.02782,-0.135,622.8
אור יהודה,ההסתדרות,משה דיין,15.0,525000,93,4.0,3.0,2019,4,187014.35,659454.88,34.861016,32.02782,-0.135,622.8
אור יהודה,ההסתדרות,משה דיין,15.0,2480000,170,6.0,3.0,2018,2,187014.35,659454.88,34.861016,32.02782,-0.135,622.8
גבעת שמואל,רמת הדר,,,1739000,100,4.0,7.0,2014,7,186508.65,665004.6,34.855473,32.077852,1.151,1292.0
גבעת שמואל,רמת הדר,,,1744000,122,4.0,4.0,2013,7,186508.65,665004.6,34.855473,32.077852,1.151,1292.0
גבעת שמואל,רמת הדר,,,2142000,130,5.0,7.0,2012,2,186508.65,665004.6,34.855473,32.077852,1.151,1292.0
רמלה,המרכז האזרחי,אחד העם,13.0,1300000,100,4.0,1.0,2024,9,187509.07,649046.53,34.866597,31.933972,-0.451,483.2
רמלה,המרכז האזרחי,אחד העם,15.0,899000,112,4.0,3.0,2018,11,187521.3,649025.32,34.866727,31.933781,-0.451,483.2
גבעתיים,שיכון חברת חשמל,צפרירים,6.0,583000,101,4.0,0.0,2016,1,181893.75,663692.86,34.806646,32.065879,1.522,1451.9
גבעתיים,שיכון חברת חשמל,צפרירים,4.0,2000000,75,3.0,1.0,2015,3,181919.54,663695.76,34.806919,32.065906,1.522,1451.9
גבעתיים,שיכון חברת חשמל,צפרירים,4.0,2220000,86,3.0,0.0,2012,9,181919.54,663695.76,34.806919,32.065906,1.522,1451.9
רמלה,רמלה מערב,יעקב דורי,7.0,1830000,79,3.0,3.0,2026,1,186025.37,648468.77,34.850927,31.928719,-0.451,483.2
רמלה,רמלה מערב,יעקב דורי,7.0,1980000,80,3.0,3.0,2026,1,186025.37,648468.77,34.850927,31.928719,-0.451,483.2
רמלה,רמלה מערב,יעקב דורי,7.0,2580000,174,5.0,11.0,2025,12,186025.37,648468.77,34.850927,31.928719,-0.451,483.2
רמלה,רמלה מערב,יעקב דורי,7.0,1850000,99,3.0,13.0,2025,12,186025.37,648468.77,34.850927,31.928719,-0.451,483.2
רמלה,רמלה מערב,יעקב דורי,7.0,2120000,78,3.0,14.0,2025,3,186025.37,648468.77,34.850927,31.928719,-0.451,483.2
קרית אונו,קיראון,,,1600000,119,4.0,12.0,2025,5,187486.29,662462.52,34.865912,32.054956,1.421,1380.2
קרית אונו,קיראון,,,3450000,135,5.0,3.0,2024,8,187486.29,662462.52,34.865912,32.054956,1.421,1380.2
קרית אונו,קיראון,,,3090000,97,4.0,4.0,2024,6,187486.29,662462.52,34.865912,32.054956,1.421,1380.2
קרית אונו,קיראון,,,3773000,121,5.0,1.0,2022,6,187486.29,662462.52,34.865912,32.054956,1.421,1380.2
גן יבנה,,המגינים,43.0,2380000,161,5.0,3.0,2020,12,172492.46,633498.94,34.708551,31.793243,0.764,1111.8
גן יבנה,,המגינים,43.0,2065000,115,5.0,3.0,2017,2,172492.46,633498.94,34.708551,31.793243,0.764,1111.8
גן יבנה,,המגינים,49.0,2950000,158,5.0,3.0,2022,1,172414.35,633524.8,34.707725,31.793473,0.764,1111.8
גן יבנה,,המגינים,31.0,2700000,199,6.0,1.0,2021,4,172670.97,633432.48,34.710439,31.792651,0.764,1111.8
גבעתיים,בורוכוב,המוערר,18.0,372000,128,5.0,3.0,2018,8,182001.11,665002.88,34.807732,32.077696,1.522,1451.9
גבעתיים,בורוכוב,המוערר,18.0,1300000,130,4.0,3.0,2018,2,182001.11,665002.88,34.807732,32.077696,1.522,1451.9
גבעתיים,בורוכוב,המוערר,18.0,2235000,89,4.0,3.0,2015,11,182001.11,665002.88,34.807732,32.077696,1.522,1451.9
גבעתיים,בורוכוב,המוערר,18.0,2040000,80,4.0,1.0,2012,4,182001.11,665002.88,34.807732,32.077696,1.522,1451.9
גבעתיים,בורוכוב,המוערר,18.0,1340000,81,4.0,1.0,2008,1,182001.11,665002.88,34.807732,32.077696,1.522,1451.9
ראש העין,"רמב""ם","צה""ל",15.0,2650000,105,4.0,1.0,2025,6,194865.29,667276.78,34.943924,32.098555,0.741,1061.7
ראש העין,שבזי,,,1120000,107,4.0,8.0,2010,1,195041.1,666545.03,34.945805,32.09196,0.741,1061.7
ראש העין,פסגות אפק,יפה ירקוני,1.0,2380000,108,4.0,7.0,2025,6,197992.84,666020.19,34.977085,32.087287,0.741,1061.7
ראש העין,פסגות אפק,יפה ירקוני,1.0,2660000,112,4.0,4.0,2022,4,197992.84,666020.19,34.977085,32.087287,0.741,1061.7
ראש העין,פסגות אפק,יפה ירקוני,1.0,2500000,115,4.0,8.0,2022,3,197992.84,666020.19,34.977085,32.087287,0.741,1061.7
נס ציונה,גבעת מיכאל,חבצלת,8.0,3675000,220,6.0,3.0,2019,7,180497.88,648991.07,34.792457,31.933253,1.213,1305.7
גבעת שמואל,רמת הדר,יוני נתניהו,12.0,2815000,89,4.5,3.0,2024,6,186489.87,664510.53,34.855291,32.073396,1.151,1292.0
גבעת שמואל,רמת הדר,יוני נתניהו,12.0,3160000,110,5.0,11.0,2022,4,186489.87,664510.53,34.855291,32.073396,1.151,1292.0
גבעת שמואל,רמת הדר,יוני נתניהו,12.0,2350000,111,4.0,3.0,2019,12,186489.87,664510.53,34.855291,32.073396,1.151,1292.0
גבעת שמואל,רמת הדר,יוני נתניהו,12.0,1955000,106,4.0,1.0,2019,12,186489.87,664510.53,34.855291,32.073396,1.151,1292.0
גבעת שמואל,רמת הדר,יוני נתניהו,12.0,2030000,117,4.0,1.0,2019,12,186489.87,664510.53,34.855291,32.073396,1.151,1292.0
העוגן,,,,2300000,53,3.0,3.0,2026,1,193055.79,696575.39,34.923944,32.362719,0.421,921.9
העוגן,,,,152000,64,2.0,3.0,2025,8,193055.79,696575.39,34.923944,32.362719,0.421,921.9
העוגן,,,,319000,52,2.0,3.0,2025,7,193055.79,696575.39,34.923944,32.362719,0.421,921.9
מבשרת ציון,,כרמל,30.0,4800000,150,5.0,3.0,2025,8,214477.01,634963.32,35.151856,31.807404,1.204,1303.2
מבשרת ציון,,כרמל,30.0,2590000,133,5.0,4.0,2021,7,214477.01,634963.32,35.151856,31.807404,1.204,1303.2
מבשרת ציון,,כרמל,30.0,2850000,150,5.0,1.0,2021,3,214477.01,634963.32,35.151856,31.807404,1.204,1303.2
מבשרת ציון,,כרמל,30.0,3150000,150,5.0,1.0,2021,3,214477.01,634963.32,35.151856,31.807404,1.204,1303.2
מבשרת ציון,,כרמל,30.0,3040000,153,5.0,1.0,2020,11,214477.01,634963.32,35.151856,31.807404,1.204,1303.2
מבשרת ציון,,האורן,57.0,2650000,75,4.0,1.0,2025,11,214979.62,634288.25,35.157167,31.801318,1.204,1303.2
מבשרת ציון,,האורן,55.0,416000,90,4.0,1.0,2025,9,214961.71,634271.62,35.156978,31.801168,1.204,1303.2
מבשרת ציון,,האורן,55.0,2210000,90,4.0,1.0,2025,4,214961.71,634271.62,35.156978,31.801168,1.204,1303.2
מבשרת ציון,,האורן,53.0,2290000,92,4.0,1.0,2025,4,214945.32,634245.46,35.156805,31.800932,1.204,1303.2
גבעתיים,"הל""ה","הל""ה",54.0,2875000,66,3.0,1.0,2025,12,181986.29,664489.06,34.807595,32.073062,1.522,1451.9
יהוד-מונוסון,,ורבנה,1.0,5600000,220,6.0,3.0,2024,4,189023.46,660492.39,34.882251,32.037232,0.975,1188.4
יהוד-מונוסון,,ורבנה,13.0,3319000,195,6.0,3.0,2017,7,189023.46,660492.39,34.882251,32.037232,0.975,1188.4
אלעד,,"ריטב""א",8.0,1800000,99,3.0,3.0,2025,7,195520.99,661502.7,34.951014,32.046499,-1.419,157.6
אלעד,,"ריטב""א",8.0,1264000,99,3.0,3.0,2018,6,195520.99,661502.7,34.951014,32.046499,-1.419,157.6
אלעד,,"ריטב""א",8.0,1080000,90,3.0,1.0,2016,4,195520.99,661502.7,34.951014,32.046499,-1.419,157.6
אלעד,,"ריטב""א",8.0,850000,74,3.0,1.0,2011,2,195520.99,661502.7,34.951014,32.046499,-1.419,157.6
אלעד,,"ריטב""א",8.0,575000,71,3.0,3.0,2008,11,195520.99,661502.7,34.951014,32.046499,-1.419,157.6
חצור-אשדוד,,,,400000,70,2.0,1.0,2024,1,173517.26,631044.68,34.719487,31.771152,0.421,921.9
בית דגן,,השפלה,30.0,3900000,154,5.0,3.0,2025,1,184550.67,656480.71,34.835044,32.000926,0.421,921.9
בית דגן,,השפלה,42.0,2440000,177,5.0,3.0,2021,1,184572.56,656471.21,34.835276,32.000841,0.421,921.9
בית דגן,,השפלה,46.0,2550000,186,5.0,3.0,2020,9,184595.41,656463.59,34.835518,32.000773,0.421,921.9
רמת דוד,,,,3700000,100,4.0,3.0,2025,7,219227.55,731606.87,35.202002,32.678922,0.421,921.9
רמת דוד,,,,2700000,64,3.0,3.0,2025,7,219227.55,731606.87,35.202002,32.678922,0.421,921.9
נס ציונה,מרכז מערבי,עמק השושנים,3.0,693000,110,4.0,1.0,2005,3,181013.61,648506.31,34.79793,31.928899,1.213,1305.7
נס ציונה,נווה ניר,עמק השושנים,18.0,2820000,116,4.0,4.0,2025,12,180647.18,648535.85,34.794054,31.929153,1.213,1305.7
נס ציונה,מרכז מערבי,עמק השושנים,15.0,1506000,89,3.0,4.0,2025,9,180819.79,648516.46,34.79588,31.928984,1.213,1305.7
נס ציונה,מרכז מערבי,עמק השושנים,15.0,1930000,78,3.0,3.0,2025,3,180819.79,648516.46,34.79588,31.928984,1.213,1305.7
ניר צבי,,,,2730000,127,5.0,4.0,2025,12,187789.49,653092.12,34.86943,31.970463,0.421,921.9
ניר צבי,,,,2730000,127,5.0,3.0,2025,12,187789.49,653092.12,34.86943,31.970463,0.421,921.9
ניר צבי,,,,2696000,121,5.0,10.0,2025,11,187789.49,653092.12,34.86943,31.970463,0.421,921.9
ניר צבי,,,,2750000,127,5.0,3.0,2025,11,187789.49,653092.12,34.86943,31.970463,0.421,921.9
ניר צבי,,,,2690000,127,5.0,1.0,2025,11,187789.49,653092.12,34.86943,31.970463,0.421,921.9
גן יבנה,,מודיעין,2.0,1313000,131,7.0,3.0,2025,7,170982.84,632501.61,34.692661,31.784186,0.764,1111.8
גן יבנה,,חשמונאים,19.0,490000,125,5.0,3.0,2010,6,170982.84,632501.61,34.692661,31.784186,0.764,1111.8
גן יבנה,,מור,14.0,3186000,103,4.0,0.0,2021,8,173492.93,633468.59,34.719116,31.79301,0.764,1111.8
שריד,,,,2880000,157,5.0,3.0,2020,2,221015.83,730064.15,35.221066,32.66501,0.421,921.9
גבעתיים,שינקין,דוד בן גוריון,194.0,1690000,95,3.0,3.0,2020,2,182983.4,664494.64,34.818155,32.073145,1.522,1451.9
גבעתיים,שינקין,דוד בן גוריון,194.0,1740000,93,3.0,1.0,2019,8,182983.4,664494.64,34.818155,32.073145,1.522,1451.9
גבעתיים,שינקין,דוד בן גוריון,194.0,1770000,66,3.0,3.0,2018,10,182983.4,664494.64,34.818155,32.073145,1.522,1451.9
יבנה,נאות בגין,,,930000,106,4.0,6.0,2010,9,175486.71,642029.49,34.739781,31.870291,0.508,929.6
יהוד-מונוסון,אזור תעשיה,,,1300000,70,3.0,3.0,2019,12,190025.38,659479.35,34.892889,32.028123,0.975,1188.4
גן יבנה,,הרגב,6.0,991000,135,6.0,3.0,2004,3,172019.0,633988.91,34.703528,31.797642,0.764,1111.8
גן יבנה,,הרגב,15.0,4300000,233,6.5,1.0,2024,1,171932.66,633894.61,34.702621,31.796788,0.764,1111.8
גן יבנה,,הרגב,3.0,3020000,221,6.5,3.0,2020,11,172064.45,633987.81,34.704008,31.797634,0.764,1111.8
קרית ביאליק,מרכז העיר,עכו,82.0,1600000,100,4.0,3.0,2024,9,208004.09,748503.56,35.08213,32.83122,0.477,957.3
קרית ביאליק,מרכז העיר,עכו,82.0,1300000,114,3.5,3.0,2022,12,208004.09,748503.56,35.08213,32.83122,0.477,957.3
קרית ביאליק,מרכז העיר,עכו,82.0,1060000,83,4.0,1.0,2022,2,208004.09,748503.56,35.08213,32.83122,0.477,957.3
קרית ביאליק,מרכז העיר,עכו,82.0,710000,76,4.0,3.0,2020,11,208004.09,748503.56,35.08213,32.83122,0.477,957.3
קרית ביאליק,מרכז העיר,עכו,82.0,975000,73,4.0,3.0,2016,8,208004.09,748503.56,35.08213,32.83122,0.477,957.3
רמת השרון,מורשה,,,2893000,130,6.0,3.0,2019,5,187002.79,671444.73,34.860489,32.135942,1.744,1496.9
רמלה,בן גוריון,בן גוריון,13.0,1450000,74,4.0,8.0,2024,9,186990.16,647989.62,34.861145,31.924426,-0.451,483.2
רמלה,בן גוריון,בן גוריון,13.0,1650000,80,3.5,5.0,2023,10,186990.16,647989.62,34.861145,31.924426,-0.451,483.2
לוד,נווה זית,אנילביץ,1.0,2050000,168,6.0,3.0,2019,5,189498.34,650478.31,34.887589,31.946938,-0.502,490.2
לוד,נווה זית,אנילביץ,16.0,2060000,78,4.0,1.0,2025,11,189540.77,650310.19,34.888043,31.945423,-0.502,490.2
לוד,נווה זית,אנילביץ,11.0,1930000,120,4.0,1.0,2025,10,189587.95,650407.74,34.888539,31.946304,-0.502,490.2
לוד,נווה זית,אנילביץ,13.0,1500000,118,3.0,1.0,2025,10,189601.52,650389.52,34.888683,31.94614,-0.502,490.2
לוד,נווה זית,אנילביץ,14.0,1960000,50,3.0,1.0,2025,8,189554.25,650326.78,34.888185,31.945573,-0.502,490.2
נס ציונה,שמורת מליבו,יוסף פלדמן,10.0,3520000,245,6.0,3.0,2019,5,179483.5,648001.62,34.781771,31.924295,1.213,1305.7
לוד,החשמונאים,,,1200000,90,3.0,4.0,2025,5,190466.35,651049.93,34.89781,31.952118,-0.502,490.2
לוד,החשמונאים,,,920000,74,4.0,3.0,2017,10,190466.35,651049.93,34.89781,31.952118,-0.502,490.2
לוד,החשמונאים,,,750000,68,4.0,4.0,2016,9,190466.35,651049.93,34.89781,31.952118,-0.502,490.2
לוד,החשמונאים,,,500000,68,3.0,4.0,2013,1,190466.35,651049.93,34.89781,31.952118,-0.502,490.2
לוד,החשמונאים,,,405000,100,4.0,3.0,2010,4,190466.35,651049.93,34.89781,31.952118,-0.502,490.2
קרית ביאליק,דרום,ההגנה,20.0,850000,33,2.0,1.0,2025,3,207515.65,746515.1,35.076939,32.813285,0.477,957.3
קרית ביאליק,דרום,ההגנה,20.0,1000000,65,2.0,0.0,2024,4,207515.65,746515.1,35.076939,32.813285,0.477,957.3
קרית ביאליק,דרום,ההגנה,20.0,940000,65,2.0,0.0,2024,1,207515.65,746515.1,35.076939,32.813285,0.477,957.3
קרית ביאליק,דרום,ההגנה,20.0,430000,33,2.0,1.0,2022,1,207515.65,746515.1,35.076939,32.813285,0.477,957.3
קרית ביאליק,דרום,ההגנה,20.0,500000,33,2.0,1.0,2021,11,207515.65,746515.1,35.076939,32.813285,0.477,957.3
רמת השרון,נווה רסקו,המייסדים,32.0,8000000,204,6.0,0.0,2021,12,185071.72,671453.74,34.840023,32.135966,1.744,1496.9
הר אדר,,הגיא,67.0,2445000,250,7.0,3.0,2009,7,211987.81,637511.19,35.125549,31.830368,0.421,921.9
קרית ביאליק,צור שלום,חיים,85.0,1090000,79,4.0,1.0,2022,3,209491.13,750983.52,35.097985,32.853596,0.477,957.3
קרית ביאליק,צור שלום,חיים,85.0,835000,70,3.0,3.0,2020,6,209491.13,750983.52,35.097985,32.853596,0.477,957.3
קרית ביאליק,צור שלום,חיים,85.0,1080000,91,4.0,1.0,2018,10,209491.13,750983.52,35.097985,32.853596,0.477,957.3
קרית ביאליק,צור שלום,חיים,85.0,985000,79,4.0,1.0,2016,10,209491.13,750983.52,35.097985,32.853596,0.477,957.3
קרית ביאליק,צור שלום,חיים,85.0,940000,83,4.0,1.0,2015,9,209491.13,750983.52,35.097985,32.853596,0.477,957.3
לוד,עמידר,איינשטיין,25.0,493000,125,5.0,3.0,2004,2,189006.27,650501.27,34.882384,31.947132,-0.502,490.2
לוד,רסקו,איינשטיין,16.0,1533000,102,4.0,1.0,2025,11,189049.75,650625.01,34.88284,31.948249,-0.502,490.2
לוד,עמידר,איינשטיין,13.0,1350000,65,3.0,1.0,2025,11,189099.97,650595.58,34.883372,31.947985,-0.502,490.2
לוד,ממשלתית,איינשטיין,30.0,1340000,87,4.0,3.0,2025,11,188875.59,650400.97,34.881005,31.946224,-0.502,490.2
קרית ים,א,,,660000,70,3.0,3.0,2022,6,206417.09,749546.35,35.065166,32.840605,-0.334,541.1
קרית ים,קריית ים ג,יהודה הלוי,1.0,645000,60,3.0,1.0,2019,3,207006.82,750515.11,35.071452,32.849347,-0.334,541.1
קרית ים,קריית ים ג,יהודה הלוי,1.0,129000,25,1.0,1.0,2012,4,207006.82,750515.11,35.071452,32.849347,-0.334,541.1
כפר יונה,נווה ניצנים,השומרון,5.0,1030000,173,6.0,3.0,2005,12,194018.54,691006.41,34.934322,32.312523,0.817,1135.0
כפר יונה,נווה ניצנים,השומרון,8.0,2119000,183,5.0,1.0,2015,7,193986.84,690986.2,34.933986,32.31234,0.817,1135.0
קרית ביאליק,מרכז העיר,זינגר,37.0,1410000,117,4.0,3.0,2025,11,208489.96,748009.05,35.087325,32.826766,0.477,957.3
קרית ביאליק,מרכז העיר,זינגר,37.0,1400000,111,4.0,3.0,2025,1,208489.96,748009.05,35.087325,32.826766,0.477,957.3
קרית ביאליק,מרכז העיר,זינגר,37.0,1190000,110,4.0,3.0,2022,4,208489.96,748009.05,35.087325,32.826766,0.477,957.3
קרית ביאליק,מרכז העיר,זינגר,37.0,1040000,117,4.0,1.0,2021,1,208489.96,748009.05,35.087325,32.826766,0.477,957.3
קרית ביאליק,מרכז העיר,זינגר,37.0,1020000,73,4.0,3.0,2017,12,208489.96,748009.05,35.087325,32.826766,0.477,957.3
כפר סבא,,,,1660000,120,4.0,4.0,2009,10,191532.31,667956.38,34.908595,32.104606,1.164,1298.0
באר יעקב,,,,3219000,150,5.0,3.0,2025,11,185570.69,651042.78,34.846029,31.951918,0.421,921.9
באר יעקב,,,,4200000,127,5.0,3.0,2025,10,185570.69,651042.78,34.846029,31.951918,0.421,921.9
מגדל העמק,רמת בלפור,חטיבת גולני,17.0,650000,42,2.0,0.0,2025,10,223214.59,731206.12,35.24451,32.675302,-0.286,578.2
מגדל העמק,רמת בלפור,חטיבת גולני,13.0,600000,60,3.0,1.0,2025,9,223174.16,731221.96,35.244079,32.675445,-0.286,578.2
מגדל העמק,רמת בלפור,חטיבת גולני,7.0,665000,49,2.0,3.0,2025,5,223028.5,731210.71,35.242526,32.675344,-0.286,578.2
מגדל העמק,רמת בלפור,חטיבת גולני,12.0,700000,57,3.0,3.0,2025,3,223122.68,731162.5,35.24353,32.674909,-0.286,578.2
עומר,,שקמה,27.0,1750000,186,5.0,3.0,2019,9,185382.33,574986.95,34.846669,31.266005,0.421,921.9
סביון,,רימונית,12.0,3550000,133,5.0,3.0,2018,6,187512.56,661501.57,34.866222,32.046291,0.421,921.9
כפר יונה,שיכון א,אשוח,33.0,3200000,200,7.0,3.0,2023,8,193968.21,691475.73,34.933775,32.316754,0.817,1135.0
קרית מוצקין,מוצקין הותיקה,אושה,24.0,2480000,117,4.0,6.0,2024,4,207492.43,747995.46,35.076672,32.826633,0.419,922.3
קרית מוצקין,מוצקין הותיקה,אושה,24.0,1750000,86,4.0,4.0,2024,2,207492.43,747995.46,35.076672,32.826633,0.419,922.3
קרית מוצקין,מוצקין הותיקה,אושה,24.0,1700000,86,4.0,3.0,2024,1,207492.43,747995.46,35.076672,32.826633,0.419,922.3
אלעד,,,,695000,90,4.0,3.0,2008,3,195984.69,662022.47,34.955911,32.051196,-1.419,157.6
גן יבנה,,תל חי,15.0,3000000,140,5.0,1.0,2023,1,172982.02,633500.15,34.71372,31.793274,0.764,1111.8
גן יבנה,,תל חי,22.0,5000000,200,6.0,3.0,2025,8,173062.32,633539.05,34.714566,31.793628,0.764,1111.8
שוהם,גבעולים,הבשור,161.0,4200000,167,4.0,3.0,2023,5,194495.44,657004.58,34.940272,32.005913,1.706,1516.5
שוהם,גבעולים,הבשור,167.0,2680000,122,5.0,3.0,2015,11,194495.44,657004.58,34.940272,32.005913,1.706,1516.5
כפר קאסם,,,,800000,400,6.0,3.0,2018,12,197495.03,669427.59,34.971734,32.118005,0.421,921.9
כפר קאסם,,,,409000,300,5.0,3.0,2006,7,197495.03,669427.59,34.971734,32.118005,0.421,921.9
מגדל העמק,פנחס ספיר,שומרון,7.0,750000,65,3.0,4.0,2026,1,221981.64,731981.59,35.231367,32.682298,-0.286,578.2
מגדל העמק,פנחס ספיר,שומרון,7.0,680000,70,3.0,4.0,2024,6,221981.64,731981.59,35.231367,32.682298,-0.286,578.2
מגדל העמק,פנחס ספיר,שומרון,7.0,670000,70,3.0,3.0,2024,1,221981.64,731981.59,35.231367,32.682298,-0.286,578.2
מגדל העמק,פנחס ספיר,שומרון,7.0,700000,70,3.0,3.0,2024,1,221981.64,731981.59,35.231367,32.682298,-0.286,578.2
מגדל העמק,פנחס ספיר,שומרון,7.0,700000,71,3.0,3.0,2023,2,221981.64,731981.59,35.231367,32.682298,-0.286,578.2
קרית אונו,קרית אונו הותיקה,החשמל,25.0,818000,136,4.0,0.0,2019,1,186948.38,663000.27,34.860198,32.05979,1.421,1380.2
תל שבע,,,,850000,113,4.0,3.0,2018,6,186529.55,572504.63,34.858796,31.24365,0.421,921.9
כפר יונה,,גבעתי,33.0,4400000,275,6.0,3.0,2024,8,192929.07,691338.57,34.922744,32.315493,0.817,1135.0
מוצא עילית,,הראשונים,16.0,5950000,193,7.0,3.0,2018,7,215016.69,633504.39,35.157562,31.794249,0.421,921.9
מוצא עילית,,הראשונים,21.0,4500000,100,4.0,1.0,2020,9,214984.7,633557.85,35.157224,31.794731,0.421,921.9
מוצא עילית,,הראשונים,21.0,1400000,90,3.0,1.0,2020,9,214984.7,633557.85,35.157224,31.794731,0.421,921.9
יהוד-מונוסון,,הוורדים,37.0,4200000,155,3.0,3.0,2025,12,189010.24,660018.59,34.882126,32.032959,0.975,1188.4
יהוד-מונוסון,,הוורדים,36.0,3645000,155,4.0,1.0,2025,5,189061.95,660063.35,34.882672,32.033364,0.975,1188.4
יהוד-מונוסון,,הוורדים,44.0,4000000,69,3.5,3.0,2025,3,189091.41,660156.63,34.882981,32.034206,0.975,1188.4
יהוד-מונוסון,,הוורדים,23.0,4520000,128,4.0,0.0,2025,3,188964.14,659859.71,34.881643,32.031525,0.975,1188.4
יהוד-מונוסון,,הוורדים,26.0,3770000,160,4.5,3.0,2025,1,189016.7,659935.74,34.882197,32.032212,0.975,1188.4
יבנה,נווה אילן,אבוקדו,22.0,4700000,200,5.0,1.0,2024,3,175516.74,643517.05,34.740031,31.883707,0.508,929.6
יבנה,נווה אילן,אבוקדו,22.0,4180000,250,5.0,1.0,2021,11,175516.74,643517.05,34.740031,31.883707,0.508,929.6
באר יעקב,,,,2150000,207,6.0,3.0,2008,6,185511.29,650663.18,34.845414,31.948493,0.421,921.9
מבשרת ציון,,שמעון,111.0,2635000,128,4.0,3.0,2015,6,215484.62,633996.19,35.162501,31.798686,1.204,1303.2
מבשרת ציון,,שמעון,111.0,2299000,130,4.0,3.0,2013,5,215484.62,633996.19,35.162501,31.798686,1.204,1303.2
מבשרת ציון,,שמעון,111.0,2300000,130,4.0,1.0,2013,5,215484.62,633996.19,35.162501,31.798686,1.204,1303.2
מבשרת ציון,,שמעון,91.0,433000,90,4.0,1.0,2025,8,215358.94,634202.6,35.161173,31.800547,1.204,1303.2
קרית ביאליק,מרכז העיר,העצמאות,26.0,400000,24,1.0,1.0,2025,11,209003.27,749504.91,35.09279,32.840259,0.477,957.3
קרית ביאליק,מרכז העיר,העצמאות,26.0,350000,25,1.0,0.0,2020,12,209003.27,749504.91,35.09279,32.840259,0.477,957.3
קרית ביאליק,מרכז העיר,העצמאות,26.0,100000,25,1.0,0.0,2010,12,209003.27,749504.91,35.09279,32.840259,0.477,957.3
קרית ביאליק,מרכז העיר,העצמאות,40.0,1149000,66,3.0,3.0,2025,10,209162.46,749443.97,35.094491,32.839711,0.477,957.3
קרית ביאליק,מרכז העיר,העצמאות,11.0,810000,25,1.0,1.0,2025,7,208827.29,749624.21,35.090909,32.841333,0.477,957.3
באר יעקב,גני מנחם,הבשור,8.0,1220000,225,6.0,3.0,2007,3,185006.9,649491.21,34.840121,31.937909,0.421,921.9
קרית ים,סביוני ים,,,1650000,105,4.0,6.0,2023,1,208456.02,751674.33,35.086919,32.859815,-0.334,541.1
קרית ים,סביוני ים,,,1685000,135,5.0,5.0,2022,12,208456.02,751674.33,35.086919,32.859815,-0.334,541.1
קרית ים,סביוני ים,,,1950000,120,4.0,3.0,2022,12,208456.02,751674.33,35.086919,32.859815,-0.334,541.1
קרית ים,סביוני ים,,,1490000,111,4.0,4.0,2022,11,208456.02,751674.33,35.086919,32.859815,-0.334,541.1
קרית ים,סביוני ים,,,825000,56,2.0,1.0,2022,10,208456.02,751674.33,35.086919,32.859815,-0.334,541.1
מבשרת ציון,,,,3300000,145,5.0,3.0,2025,12,213439.26,632970.84,35.140909,31.78943,1.204,1303.2
מבשרת ציון,,,,2390000,85,3.0,3.0,2025,9,213439.26,632970.84,35.140909,31.78943,1.204,1303.2
מבשרת ציון,,,,2400000,85,3.0,3.0,2025,8,213439.26,632970.84,35.140909,31.78943,1.204,1303.2
מבשרת ציון,,,,2370000,85,3.0,3.0,2025,3,213439.26,632970.84,35.140909,31.78943,1.204,1303.2
קרית אתא,קרית בנימין,,,900000,123,5.0,5.0,2015,1,209509.93,745003.95,35.09825,32.799679,0.084,723.6
קרית אתא,קרית בנימין,,,820000,100,4.0,1.0,2014,11,209509.93,745003.95,35.09825,32.799679,0.084,723.6
קרית ים,א,שבזי,12.0,1180000,83,3.0,3.0,2024,2,206011.55,749504.09,35.060835,32.840219,-0.334,541.1
קרית ים,א,שבזי,12.0,1100000,85,4.0,3.0,2022,9,206011.55,749504.09,35.060835,32.840219,-0.334,541.1
קרית ים,א,שבזי,12.0,929000,85,4.0,3.0,2019,3,206011.55,749504.09,35.060835,32.840219,-0.334,541.1
קרית ים,א,שבזי,12.0,660000,74,3.5,3.0,2012,7,206011.55,749504.09,35.060835,32.840219,-0.334,541.1
קרית ים,א,שבזי,12.0,600000,80,4.0,3.0,2011,1,206011.55,749504.09,35.060835,32.840219,-0.334,541.1
קרית ים,קריית ים ג,ירושלים,74.0,1075000,64,3.5,1.0,2025,3,207498.25,750482.45,35.076702,32.849058,-0.334,541.1
קרית ים,קריית ים ג,ירושלים,74.0,1000000,75,3.0,4.0,2025,3,207498.25,750482.45,35.076702,32.849058,-0.334,541.1
קרית ים,קריית ים ג,ירושלים,74.0,410000,64,3.0,3.0,2024,1,207498.25,750482.45,35.076702,32.849058,-0.334,541.1
קרית ים,קריית ים ג,ירושלים,74.0,530000,40,2.0,3.0,2021,10,207498.25,750482.45,35.076702,32.849058,-0.334,541.1
לוד,גני אביב,,,850000,52,3.0,1.0,2020,11,188477.04,651988.0,34.876739,31.960525,-0.502,490.2
לוד,גני אביב,,,915000,52,3.0,3.0,2019,9,188477.04,651988.0,34.876739,31.960525,-0.502,490.2
לוד,גני אביב,,,1210000,74,4.0,3.0,2019,6,188477.04,651988.0,34.876739,31.960525,-0.502,490.2
לוד,גני אביב,,,870000,52,3.0,3.0,2018,10,188477.04,651988.0,34.876739,31.960525,-0.502,490.2
תל שבע,,,,250000,200,5.0,3.0,2024,12,186402.63,571951.65,34.857482,31.238659,0.421,921.9
כפר ברא,,ס'לאח א-דין,1.0,330000,100,3.0,3.0,2022,7,197598.54,670864.96,34.972798,32.130969,0.421,921.9
קרית עקרון,,עמיחי,47.0,679000,68,3.0,0.0,2017,2,182981.66,640510.24,34.819041,31.856855,0.062,721.0
קרית עקרון,,עמיחי,50.0,2008000,80,4.0,0.0,2024,5,183050.36,640508.0,34.819767,31.856837,0.062,721.0
קרית עקרון,,עמיחי,52.0,1800000,94,4.0,0.0,2022,6,183026.75,640523.72,34.819517,31.856978,0.062,721.0
נס ציונה,וואלי,עומרים,22.0,2800000,143,4.0,1.0,2024,11,179977.08,646995.38,34.787031,31.915238,1.213,1305.7
נס ציונה,וואלי,עומרים,22.0,3655000,113,5.0,3.0,2023,7,179977.08,646995.38,34.787031,31.915238,1.213,1305.7
נס ציונה,וואלי,עומרים,22.0,2851000,101,4.0,4.0,2023,6,179977.08,646995.38,34.787031,31.915238,1.213,1305.7
נס ציונה,וואלי,עומרים,22.0,3700000,95,4.0,0.0,2022,6,179977.08,646995.38,34.787031,31.915238,1.213,1305.7
לוד,אחיסמך,,,379000,115,5.0,3.0,2015,7,190511.79,650101.25,34.898319,31.943564,-0.502,490.2
עומר,,צבעוני,6.0,3600000,192,5.0,1.0,2024,11,186455.82,575058.7,34.857938,31.266683,0.421,921.9
קרית אונו,גני אילן,טרומן,4.0,763000,45,2.0,0.0,2007,9,186975.75,663501.41,34.860471,32.06431,1.421,1380.2
קרית אונו,גני אילן,טרומן,2.0,473000,70,3.0,0.0,2023,1,186989.18,663477.53,34.860614,32.064095,1.421,1380.2
קרית אונו,קיראון,קורצ'אק,7.0,2450000,60,3.0,3.0,2022,6,187429.66,662233.49,34.86532,32.052889,1.421,1380.2
אשדוד,רובע ו,יהודה המכבי,4.0,1580000,65,3.0,1.0,2022,10,167535.47,633917.17,34.65619,31.7968,-0.188,654.2
אשדוד,רובע ו,יהודה המכבי,1.0,2100000,132,5.0,3.0,2023,12,167455.06,634028.57,34.655335,31.797801,-0.188,654.2
אשדוד,רובע ו,יהודה המכבי,25.0,1400000,48,2.0,4.0,2023,12,167769.75,633835.93,34.658668,31.796078,-0.188,654.2
נס ציונה,מרכז מערבי,עמק השושנים,17.0,1880000,96,4.0,3.0,2021,5,180782.82,648520.48,34.795489,31.929019,1.213,1305.7
נס ציונה,מרכז מערבי,עמק השושנים,21.0,1820000,66,3.0,3.0,2024,6,180735.88,648510.23,34.794993,31.928925,1.213,1305.7
נס ציונה,מרכז מערבי,עמק השושנים,17.0,2230000,100,4.0,3.0,2021,12,180782.82,648520.48,34.795489,31.929019,1.213,1305.7
אשדוד,"רובע י""ג",המלך אמציה,20.0,1520000,84,3.0,1.0,2022,2,166308.11,631500.49,34.643362,31.77495,-0.188,654.2
אשדוד,"רובע י""ג",המלך אמציה,17.0,2350000,97,4.0,0.0,2022,3,166471.81,631354.71,34.645098,31.773643,-0.188,654.2
אשדוד,"רובע י""ג",המלך אמציה,20.0,1300000,55,2.0,4.0,2022,10,166308.11,631500.49,34.643362,31.77495,-0.188,654.2
אשקלון,אפרידר,השקמה,79.0,2400000,89,3.0,1.0,2021,9,158947.94,620961.91,34.566317,31.679548,-0.255,589.1
פתח תקווה,שיפר,הרב משה בלוי,1.0,2410000,88,4.0,8.0,2024,2,189871.8,666938.87,34.891034,32.095388,0.492,944.5
פתח תקווה,שיפר,הרב משה בלוי,1.0,2190000,75,3.0,1.0,2024,2,189871.8,666938.87,34.891034,32.095388,0.492,944.5
צור הדסה,,עגור,8.0,2750000,107,4.0,3.0,2025,7,209486.79,624005.83,35.099268,31.708552,0.421,921.9
צור הדסה,,עגור,10.0,1950000,85,3.0,3.0,2024,4,209457.22,624009.18,35.098956,31.708582,0.421,921.9
חיפה,קריית אליעזר,,,2400000,127,5.0,3.0,2025,6,198546.56,748012.09,34.981134,32.826649,0.366,881.8
חיפה,קריית אליעזר,,,2400000,127,5.0,12.0,2025,5,198546.56,748012.09,34.981134,32.826649,0.366,881.8
אלעד,,,,1234000,80,3.0,6.0,2025,9,196038.53,659347.79,34.956546,32.027077,-1.419,157.6
ראשון לציון,אברמוביץ,מונטיפיורי,14.0,123000,55,2.0,3.0,2021,11,181517.8,653006.12,34.803085,31.969495,0.763,1102.0
ראשון לציון,אברמוביץ,מונטיפיורי,8.0,650000,61,2.0,1.0,2022,3,181516.91,652944.58,34.803078,31.96894,0.763,1102.0
ראשון לציון,אברמוביץ,מונטיפיורי,14.0,1560000,55,2.0,3.0,2023,1,181517.8,653006.12,34.803085,31.969495,0.763,1102.0
מגאר,,,,500000,175,6.0,1.0,2022,12,239537.3,753665.93,35.41902,32.877644,0.421,921.9
חולון,רסקו א,ההסתדרות,113.0,2720000,87,4.0,5.0,2026,1,179494.36,658307.54,34.78146,32.017233,0.421,921.9
חולון,רסקו א,ההסתדרות,101.0,1135600,65,3.0,1.0,2025,5,179325.18,658338.59,34.779668,32.017507,0.421,921.9
חולון,קרית פנחס איילון,ההסתדרות,128.0,3400000,116,5.0,3.0,2025,1,179803.58,658035.2,34.784744,32.014788,0.421,921.9
חיפה,העיר התחתית,הנמל,39.0,1630000,54,1.0,1.0,2026,1,200311.13,747177.07,34.999996,32.819152,0.366,881.8
בית שמש,רמת בית שמש ג,אלישע הנביא,13.0,1800000,67,3.0,3.0,2023,7,199009.92,623556.75,34.988753,31.704363,-1.193,302.0
בית שמש,רמת בית שמש ג,הנביא צפניה,5.0,3950000,133,5.0,3.0,2023,1,199048.63,623575.3,34.989161,31.704531,-1.193,302.0
בית שמש,רמת בית שמש ג,אלישע הנביא,4.0,1965000,74,3.0,3.0,2025,4,199034.21,623377.85,34.989013,31.70275,-1.193,302.0
נוף הגליל,זאב,ירדן,32.0,765000,56,2.0,1.0,2022,1,231185.02,734396.28,35.329527,32.704012,-0.214,576.4
נוף הגליל,זאב,ירדן,9.0,1350000,94,4.0,3.0,2023,12,230852.44,734387.35,35.32598,32.703935,-0.214,576.4
עכו,,,,1640000,122,4.0,3.0,2024,3,210671.66,758387.02,35.110526,32.920362,-0.471,467.4
עכו,,,,1845000,100,4.0,4.0,2026,1,210671.66,758387.02,35.110526,32.920362,-0.471,467.4
בית שמש,קנה הבושם,רבי יהודה צדקה,4.0,3780000,98,5.0,3.0,2025,11,199978.98,628005.21,34.998887,31.744498,-1.193,302.0
בית שמש,קנה הבושם,רבי יהודה צדקה,1.0,2840000,122,5.0,3.0,2025,10,200029.2,628001.35,34.999417,31.744464,-1.193,302.0
חיפה,גבעת דאונס,הנטקה,9.0,660000,24,1.0,1.0,2023,11,199186.3,743349.83,34.988068,32.784622,0.366,881.8
ראשון לציון,מישור הנוף,משה בן נחמן,19.0,2825000,88,4.0,1.0,2021,11,182450.6,650522.31,34.813048,31.947127,0.763,1102.0
ראשון לציון,מישור הנוף,משה בן נחמן,9.0,2340000,87,3.0,1.0,2022,2,182647.48,650475.47,34.815132,31.946711,0.763,1102.0
ראשון לציון,מישור הנוף,משה בן נחמן,13.0,2350000,96,4.0,3.0,2022,2,182565.48,650495.06,34.814264,31.946885,0.763,1102.0
כפר סבא,מרכז,הבנים,19.0,2780000,133,4.0,3.0,2023,5,191696.42,675615.35,34.910112,32.173677,1.164,1298.0
כפר סבא,מרכז,הבנים,4.0,4600000,147,5.0,3.0,2024,2,191993.04,675577.95,34.913258,32.173347,1.164,1298.0
כפר סבא,מרכז,הבנים,7.0,2600000,137,4.0,3.0,2023,9,191938.53,675544.94,34.912681,32.173048,1.164,1298.0
פתח תקווה,שעריה,הרב גלוסקא,13.0,3950000,144,6.0,3.0,2025,12,190957.59,664116.14,34.90262,32.069961,0.492,944.5
פתח תקווה,עין גנים,דוד וולפסון,50.0,1820000,64,3.0,3.0,2025,11,190003.47,666052.58,34.892456,32.087399,0.492,944.5
פתח תקווה,מרכז העיר,דוד וולפסון,1.0,375000,53,3.0,3.0,2022,8,189581.72,665977.4,34.887991,32.08671,0.492,944.5
ביתר עילית,התמר,"אדמור""י ויז'ניץ",7.0,2330000,87,3.0,3.0,2025,10,209621.39,622504.56,35.100703,31.695014,-1.862,78.5
ביתר עילית,התמר,"אדמור""י ויז'ניץ",13.0,2645000,77,3.0,1.0,2025,9,209560.27,622431.33,35.100059,31.694353,-1.862,78.5
ביתר עילית,התמר,"אדמור""י ויז'ניץ",7.0,2900000,68,3.0,3.0,2025,9,209621.39,622504.56,35.100703,31.695014,-1.862,78.5
פתח תקווה,כפר גנים ג,הרב צבי נריה,2.0,2400000,107,4.0,1.0,2021,7,188443.52,664477.23,34.875983,32.073151,0.492,944.5
פתח תקווה,כפר גנים ג,הרב צבי נריה,1.0,3900000,176,6.0,3.0,2021,10,188438.97,664532.24,34.875933,32.073647,0.492,944.5
פתח תקווה,כפר גנים ג,הרב צבי נריה,7.0,3260000,131,5.0,4.0,2022,5,188559.08,664535.65,34.877205,32.073681,0.492,944.5
תל אביב-יפו,הצפון הישן-החלק הצפוני,אליעזר פרי,3.0,3495000,54,2.0,3.0,2021,12,178525.84,666067.85,34.770879,32.087179,1.064,1197.2
תל אביב-יפו,הצפון הישן-החלק הצפוני,אליעזר פרי,9.0,2980000,41,2.0,1.0,2021,5,178487.83,666007.23,34.770479,32.086631,1.064,1197.2
תל אביב-יפו,הצפון הישן-החלק הצפוני,אליעזר פרי,3.0,4062500,53,2.0,1.0,2025,2,178525.84,666067.85,34.770879,32.087179,1.064,1197.2
הרצליה,הרצליה הירוקה,העלייה השנייה,34.0,2940000,98,4.0,5.0,2021,11,185916.83,675470.13,34.848839,32.17221,1.247,1317.1
הרצליה,הרצליה הירוקה,העלייה השנייה,10.0,2950000,99,4.0,4.0,2021,8,185529.4,675449.68,34.844732,32.172014,1.247,1317.1
ראשון לציון,כצנלסון,ברון דבורה,7.0,1490000,55,3.0,1.0,2021,5,180824.58,652517.47,34.795771,31.965065,0.763,1102.0
ראשון לציון,כצנלסון,ברון דבורה,3.0,2250000,136,4.0,3.0,2021,9,180921.0,652492.48,34.796792,31.964843,0.763,1102.0
חיפה,זיו,טרומפלדור,35.0,1800000,76,3.0,1.0,2022,4,201842.3,743266.79,35.016421,32.783919,0.366,881.8
חיפה,נווה שאנן,טרומפלדור,5.0,1550000,111,5.0,3.0,2021,8,202205.9,743546.51,35.020297,32.786447,0.366,881.8
חיפה,זיו,טרומפלדור,35.0,2200000,107,3.0,1.0,2022,4,201835.11,743280.22,35.016344,32.78404,0.366,881.8
קרית גת,רמות דוד,,,1800000,118,4.0,1.0,2023,1,176455.32,613959.06,34.751251,31.617184,-0.47,469.5
קרית גת,רמות דוד,,,1100000,75,3.0,3.0,2022,12,176455.32,613959.06,34.751251,31.617184,-0.47,469.5
נתניה,נאות הרצל,פרופ' שור,5.0,1610000,107,4.0,3.0,2021,6,187990.87,694002.95,34.870217,32.339391,0.059,717.6
נתניה,נאות הרצל,פרופ' שור,6.0,260000,70,4.0,1.0,2023,2,187972.66,694080.3,34.870021,32.340088,0.059,717.6
מודיעין עילית,נאות הפיסגה,"רמב""ם",10.0,2700000,73,3.0,3.0,2024,6,204563.37,648665.13,35.046952,31.930884,-2.243,32.3
מודיעין עילית,נאות הפיסגה,"רמב""ם",10.0,1670000,71,3.0,3.0,2024,2,204563.37,648665.13,35.046952,31.930884,-2.243,32.3
מודיעין עילית,נאות הפיסגה,"רמב""ם",28.0,1970000,80,3.0,1.0,2021,11,204687.1,648427.09,35.048264,31.928739,-2.243,32.3
באר שבע,ד,יוסף בן מתתיהו,1.0,812000,57,3.0,3.0,2025,9,180925.17,575000.12,34.79987,31.265985,-0.188,627.8
באר שבע,ד,יוסף בן מתתיהו,73.0,760000,42,2.0,1.0,2024,3,181016.1,574942.13,34.800827,31.265465,-0.188,627.8
באר שבע,ד,יוסף בן מתתיהו,1.0,600000,50,2.0,3.0,2025,11,180925.17,575000.12,34.79987,31.265985,-0.188,627.8
נתניה,גלי הים,בני בנימין,43.0,3200000,180,6.0,6.0,2021,10,185370.93,689139.14,34.842563,32.295455,0.059,717.6
אלעד,,המאירי,30.0,3750000,157,8.0,3.0,2021,11,196625.38,662145.1,34.962692,32.052315,-1.419,157.6
אלעד,,המאירי,9.0,2360000,120,4.0,3.0,2022,11,196739.21,662113.13,34.963898,32.052029,-1.419,157.6
הוד השרון,הדר,הבנים,13.0,2400000,112,3.0,3.0,2025,3,189977.68,673602.06,34.891951,32.155478,1.498,1427.0
קרית אתא,מרכז העיר,המגינים,13.0,766000,85,4.0,1.0,2024,8,210286.08,746065.21,35.106526,32.809255,0.084,723.6
קרית אתא,מרכז העיר,המגינים,7.0,1500000,120,4.0,3.0,2023,2,210203.67,746072.05,35.105646,32.809316,0.084,723.6
תל אביב-יפו,נווה דן,אלדד הדני,1.0,8075000,178,6.0,1.0,2022,5,183916.66,668442.99,34.827893,32.10878,1.064,1197.2
קרית ים,קריית ים ב,יהודה,8.0,600000,44,3.0,1.0,2021,8,206537.77,750334.38,35.066444,32.847712,-0.334,541.1
קרית ים,סביוני ים,,,1236000,110,4.0,3.0,2021,7,208456.02,751674.33,35.086919,32.859815,-0.334,541.1
קרית ים,סביוני ים,,,1250000,110,4.0,1.0,2021,11,208456.02,751674.33,35.086919,32.859815,-0.334,541.1
ראשון לציון,נאות שיקמה,קלישר,12.0,2700000,72,3.0,1.0,2022,6,178429.33,653490.32,34.770392,31.973754,0.763,1102.0
ראשון לציון,נאות שיקמה,קלישר,9.0,2150000,72,3.0,1.0,2025,1,178527.19,653424.95,34.77143,31.973168,0.763,1102.0
ראשון לציון,נאות שיקמה,קלישר,16.0,4000000,147,5.0,3.0,2023,5,178445.62,653426.27,34.770567,31.973177,0.763,1102.0
מודיעין-מכבים-רעות,אבני חן,מגדל ים,6.0,3200000,114,4.0,7.0,2022,7,199593.16,645966.35,34.994449,31.90647,1.465,1403.3
מודיעין-מכבים-רעות,אבני חן,מגדל ים,23.0,3100000,120,4.0,6.0,2025,4,199516.11,645989.23,34.993634,31.906675,1.465,1403.3
רמת גן,נווה יהושע,נווה יהושע,35.0,2270000,73,4.0,3.0,2025,1,184491.48,663058.97,34.834179,32.060246,1.048,1230.5
רמת גן,נווה יהושע,נווה יהושע,4.0,2570000,69,3.0,6.0,2025,2,183974.5,663020.28,34.828706,32.059881,1.048,1230.5
רמת גן,נווה יהושע,נווה יהושע,4.0,2545000,75,3.0,3.0,2025,11,183974.5,663020.28,34.828706,32.059881,1.048,1230.5
עכו,קרית וולפסון,גיבורי סיני,34.0,700000,70,3.0,3.0,2026,1,207554.72,759587.84,35.077188,32.93116,-0.471,467.4
עכו,קרית וולפסון,גיבורי סיני,29.0,640000,57,3.0,3.0,2024,10,207504.62,759611.96,35.076652,32.931377,-0.471,467.4
עכו,קרית וולפסון,גיבורי סיני,21.0,1050000,50,3.0,3.0,2025,9,207466.23,759495.56,35.076243,32.930327,-0.471,467.4
טבריה,פאר,דוד אלעזר,34.0,1200000,74,3.0,5.0,2025,9,248450.75,743367.2,35.513943,32.784583,-0.727,381.5
טבריה,בן גוריון,דוד אלעזר,21.0,930000,125,5.0,3.0,2021,12,248563.22,743190.97,35.515138,32.782991,-0.727,381.5
טבריה,פאר,דוד אלעזר,40.0,1200000,87,4.0,4.0,2023,6,248348.13,743350.93,35.512847,32.784439,-0.727,381.5
קרית גת,הפרחים,העצמאות,121.0,1600000,70,4.0,1.0,2025,8,177948.71,612975.09,34.767031,31.608365,-0.47,469.5
חיפה,קריית אליהו,אחז,3.0,1200000,72,3.0,1.0,2021,11,199077.24,747531.99,34.986812,32.82233,0.366,881.8
חיפה,קריית אליהו,אחז,3.0,928000,51,2.0,3.0,2024,12,199077.24,747531.99,34.986812,32.82233,0.366,881.8
הוד השרון,מגדיאל,זקיף,4.0,3550000,132,5.0,3.0,2024,5,190964.68,674025.63,34.902401,32.159323,1.498,1427.0
הוד השרון,מגדיאל,זקיף,2.0,2230000,233,6.0,3.0,2021,5,190942.2,674049.98,34.902162,32.159542,1.498,1427.0
הוד השרון,מגדיאל,זקיף,4.0,2075000,91,3.0,3.0,2021,6,190964.68,674025.63,34.902401,32.159323,1.498,1427.0
ראשון לציון,אברמוביץ,,,1600000,86,3.0,4.0,2021,5,181486.25,652503.23,34.802771,31.964959,0.763,1102.0
עכו,,,,773000,105,4.0,3.0,2024,12,210051.34,759107.58,35.103887,32.926854,-0.471,467.4
ירושלים,צפון תלפיות,שמואל לופו,7.0,8500000,140,6.0,3.0,2024,9,221519.74,629419.22,35.22622,31.757414,-0.626,516.8
ירושלים,צפון תלפיות,שמואל לופו,7.0,8500000,119,5.0,3.0,2024,9,221519.74,629419.22,35.22622,31.757414,-0.626,516.8
קרית מוצקין,לב העיר,עכו,145.0,1470000,81,4.0,5.0,2024,10,208334.59,749317.21,35.08565,32.83856,0.419,922.3
קרית מוצקין,לב העיר,עכו,193.0,1200000,70,3.0,3.0,2024,8,208688.81,749954.41,35.089426,32.844309,0.419,922.3
קרית מוצקין,לב העיר,עכו,211.0,980000,65,4.0,3.0,2025,7,208817.23,750190.49,35.090795,32.846439,0.419,922.3
לוד,,,,2700000,124,5.0,3.0,2024,3,187395.15,651955.07,34.865296,31.960198,-0.502,490.2
לוד,,,,2605000,102,4.0,8.0,2025,9,187395.15,651955.07,34.865296,31.960198,-0.502,490.2
לוד,,,,2560000,104,4.0,5.0,2024,12,187395.15,651955.07,34.865296,31.960198,-0.502,490.2
נתניה,קריית נורדאו,לוי שושן,9.0,1500000,57,3.0,1.0,2025,11,186502.05,687482.49,34.854629,32.28055,0.059,717.6
נתניה,קריית נורדאו,לוי שושן,6.0,1560000,64,3.0,0.0,2021,12,186559.17,687492.62,34.855235,32.280643,0.059,717.6
נתניה,קריית נורדאו,לוי שושן,9.0,970000,57,3.0,1.0,2021,11,186502.05,687482.49,34.854629,32.28055,0.059,717.6
ירושלים,רמת שלמה,,,2880000,78,4.0,3.0,2023,5,221528.66,635012.12,35.226326,31.807853,-0.626,516.8
ירושלים,רמת שלמה,,,2350000,118,5.0,1.0,2021,5,221528.66,635012.12,35.226326,31.807853,-0.626,516.8
פתח תקווה,קריית מטלון,השדרה,12.0,4300000,160,5.0,1.0,2022,6,185962.31,665993.21,34.849652,32.086751,0.492,944.5
רחובות,נווה יהודה,"קק""ל",3.0,2500000,95,4.0,3.0,2022,12,181594.74,645430.62,34.804195,31.901182,0.697,1049.1
רחובות,נווה יהודה,"קק""ל",11.0,1630000,60,3.0,3.0,2021,12,181484.16,645483.26,34.803024,31.901653,0.697,1049.1
רחובות,נווה יהודה,"קק""ל",11.0,800000,60,3.0,0.0,2022,10,181484.16,645483.26,34.803024,31.901653,0.697,1049.1
באר שבע,רמות,,,1505000,125,5.0,3.0,2021,8,183042.42,575641.88,34.822077,31.271841,-0.188,627.8
נשר,גבעת נשר,הטרשים,2.0,755000,57,3.0,1.0,2023,6,204990.04,741039.22,35.050056,32.763879,0.444,933.3
נשר,גבעת נשר,הטרשים,2.0,1790000,114,6.0,3.0,2022,4,205000.59,741009.15,35.050169,32.763608,0.444,933.3
נשר,גבעת נשר,הטרשים,8.0,950000,48,2.0,3.0,2024,12,204983.2,741101.55,35.049982,32.764441,0.444,933.3
רמת השרון,,,,4841000,81,3.5,8.0,2025,3,182534.84,670984.69,34.813155,32.131656,1.744,1496.9
רמת השרון,,,,4555000,81,4.0,3.0,2024,1,182534.84,670984.69,34.813155,32.131656,1.744,1496.9
ירושלים,גילה,שמיר,27.0,6000000,194,6.0,3.0,2025,6,218399.41,626690.55,35.193288,31.732807,-0.626,516.8
ירושלים,גילה,שמיר,17.0,3500000,220,6.0,1.0,2022,3,218341.78,626606.73,35.19268,31.732051,-0.626,516.8
ירושלים,גילה,שמיר,57.0,5750000,276,7.0,1.0,2023,12,218447.96,626995.59,35.1938,31.735558,-0.626,516.8
ירושלים,מנחת-מלחה,ערד,17.0,8900000,291,7.0,1.0,2021,12,217498.42,628984.64,35.183776,31.753495,-0.626,516.8
ירושלים,מנחת-מלחה,ערד,7.0,3680000,121,4.0,1.0,2021,11,217627.57,629069.0,35.185139,31.754256,-0.626,516.8
חיפה,יזרעאליה,חניתה,58.0,900000,56,3.0,5.0,2024,3,201514.0,744024.29,35.012902,32.790744,0.366,881.8
חיפה,יזרעאליה,חניתה,58.0,790000,54,3.0,3.0,2022,1,201514.0,744024.29,35.012902,32.790744,0.366,881.8
חיפה,יזרעאליה,חניתה,58.0,1135000,54,3.0,4.0,2025,7,201514.0,744024.29,35.012902,32.790744,0.366,881.8
באר שבע,רמות הרכס,נחום סנה,2.0,1450000,119,4.0,3.0,2023,3,181009.81,576997.62,34.800682,31.284003,-0.188,627.8
באר שבע,רמות הרכס,נחום סנה,2.0,1990000,113,5.0,4.0,2023,5,181009.81,576997.62,34.800682,31.284003,-0.188,627.8
כפר סבא,עלייה,קפלנסקי,18.0,1807000,37,2.0,3.0,2024,6,190979.22,677559.63,34.90245,32.191192,1.164,1298.0
כפר סבא,עלייה,קפלנסקי,16.0,2550000,76,3.0,0.0,2024,4,191005.05,677557.89,34.902724,32.191177,1.164,1298.0
ראשון לציון,,אסתר ארדיטי,10.0,2425000,145,6.0,3.0,2025,12,184146.53,652543.5,34.830911,31.965408,0.763,1102.0
ראשון לציון,,אסתר ארדיטי,14.0,3460000,138,5.0,3.0,2024,5,184299.32,652549.85,34.832527,31.96547,0.763,1102.0
ראשון לציון,,אסתר ארדיטי,14.0,3920000,132,5.0,3.0,2024,8,184299.32,652549.85,34.832527,31.96547,0.763,1102.0
אופקים,מישור הגפן,פרי מגדים,62.0,164000,99,4.0,3.0,2021,10,163013.87,580080.56,34.611525,31.311074,-0.795,332.2
אופקים,מישור הגפן,פרי מגדים,114.0,700000,68,3.0,3.0,2024,11,162998.2,579697.99,34.611382,31.307623,-0.795,332.2
אופקים,מישור הגפן,פרי מגדים,121.0,590000,67,3.0,3.0,2022,6,163093.32,579613.09,34.612386,31.306862,-0.795,332.2
נתניה,"מע""ר - מרכז עירוני ראשי",הרעות,28.0,3176000,100,4.0,9.0,2023,6,186023.4,691445.36,34.849409,32.316271,0.059,717.6
תרום,,,,3325000,125,5.0,1.0,2022,5,198413.79,632547.24,34.982271,31.785432,0.421,921.9
יוקנעם עילית,רמת יקנעם,צאלים,75.0,900000,75,3.0,3.0,2022,3,208833.61,728110.75,35.091222,32.647346,0.539,978.3
יוקנעם עילית,רמת יקנעם,צאלים,17.0,1290000,118,4.0,8.0,2022,5,209793.19,728638.1,35.101444,32.65211,0.539,978.3
יוקנעם עילית,גבעת יערה,צאלים,80.0,1200000,101,3.0,4.0,2022,2,208774.12,727666.44,35.090593,32.643339,0.539,978.3
מודיעין עילית,קרית ספר,נתיבות המשפט,17.0,1600000,50,3.0,1.0,2024,9,204580.99,648818.24,35.047136,31.932265,-2.243,32.3
מודיעין עילית,קרית ספר,נתיבות המשפט,47.0,1870000,85,4.0,1.0,2024,1,204376.87,648527.35,35.044982,31.929639,-2.243,32.3
מודיעין עילית,קרית ספר,נתיבות המשפט,59.0,1750000,81,3.0,5.0,2025,4,204413.93,648328.14,35.045377,31.927843,-2.243,32.3
תל אביב-יפו,כוכב הצפון,מאיר יערי,18.0,3620000,69,3.0,8.0,2021,6,180039.44,667424.3,34.786856,32.099465,1.064,1197.2
תל אביב-יפו,כוכב הצפון,מאיר יערי,24.0,7000000,82,3.0,12.0,2023,4,180174.91,667452.28,34.78829,32.099722,1.064,1197.2
תל אביב-יפו,כוכב הצפון,מאיר יערי,22.0,7750000,143,3.0,3.0,2022,8,180136.66,667423.59,34.787886,32.099462,1.064,1197.2
קרית גת,כרמי גת,לכיש,113.0,2400000,125,5.0,3.0,2025,12,177958.23,614809.64,34.767054,31.62491,-0.47,469.5
קרית גת,כרמי גת,לכיש,121.0,1981000,102,4.0,6.0,2024,9,178098.22,614916.41,34.768525,31.625878,-0.47,469.5
הוד השרון,מגדיאל,חנקין,10.0,2290000,95,4.0,3.0,2024,4,191169.8,674075.84,34.904574,32.159781,1.498,1427.0
הוד השרון,מגדיאל,חנקין,14.0,2740000,113,4.0,7.0,2024,1,191254.06,674049.66,34.905468,32.159547,1.498,1427.0
הוד השרון,מגדיאל,חנקין,41.0,5940000,213,5.0,1.0,2024,6,191507.78,674001.5,34.908159,32.159119,1.498,1427.0
קרית אתא,מרכז העיר,התבור,31.0,114000,75,3.0,3.0,2023,3,211008.7,745483.43,35.114247,32.804015,0.084,723.6
קרית אתא,מרכז העיר,התבור,3.0,1560000,152,8.0,3.0,2025,3,211008.36,745748.27,35.114241,32.806403,0.084,723.6
ראשון לציון,רמת אליהו,זלמן שניאור,1.0,3540000,128,5.0,11.0,2025,5,179902.82,654433.3,34.785942,31.98231,0.763,1102.0
ראשון לציון,רמת אליהו,שניאור זלמן,24.0,2100000,68,3.0,1.0,2023,6,180079.22,654907.23,34.787789,31.98659,0.763,1102.0
ראשון לציון,רמת אליהו,זלמן שניאור,29.0,1919100,97,4.0,3.0,2024,11,180015.27,654866.67,34.787114,31.986222,0.763,1102.0
כפר יאסיף,מערבית - אלדאר אלגרביה,רח' 220,34.0,950000,100,3.0,3.0,2023,5,214950.37,762046.99,35.156251,32.953389,0.421,921.9
כפר יאסיף,מערבית - אלדאר אלגרביה,רח' 220,34.0,950000,92,4.0,3.0,2024,11,214950.37,762046.99,35.156251,32.953389,0.421,921.9
כפר יאסיף,מערבית - אלדאר אלגרביה,רח' 220,1.0,500000,100,3.0,3.0,2025,8,215507.17,762028.78,35.162206,32.953227,0.421,921.9
רמת השרון,נווה מגן,טרומפלדור,17.0,7800000,367,5.0,3.0,2022,7,185606.63,671398.61,34.845694,32.135485,1.744,1496.9
פתח תקווה,קרול,שלום אש,3.0,1000000,42,2.0,3.0,2022,12,188492.64,666534.67,34.876437,32.091706,0.492,944.5
בת ים,עמידר,ויצמן,32.0,1615000,58,2.0,3.0,2022,2,176754.19,659664.86,34.752397,32.029373,-0.115,605.6
בת ים,עמידר,ויצמן,7.0,2100000,121,3.5,1.0,2025,5,176534.78,659518.63,34.750081,32.028046,-0.115,605.6
בת ים,עמידר,ויצמן,46.0,1000000,40,2.0,3.0,2022,12,176899.42,659559.68,34.753939,32.02843,-0.115,605.6
אשקלון,נווה הדרים,מרחשוון,2.0,2050000,115,4.0,3.0,2022,10,160489.53,619994.7,34.582632,31.670906,-0.255,589.1
עמיעד,,,,750000,87,3.0,1.0,2022,5,250862.04,759543.08,35.540231,32.93037,0.421,921.9
ירושלים,רמות,הרב הרץ יוסף צבי,30.0,2200000,59,3.0,7.0,2021,7,219517.13,636045.02,35.205083,31.81717,-0.626,516.8
ירושלים,רמות,הרב הרץ יוסף צבי,24.0,2920000,104,2.0,3.0,2023,1,219473.29,636024.73,35.20462,31.816987,-0.626,516.8
ירושלים,רמות,הרב הרץ יוסף צבי,10.0,1415000,55,2.0,4.0,2021,7,219423.21,636008.76,35.204091,31.816843,-0.626,516.8
חיפה,רמת שאול,סטפן וייז,1.0,1460000,106,3.0,4.0,2021,12,197399.0,747326.75,34.968895,32.820447,0.366,881.8
חיפה,רמת שאול,סטפן וייז,1.0,1400000,86,4.0,3.0,2023,4,197399.0,747326.75,34.968895,32.820447,0.366,881.8
תל אביב-יפו,רמת אביב החדשה,שרגא פרידמן,1.0,5300000,117,5.0,3.0,2024,9,180513.02,669496.73,34.791789,32.11817,1.064,1197.2
מודיעין-מכבים-רעות,הנחלים,עמק החולה,82.0,2850000,125,4.0,3.0,2025,5,201169.98,644952.02,35.011138,31.897349,1.465,1403.3
מודיעין-מכבים-רעות,משואה,עמק החולה,53.0,3275000,98,4.0,1.0,2024,12,201650.2,644754.68,35.016218,31.895577,1.465,1403.3
מודיעין-מכבים-רעות,הנחלים,עמק החולה,58.0,2070000,96,3.5,3.0,2023,7,201484.28,644866.52,35.014462,31.896583,1.465,1403.3
"מצפה אבי""ב",,,,3900000,207,6.0,1.0,2023,3,219285.99,748541.63,35.202622,32.831623,0.421,921.9
בית שמש,מרכז העיר,,,2666000,109,4.0,8.0,2025,12,198769.21,629127.17,34.986096,31.754595,-1.193,302.0
בית שמש,מרכז העיר,,,4156000,163,6.0,3.0,2025,12,198769.21,629127.17,34.986096,31.754595,-1.193,302.0
אבן יהודה,,תירוש,7.0,5100000,184,6.0,3.0,2024,3,190004.31,686294.53,34.891842,32.269935,0.421,921.9
מזכרת בתיה,בר לב,,,2400000,102,4.0,3.0,2022,10,186026.62,639092.94,34.851263,31.844167,0.421,921.9
מזכרת בתיה,בר לב,,,2950000,105,4.0,3.0,2024,5,186026.62,639092.94,34.851263,31.844167,0.421,921.9
נתניה,קריית השרון,הפארק,59.0,2270000,106,4.0,4.0,2025,8,188688.79,689279.97,34.877783,32.296821,0.059,717.6
נתניה,קריית יצחק רבין,הפארק,25.0,2550000,115,4.0,4.0,2025,12,188916.48,689756.68,34.880185,32.301126,0.059,717.6
נתניה,קריית יצחק רבין,הפארק,27.0,2950000,110,4.0,3.0,2023,1,188889.47,689702.76,34.8799,32.300639,0.059,717.6
כפר סבא,ותיקים,גיל,7.0,2250000,99,4.0,3.0,2021,6,189920.34,675940.85,34.891271,32.176567,1.164,1298.0
כפר סבא,ותיקים,טשרניחובסקי,13.0,2270000,112,4.0,3.0,2024,4,190104.3,676023.71,34.893219,32.177319,1.164,1298.0
כפר סבא,ותיקים,טשרניחובסקי,13.0,4470000,145,6.0,3.0,2024,11,190104.3,676023.71,34.893219,32.177319,1.164,1298.0
תל אביב-יפו,הצפון החדש סביבת כיכר המדינה,מטמון כהן,1.0,5000000,86,3.0,1.0,2022,3,179984.64,666023.5,34.786333,32.086831,1.064,1197.2
מודיעין-מכבים-רעות,משואה,נחל נעמן,6.0,2600000,107,5.0,3.0,2021,7,200397.84,644643.27,35.002982,31.894552,1.465,1403.3
נתיבות,קרית מנחם בגין,יובל,46.0,1230000,108,4.0,4.0,2024,9,159860.58,592538.6,34.577657,31.423269,-0.8,328.9
נתיבות,קרית מנחם בגין,יובל,68.0,1485000,143,5.0,1.0,2025,12,159983.82,592489.55,34.578956,31.422833,-0.8,328.9
מודיעין-מכבים-רעות,הפרחים,דבורנית,9.0,2500000,87,3.0,1.0,2025,9,201111.52,645960.19,35.010501,31.90644,1.465,1403.3
מודיעין-מכבים-רעות,הפרחים,דבורנית,9.0,750000,96,3.0,3.0,2022,12,201111.52,645960.19,35.010501,31.90644,1.465,1403.3
מודיעין-מכבים-רעות,הפרחים,דבורנית,8.0,3220000,144,5.0,3.0,2022,3,201035.77,645970.64,35.0097,31.906533,1.465,1403.3
גבעתיים,שטח 9,דוד בן גוריון,258.0,1140000,128,4.0,7.0,2025,1,182552.92,663657.74,34.813628,32.065584,1.522,1451.9
גבעתיים,פועלי הרכבת,דוד בן גוריון,174.0,2750000,105,4.0,3.0,2024,3,182979.76,664795.95,34.818105,32.075862,1.522,1451.9
גבעתיים,גבעת קוזלובסקי,דוד בן גוריון,200.0,2750000,98,4.0,3.0,2021,12,182979.77,664430.78,34.818119,32.072569,1.522,1451.9
רעננה,קריית דוד רמז,שברץ,21.0,2956000,81,4.0,3.0,2024,6,189002.2,676477.29,34.881519,32.18138,1.188,1307.4
רעננה,קריית דוד רמז,שברץ,2.0,2420000,132,5.0,3.0,2021,7,189024.95,676264.31,34.881767,32.17946,1.188,1307.4
רעננה,קריית דוד רמז,שברץ,11.0,2850000,127,3.0,1.0,2025,4,188984.99,676370.55,34.88134,32.180417,1.188,1307.4
מודיעין-מכבים-רעות,המגינים,"רא""ל דוד אלעזר",36.0,2765000,140,4.0,3.0,2022,5,200086.19,646426.92,34.999652,31.910632,1.465,1403.3
מודיעין-מכבים-רעות,המגינים,"רא""ל דוד אלעזר",40.0,2460000,86,4.0,0.0,2021,8,200054.84,646455.14,34.99932,31.910886,1.465,1403.3
מודיעין-מכבים-רעות,המגינים,"רא""ל דוד אלעזר",5.0,3875000,140,4.0,3.0,2023,9,200423.84,646058.36,35.003229,31.907314,1.465,1403.3
תל אביב-יפו,רמת אביב,נח,9.0,4250000,59,3.0,3.0,2024,5,181002.97,668436.06,34.797023,32.108622,1.064,1197.2
תל אביב-יפו,רמת אביב,נח,9.0,4600000,90,3.0,3.0,2024,3,181002.97,668436.06,34.797023,32.108622,1.064,1197.2
ג'דידה-מכר,,רח' 1005,30.0,1025000,130,4.0,1.0,2021,8,214094.66,759018.38,35.147117,32.926077,0.421,921.9
לוד,מרכז העיר,אנה פרנק,6.0,1000000,50,2.0,1.0,2023,7,189894.56,650957.42,34.891765,31.951269,-0.502,490.2
לוד,מרכז העיר,אנה פרנק,8.0,1220000,58,3.0,1.0,2023,9,189853.14,650952.43,34.891327,31.951223,-0.502,490.2
לוד,מרכז העיר,אנה פרנק,8.0,1190000,62,3.0,1.0,2025,2,189853.14,650952.43,34.891327,31.951223,-0.502,490.2
יהוד-מונוסון,,מוהליבר,6.0,4080000,135,5.0,1.0,2025,3,190468.63,659649.74,34.897576,32.029671,0.975,1188.4
יהוד-מונוסון,,מוהליבר,24.0,2446000,81,3.0,1.0,2025,6,190482.06,659790.64,34.897714,32.030942,0.975,1188.4
רעננה,2003,החומה,4.0,3800000,102,4.0,0.0,2025,1,187463.29,677504.68,34.865167,32.190602,1.188,1307.4
רעננה,2003,החומה,1.0,3100000,118,4.0,1.0,2025,3,187505.67,677457.31,34.865618,32.190176,1.188,1307.4
רעננה,2003,החומה,1.0,2870000,109,3.0,0.0,2022,4,187505.67,677457.31,34.865618,32.190176,1.188,1307.4
כפר סבא,הזמר העברי,ג'ו עמר,6.0,3425000,143,4.0,3.0,2022,9,190033.96,677005.42,34.892443,32.18617,1.164,1298.0
כפר סבא,הזמר העברי,ג'ו עמר,6.0,2200000,131,5.0,4.0,2023,8,190033.96,677005.42,34.892443,32.18617,1.164,1298.0
כפר סבא,הזמר העברי,ג'ו עמר,6.0,4350000,167,5.0,3.0,2023,5,190033.96,677005.42,34.892443,32.18617,1.164,1298.0
אשדוד,"הקריה מע""ר",כינור,18.0,2740000,135,5.0,5.0,2024,2,165334.36,633153.93,34.632991,31.789815,-0.188,654.2
אשדוד,"הקריה מע""ר",כינור,10.0,5000000,263,5.0,3.0,2025,4,165358.84,633342.76,34.633239,31.791519,-0.188,654.2
חיפה,כרמליה,לאה,4.0,2200000,86,4.0,1.0,2021,10,198216.66,744641.99,34.977688,32.796255,0.366,881.8
חיפה,כרמליה,לאה,58.0,3862000,145,5.0,6.0,2021,6,198015.93,744990.44,34.975537,32.799393,0.366,881.8
חיפה,כרמליה,לאה,58.0,2800000,135,5.0,5.0,2021,12,198015.93,744990.44,34.975537,32.799393,0.366,881.8
נהרייה,מרכז העיר,נורדאו,22.0,1220000,90,4.0,3.0,2021,11,209012.79,768376.89,35.092678,33.010423,0.137,783.8
נהרייה,מרכז העיר,נורדאו,12.0,1515000,125,4.0,3.0,2024,5,209019.57,768515.18,35.092749,33.01167,0.137,783.8
גבעת אבני,,הדקלים,27.0,2530000,180,7.0,3.0,2024,12,241258.33,742519.1,35.437148,32.777102,0.421,921.9
כפר יונה,בנה ביתך,נחל זוויתן,59.0,3520000,167,6.0,3.0,2023,5,193575.31,690913.61,34.929618,32.311676,0.817,1135.0
נתניה,קריית השרון,"ד""ר יהודה פרח",5.0,2000000,82,3.0,4.0,2025,6,187976.79,689970.38,34.870201,32.303027,0.059,717.6
נתניה,קריית השרון,"ד""ר יהודה פרח",9.0,2350000,106,5.0,6.0,2022,4,188053.05,689989.66,34.87101,32.303203,0.059,717.6
נתניה,קריית השרון,"ד""ר יהודה פרח",6.0,2120000,122,5.0,6.0,2021,7,188036.14,689914.86,34.870833,32.302528,0.059,717.6
יהוד-מונוסון,אזור תעשיה,ויצמן,5.0,2867000,103,4.0,1.0,2024,12,189892.39,659551.26,34.891479,32.028768,0.975,1188.4
יהוד-מונוסון,אזור תעשיה,ויצמן,5.0,3232000,123,5.0,3.0,2024,12,189892.39,659551.26,34.891479,32.028768,0.975,1188.4
יהוד-מונוסון,,ויצמן,12.0,1750000,51,2.0,0.0,2025,11,189987.35,659691.26,34.89248,32.030033,0.975,1188.4
נופית,,איתנים,109.0,3900000,238,6.0,3.0,2024,12,214083.08,740420.5,35.147101,32.758382,0.421,921.9
גני תקווה,גבעת סביון החדשה,הכרמל,16.0,3195000,132,4.5,11.0,2024,11,188974.35,662961.63,34.881653,32.059498,1.424,1414.3
גני תקווה,גבעת סביון החדשה,הכרמל,10.0,926000,138,4.0,8.0,2023,7,188992.11,663088.33,34.881837,32.060641,1.424,1414.3
שוהם,גבעולים,הבשור,47.0,3854000,130,5.0,3.0,2024,11,194570.31,656400.05,34.94108,32.000463,1.706,1516.5
מודיעין-מכבים-רעות,הנחלים,עמק דותן,84.0,2725000,94,4.0,3.0,2025,3,201113.64,645187.2,35.010538,31.899469,1.465,1403.3
מודיעין-מכבים-רעות,הנחלים,עמק דותן,25.0,2235000,111,4.0,3.0,2023,5,202072.77,645078.08,35.020679,31.8985,1.465,1403.3
מודיעין-מכבים-רעות,הנחלים,עמק דותן,23.0,1900000,80,3.0,3.0,2024,11,202109.57,645079.23,35.021068,31.898511,1.465,1403.3
ירושלים,עזרת תורה,עזרת תורה,31.0,6273600,140,5.0,5.0,2024,3,220344.82,634029.18,35.213823,31.79899,-0.626,516.8
ירושלים,עזרת תורה,עזרת תורה,19.0,1654000,124,5.0,3.0,2023,8,220284.04,633858.85,35.213181,31.797454,-0.626,516.8
ירושלים,עזרת תורה,עזרת תורה,23.0,5000000,123,4.0,3.0,2025,5,220312.54,633906.54,35.213482,31.797884,-0.626,516.8
קרית גת,מלכי ישראל,גדעון בן יואש,6.0,1320000,101,4.0,3.0,2025,12,177482.71,614062.97,34.762074,31.618159,-0.47,469.5
קרית גת,מלכי ישראל,גדעון בן יואש,10.0,1070000,61,3.0,1.0,2024,3,177486.07,613980.46,34.762113,31.617415,-0.47,469.5
קרית גת,מלכי ישראל,גדעון בן יואש,10.0,1090000,61,3.0,3.0,2025,2,177486.07,613980.46,34.762113,31.617415,-0.47,469.5
ירושלים,תלפיות,,,4699000,131,5.0,11.0,2025,8,220498.94,627980.9,35.215444,31.744444,-0.626,516.8
ירושלים,תלפיות,,,2886000,75,3.0,5.0,2025,3,220498.94,627980.9,35.215444,31.744444,-0.626,516.8
בת ים,צפון-מערב,ארלוזורוב,16.0,2308000,73,3.0,3.0,2024,9,175932.66,659568.08,34.743705,32.028469,-0.115,605.6
נתניה,קרית צאנז,רבי מאיר,8.0,2100000,70,3.0,1.0,2024,7,187052.16,694479.0,34.86023,32.343657,0.059,717.6
נתניה,קרית צאנז,רבי מאיר,3.0,1970000,85,3.0,5.0,2025,11,186980.0,694463.15,34.859464,32.343512,0.059,717.6
בית ג'ן,,א-זוהור,6.0,600000,142,5.0,3.0,2025,8,235982.96,763506.48,35.381216,32.966433,0.421,921.9
ראש העין,"צה""ל",וולפסון,1.0,450000,130,5.0,3.0,2024,1,194931.08,666961.02,34.944629,32.095709,0.741,1061.7
ראש העין,"צה""ל",וולפסון,11.0,281000,100,4.0,3.0,2022,7,195015.6,667015.82,34.945523,32.096205,0.741,1061.7
קרית ים,קריית ים ג,יהודה הלוי,3.0,500000,24,2.0,1.0,2023,1,207027.74,750551.57,35.071675,32.849676,-0.334,541.1
קרית ים,קריית ים ג,יהודה הלוי,3.0,330000,24,2.0,3.0,2021,10,207027.74,750551.57,35.071675,32.849676,-0.334,541.1
קרית ים,קריית ים ג,יהודה הלוי,12.0,350000,24,1.0,1.0,2022,4,207132.28,750757.83,35.072789,32.851537,-0.334,541.1
ירושלים,קרית היובל,,,1890000,58,3.0,3.0,2021,11,217009.04,630523.93,35.178607,31.767376,-0.626,516.8
ירושלים,קרית היובל,,,1920000,58,3.0,1.0,2021,10,217009.04,630523.93,35.178607,31.767376,-0.626,516.8
ירושלים,קרית היובל,,,1955000,57,3.0,1.0,2022,2,217009.04,630523.93,35.178607,31.767376,-0.626,516.8
מודיעין-מכבים-רעות,הציפורים,דוכיפת,35.0,4790000,180,5.0,3.0,2025,1,199663.21,644964.13,34.99521,31.897433,1.465,1403.3
מודיעין-מכבים-רעות,הציפורים,דוכיפת,28.0,4200000,154,5.0,3.0,2021,6,199328.05,644822.84,34.99167,31.896153,1.465,1403.3
מודיעין-מכבים-רעות,הציפורים,דוכיפת,20.0,2400000,85,3.0,3.0,2024,2,199461.85,644936.79,34.993082,31.897183,1.465,1403.3
נתיבות,לוי אשכול,יצחק ורדימון,14.0,760000,95,4.0,3.0,2022,2,160954.86,592049.62,34.589194,31.418915,-0.8,328.9
נתיבות,לוי אשכול,יצחק ורדימון,14.0,980000,84,4.0,4.0,2025,5,160954.86,592049.62,34.589194,31.418915,-0.8,328.9
נתיבות,לוי אשכול,יצחק ורדימון,14.0,605000,92,4.0,4.0,2021,8,160954.86,592049.62,34.589194,31.418915,-0.8,328.9
ירושלים,עמק רפאים-המושבה הגרמנית,צבי גרץ,8.0,3500000,78,3.0,1.0,2025,2,221086.12,630507.25,35.221645,31.767227,-0.626,516.8
ירושלים,עמק רפאים-המושבה הגרמנית,גרץ צבי,11.0,2300000,110,4.0,3.0,2024,7,221019.43,630510.67,35.220941,31.767258,-0.626,516.8
אשדוד,"רובע י""א",הבשור,19.0,5150000,280,6.0,3.0,2021,9,164914.9,632962.97,34.628573,31.788073,-0.188,654.2
אשדוד,"רובע י""א",הבשור,6.0,2750000,129,5.0,8.0,2023,7,165047.9,633074.16,34.629971,31.789082,-0.188,654.2
מזכרת בתיה,נאות הראשונים,"תרמ""ג",8.0,2830000,113,5.0,3.0,2021,8,185462.85,639977.67,34.845276,31.852129,0.421,921.9
מזכרת בתיה,,"תרמ""ג",1.0,5000000,156,6.0,3.0,2025,4,185385.22,640030.82,34.844454,31.852606,0.421,921.9
חולון,קרית עבודה,ויצמן,55.0,2396000,82,4.0,3.0,2024,6,178484.51,658221.39,34.770775,32.01642,0.421,921.9
חולון,קרית עבודה,ויצמן,82.0,1540000,91,4.0,3.0,2021,11,178391.92,658011.95,34.769804,32.014528,0.421,921.9
רעננה,לב הפארק,אלימלך רימלט,6.0,2640000,94,4.0,3.0,2024,12,186205.22,678105.34,34.851805,32.195982,1.188,1307.4
רעננה,לב הפארק,אלימלך רימלט,16.0,1500000,95,3.0,1.0,2021,8,186047.2,678081.79,34.85013,32.195765,1.188,1307.4
רעננה,לב הפארק,אלימלך רימלט,30.0,2690000,105,4.5,1.0,2025,2,185848.98,678048.63,34.848029,32.19546,1.188,1307.4
נוף הגליל,הר יונה,אגמון,22.0,650000,72,3.0,0.0,2021,5,231757.43,736614.44,35.335661,32.724007,-0.214,576.4
נוף הגליל,הר יונה,אגמון,14.0,1060000,78,3.0,1.0,2026,2,231540.33,736602.97,35.333345,32.723906,-0.214,576.4
נוף הגליל,הר יונה,אגמון,25.0,680000,60,3.0,1.0,2025,2,231782.23,736649.29,35.335926,32.724321,-0.214,576.4
חיפה,נווה דוד,דוד המלך,25.0,700000,34,2.0,1.0,2024,3,196447.79,746168.98,34.958766,32.809988,0.366,881.8
חיפה,נווה דוד,דוד המלך,27.0,818100,34,3.0,1.0,2024,1,196442.14,746194.16,34.958705,32.810215,0.366,881.8
חיפה,נווה דוד,דוד המלך,3.0,1265000,56,3.0,3.0,2022,12,196550.94,745819.5,34.959876,32.806839,0.366,881.8
מודיעין-מכבים-רעות,אבני חן,מגדל המנורה,2.0,2740000,131,3.0,0.0,2022,1,199974.88,645491.8,34.998494,31.902197,1.465,1403.3
מודיעין-מכבים-רעות,אבני חן,מגדל המנורה,2.0,3500000,141,4.0,6.0,2024,8,199974.88,645491.8,34.998494,31.902197,1.465,1403.3
מודיעין-מכבים-רעות,אבני חן,מגדל המנורה,2.0,3450000,145,4.0,4.0,2025,2,199974.88,645491.8,34.998494,31.902197,1.465,1403.3
קרית אתא,מרכז העיר,איינשטיין,9.0,900000,62,3.0,1.0,2023,5,210969.88,746534.49,35.113823,32.813492,0.084,723.6
קרית אתא,מרכז העיר,איינשטיין,12.0,710000,70,3.0,3.0,2023,1,210989.41,746482.9,35.114032,32.813027,0.084,723.6
קרית אתא,גבעה א,איינשטיין,14.0,550000,68,3.0,3.0,2021,10,211063.71,746517.0,35.114825,32.813335,0.084,723.6
ירושלים,הולילנד,,,4106000,105,4.0,9.0,2025,7,217985.2,629496.74,35.188913,31.758114,-0.626,516.8
ירושלים,הולילנד,,,6475000,160,6.0,9.0,2025,11,217985.2,629496.74,35.188913,31.758114,-0.626,516.8
אריאל,,הגליל,8.0,2000000,90,3.0,1.0,2023,1,217523.12,667995.66,35.183959,32.105304,0.343,889.8
אריאל,,הגליל,24.0,2500000,136,5.0,1.0,2023,6,217800.61,668019.89,35.186899,32.105523,0.343,889.8
בני ברק,אהרונוביץ- סוקולוב,ראובן אהרונוביץ,22.0,2150000,75,3.0,3.0,2021,11,184912.41,666159.95,34.838525,32.088223,-1.577,139.7
בני ברק,שיכון ה,ראובן אהרונוביץ,17.0,2750000,90,4.0,5.0,2023,3,185004.05,666488.32,34.839484,32.091187,-1.577,139.7
באר שבע,יא,שאול המלך,147.0,800000,71,3.0,1.0,2025,4,177876.49,573992.32,34.767902,31.256791,-0.188,627.8
באר שבע,יא,שאול המלך,147.0,800000,76,3.0,1.0,2024,11,177876.49,573992.32,34.767902,31.256791,-0.188,627.8
באר שבע,יא,שאול המלך,151.0,325000,62,3.0,4.0,2025,2,177876.49,573992.32,34.767902,31.256791,-0.188,627.8
דימונה,,הרבי מליובאוויטש,18.0,693000,100,4.0,4.0,2026,2,204854.93,553489.63,35.051439,31.072522,-0.577,435.1
דימונה,,הרבי מליובאוויטש,6.0,1388000,96,4.0,6.0,2025,8,205059.11,553244.21,35.053582,31.070311,-0.577,435.1
ראשון לציון,מרום ראשון,,,3750000,160,5.0,6.0,2021,6,183467.28,652989.87,34.823709,31.969412,0.763,1102.0
ראשון לציון,מרום ראשון,,,2903000,124,5.0,4.0,2021,11,183467.28,652989.87,34.823709,31.969412,0.763,1102.0
ראשון לציון,מרום ראשון,,,2700000,121,5.0,3.0,2021,6,183467.28,652989.87,34.823709,31.969412,0.763,1102.0
בני ברק,רמת אהרון,הרב משה פרדו,3.0,4100000,131,5.0,3.0,2023,3,185457.93,665890.75,34.844313,32.085812,-1.577,139.7
בני ברק,רמת אהרון,הרב משה פרדו,4.0,2000000,115,4.0,3.0,2022,6,185506.75,665894.14,34.84483,32.085844,-1.577,139.7
בני ברק,רמת אהרון,הרב משה פרדו,13.0,3500000,130,4.0,3.0,2025,6,185457.8,666050.99,34.844306,32.087257,-1.577,139.7
ירושלים,קרית היובל,בורוכוב,57.0,1880000,43,3.0,3.0,2022,8,216559.68,630020.52,35.173865,31.762835,-0.626,516.8
ירושלים,קרית היובל,בורוכוב,2.0,1820000,77,3.0,3.0,2022,9,216934.5,630591.81,35.17782,31.767988,-0.626,516.8
ירושלים,קרית היובל,בורוכוב,59.0,1510000,42,2.0,3.0,2021,5,216562.7,629998.45,35.173897,31.762636,-0.626,516.8
טירת כרמל,,,,1900000,106,4.0,3.0,2023,2,196967.17,740994.16,34.964437,32.763338,-0.027,688.9
טירת כרמל,,,,1750000,97,4.0,3.0,2022,12,196967.17,740994.16,34.964437,32.763338,-0.027,688.9
טירת כרמל,,,,1260000,96,4.0,3.0,2021,5,196967.17,740994.16,34.964437,32.763338,-0.027,688.9
נתניה,נאות הרצל,אהוד בן גרא,9.0,1360000,60,2.0,0.0,2022,7,187901.81,693521.82,34.869287,32.33505,0.059,717.6
נתניה,נאות הרצל,אהוד בן גרא,9.0,2000000,68,4.0,0.0,2023,7,187901.81,693521.82,34.869287,32.33505,0.059,717.6
חולון,רסקו א,יוסף ספיר,19.0,4356000,82,3.0,1.0,2024,12,179636.28,658407.12,34.782958,32.018136,0.421,921.9
חולון,רסקו א,יוסף ספיר,1.0,1300000,40,3.0,4.0,2022,5,179510.68,658566.41,34.781622,32.019568,0.421,921.9
חולון,רסקו א,יוסף ספיר,1.0,1500000,56,3.0,3.0,2022,2,179510.68,658566.41,34.781622,32.019568,0.421,921.9
קרית אתא,מרכז העיר,,,1590000,100,4.0,3.0,2023,6,210031.57,745523.91,35.103814,32.804372,0.084,723.6
קרית אתא,מרכז העיר,,,1250000,103,4.0,7.0,2022,1,210031.57,745523.91,35.103814,32.804372,0.084,723.6
קרית אתא,מרכז העיר,,,1710000,110,4.0,10.0,2024,9,210031.57,745523.91,35.103814,32.804372,0.084,723.6
פתח תקווה,מחנה יהודה,יהושע בן נון,11.0,552000,72,3.0,3.0,2021,12,190432.19,664999.77,34.897029,32.077916,0.492,944.5
פתח תקווה,מחנה יהודה,בן נון יהושוע,15.0,1240000,72,3.0,3.0,2021,7,190389.97,665027.94,34.896581,32.078169,0.492,944.5
פתח תקווה,מחנה יהודה,בן נון יהושוע,15.0,1695000,61,3.0,3.0,2026,2,190389.97,665027.94,34.896581,32.078169,0.492,944.5
בית שמש,רמת נריה,,,2045000,77,3.0,3.0,2023,11,198538.29,627013.51,34.983704,31.735529,-1.193,302.0
בית שמש,רמת נריה,,,2045000,77,3.0,3.0,2023,8,198538.29,627013.51,34.983704,31.735529,-1.193,302.0
בית שמש,רמת נריה,,,3770000,170,6.0,3.0,2023,6,198538.29,627013.51,34.983704,31.735529,-1.193,302.0
חיפה,קרית חיים מזרחית,יציב,11.0,1550000,101,4.0,3.0,2025,4,206821.6,747173.83,35.069519,32.819217,0.366,881.8
חיפה,קרית חיים מזרחית,יציב,17.0,1970000,120,4.0,1.0,2025,12,206858.19,747227.46,35.069909,32.819701,0.366,881.8
חיפה,קרית חיים מזרחית,יציב,68.0,1190000,89,4.5,3.0,2023,9,207187.18,747692.4,35.073416,32.823897,0.366,881.8
קרית מוצקין,מוצקין הותיקה,יעל,29.0,1280000,109,5.0,3.0,2021,5,207496.39,748477.99,35.076708,32.830984,0.419,922.3
קרית מוצקין,מוצקין הותיקה,יעל,10.0,1979100,164,5.0,3.0,2022,11,207588.65,748276.15,35.077696,32.829165,0.419,922.3
קרית מוצקין,מוצקין הותיקה,יעל,12.0,920000,66,3.0,1.0,2022,2,207583.9,748296.34,35.077645,32.829347,0.419,922.3
מבשרת ציון,,שמעון,79.0,833000,166,5.0,1.0,2021,11,215256.69,634257.19,35.160093,31.801039,1.204,1303.2
מבשרת ציון,,שמעון,56.0,2790000,107,4.0,1.0,2021,8,215681.18,633884.79,35.164577,31.797682,1.204,1303.2
מבשרת ציון,,שמעון,95.0,3750000,129,5.0,1.0,2022,10,215381.56,634176.75,35.161412,31.800314,1.204,1303.2
באר שבע,נווה נוי,רותם,13.0,3419500,121,5.0,3.0,2025,5,180530.14,571017.95,34.795877,31.230057,-0.188,627.8
באר שבע,נווה נוי,רותם,17.0,800000,104,3.0,1.0,2022,2,180510.01,571010.27,34.795666,31.229987,-0.188,627.8
הרצליה,הרצליה ב,,,7600000,240,9.0,3.0,2021,5,183041.7,675048.77,34.818372,32.168321,1.247,1317.1
פתח תקווה,מרכז העיר,חיים עוזר,26.0,1330000,60,3.0,3.0,2021,8,189490.24,665977.01,34.887022,32.086704,0.492,944.5
פתח תקווה,מרכז העיר,חיים עוזר,13.0,1110000,46,2.5,3.0,2025,12,189502.11,666193.76,34.887141,32.088659,0.492,944.5
פתח תקווה,מרכז העיר,חיים עוזר,18.0,1490000,48,3.0,3.0,2022,4,189447.94,666102.1,34.88657,32.087831,0.492,944.5
אשקלון,ברנע,צלופחד,10.0,3800000,130,4.0,1.0,2024,12,159591.36,621489.88,34.57307,31.684343,-0.255,589.1
אור יהודה,ההסתדרות,דגניה,23.0,116000,60,3.0,3.0,2022,6,187071.53,659046.62,34.861635,32.02414,-0.135,622.8
אור יהודה,ההסתדרות,דגניה,23.0,950000,31,2.0,1.0,2022,9,187071.53,659046.62,34.861635,32.02414,-0.135,622.8
אור יהודה,ההסתדרות,דגניה,25.0,1500000,47,2.0,3.0,2024,7,187079.14,659092.83,34.861714,32.024557,-0.135,622.8
ראשון לציון,השומר,האבות,20.0,1700000,79,4.0,1.0,2024,8,182653.58,652042.77,34.815137,31.960845,0.763,1102.0
ראשון לציון,השומר,האבות,12.0,2490000,95,4.0,7.0,2024,7,182564.31,652034.44,34.814193,31.960767,0.763,1102.0
ראשון לציון,השומר,האבות,20.0,1800000,79,4.0,6.0,2025,3,182653.58,652042.77,34.815137,31.960845,0.763,1102.0
חיפה,גבעת דאונס,גבעת דאונס,21.0,1450000,77,3.0,1.0,2021,6,199435.01,743108.33,34.990728,32.782449,0.366,881.8
חיפה,גבעת דאונס,גבעת דאונס,20.0,1400000,105,4.0,1.0,2021,10,199505.47,743021.24,34.991482,32.781665,0.366,881.8
באר יעקב,,,,1952000,123,5.0,3.0,2024,9,185570.69,651042.78,34.846029,31.951918,0.421,921.9
הרצליה,הרצליה פיתוח,אבא אבן,29.0,7438000,108,3.0,1.0,2025,10,181534.66,674637.66,34.802411,32.164564,1.247,1317.1
דימונה,נאות הללי,חגי,16.0,1770000,125,5.0,1.0,2023,12,203269.1,554043.3,35.034813,31.077495,-0.577,435.1
דימונה,נאות הללי,חגי,6.0,1770000,222,5.0,1.0,2021,7,203266.26,554116.48,35.034782,31.078155,-0.577,435.1
אור יהודה,קרית גיורא,הערמון,17.0,2350000,131,5.0,3.0,2025,12,187023.3,659952.53,34.861094,32.032308,-0.135,622.8
מודיעין-מכבים-רעות,נופים,יער אשתאול,6.0,3720000,117,5.0,3.0,2022,3,199016.35,645018.73,34.988371,31.897914,1.465,1403.3
מודיעין-מכבים-רעות,נופים,יער אשתאול,14.0,3700000,168,5.0,3.0,2023,3,198949.16,645008.66,34.987661,31.897822,1.465,1403.3
רמת השרון,נווה מגן,רמז,5.0,2950000,126,3.0,3.0,2025,4,185990.71,671526.97,34.84976,32.136654,1.744,1496.9
רמת השרון,נווה מגן,רמז,4.0,2100000,118,4.0,1.0,2021,7,186031.41,671480.37,34.850193,32.136235,1.744,1496.9
אבו גוש,,,,3800000,161,5.0,3.0,2025,11,209510.18,635479.32,35.099398,31.812025,0.421,921.9
נצרת,,רח' 4072,2.0,950000,100,4.0,1.0,2025,7,228980.19,733551.3,35.306004,32.696414,-0.66,379.7
נצרת,,רח' 4072,2.0,900000,120,5.0,3.0,2023,3,228980.19,733551.3,35.306004,32.696414,-0.66,379.7
קרית ים,א,ירושלים,37.0,1150000,80,3.0,3.0,2025,3,206637.61,749501.93,35.067522,32.840207,-0.334,541.1
קרית ים,קריית ים ד,ירושלים,96.0,900000,47,2.0,3.0,2025,3,207789.91,751007.23,35.079811,32.853793,-0.334,541.1
קרית ים,קריית ים ג,ירושלים,73.0,1050000,72,3.0,3.0,2025,10,207405.26,750531.47,35.075708,32.849499,-0.334,541.1
כפר סבא,ותיקים,שיבת ציון,4.0,3200000,132,4.0,3.0,2023,7,190284.39,676236.66,34.895122,32.179244,1.164,1298.0
כפר סבא,ותיקים,שיבת ציון,4.0,537000,187,6.0,3.0,2022,9,190284.39,676236.66,34.895122,32.179244,1.164,1298.0
חולון,תל גיבורים,הפרדס,31.0,438000,52,2.0,0.0,2023,2,177951.31,659998.81,34.765055,32.032429,0.421,921.9
חולון,תל גיבורים,הפרדס,29.0,1480000,36,2.0,0.0,2024,12,177951.31,659998.81,34.765055,32.032429,0.421,921.9
חולון,תל גיבורים,הפרדס,29.0,1180000,37,2.0,1.0,2022,3,177951.31,659998.81,34.765055,32.032429,0.421,921.9
כפר סבא,גבעת אשכול,הגפן,6.0,1820000,111,4.0,1.0,2022,2,194551.55,676489.21,34.940361,32.181624,1.164,1298.0
כפר סבא,גבעת אשכול,הגפן,17.0,775000,60,3.0,3.0,2022,1,194483.48,676534.62,34.939638,32.182032,1.164,1298.0
עכו,מרכז העיר,בן עמי,27.0,1070000,78,3.0,3.0,2025,8,207211.31,759153.4,35.073522,32.927239,-0.471,467.4
עכו,מרכז העיר,בן עמי,30.0,850000,93,3.0,4.0,2025,5,207309.51,759064.22,35.074573,32.926436,-0.471,467.4
רעננה,קריית דוד רמז,נחשון,6.0,5900000,217,7.0,3.0,2025,3,189028.87,676913.57,34.881788,32.185315,1.188,1307.4
עפולה,גבעת המורה,החוחית,15.0,2400000,229,6.0,1.0,2021,8,231522.69,725086.18,35.333008,32.620058,-0.331,551.2
עפולה,גבעת המורה,החוחית,32.0,2200000,246,7.0,1.0,2021,11,231460.68,724987.62,35.332346,32.61917,-0.331,551.2
טבריה,רמת כנרת,יהודה הנשיא,18.0,700000,42,2.5,0.0,2024,2,249888.91,744513.6,35.529332,32.794881,-0.727,381.5
טבריה,קריית שמואל,יהודה הנשיא,33.0,825000,82,4.0,7.0,2024,1,250031.09,744486.64,35.530849,32.794634,-0.727,381.5
טבריה,קריית שמואל,יהודה הנשיא,27.0,1300000,108,4.0,1.0,2023,11,249968.47,744504.3,35.530181,32.794795,-0.727,381.5
ירושלים,שועפאת,,,2442000,120,4.0,4.0,2024,10,221467.97,635942.32,35.225687,31.816242,-0.626,516.8
מעלה אדומים,נופי סלע,הרכס,14.0,2460000,122,5.0,1.0,2025,5,229915.26,631633.69,35.314858,31.777339,0.226,817.5
מעלה אדומים,נופי סלע,הרכס,20.0,2038000,138,6.0,4.0,2023,4,229828.88,631629.39,35.313946,31.777301,0.226,817.5
מעלה אדומים,נופי סלע,הרכס,8.0,3230000,118,4.0,1.0,2023,6,229990.88,631606.05,35.315656,31.777089,0.226,817.5
באר שבע,ו,מבצע ברוש,3.0,770000,97,3.0,3.0,2021,9,179526.68,574986.16,34.785187,31.265812,-0.188,627.8
באר שבע,ו,מבצע ברוש,11.0,880000,74,3.0,4.0,2026,2,179395.65,574941.08,34.783813,31.265401,-0.188,627.8
דימונה,,הרב אברהם קוק,13.0,1012992,128,5.0,4.0,2021,6,204477.78,553013.07,35.047494,31.068219,-0.577,435.1
דימונה,,הרב אברהם קוק,25.0,1100000,112,4.0,3.0,2025,1,204623.31,553210.33,35.049016,31.07,-0.577,435.1
דימונה,,הרב אברהם קוק,39.0,1240000,124,5.0,5.0,2023,7,204992.95,553225.45,35.052889,31.070141,-0.577,435.1
תל אביב-יפו,עג'מי וגבעת עליה,,,4550000,113,4.5,1.0,2022,6,176542.39,661012.42,34.750095,32.041517,1.064,1197.2
תל אביב-יפו,עג'מי וגבעת עליה,,,1625000,111,4.0,1.0,2021,5,176542.39,661012.42,34.750095,32.041517,1.064,1197.2
באר שבע,ה,קפריסין,32.0,1600000,117,4.0,3.0,2023,8,178989.68,573543.35,34.779607,31.252781,-0.188,627.8
מגדל העמק,פנחס ספיר,הניצנים,31.0,500000,87,3.0,4.0,2022,1,222479.43,732097.62,35.236675,32.683343,-0.286,578.2
מגדל העמק,פנחס ספיר,הניצנים,35.0,540000,90,4.0,4.0,2022,4,222511.8,732047.83,35.23702,32.682894,-0.286,578.2
תל אביב-יפו,נווה דן,שמואל רומנלי,17.0,2650000,116,4.0,1.0,2023,12,183950.03,668946.66,34.828228,32.113323,1.064,1197.2
תל אביב-יפו,נווה דן,שמואל רומנלי,8.0,1037000,106,4.0,3.0,2022,4,183830.49,668848.82,34.826965,32.112437,1.064,1197.2
ירושלים,רמות,שלום סיוון,10.0,2150000,64,3.0,4.0,2021,11,218049.72,636409.04,35.189584,31.820452,-0.626,516.8
ירושלים,רמות,שלום סיוון,4.0,2650000,97,5.0,1.0,2022,7,217995.38,636486.89,35.18901,31.821154,-0.626,516.8
ירושלים,רמות,שלום סיוון,6.0,3210000,123,5.0,3.0,2022,12,218017.34,636474.8,35.189242,31.821045,-0.626,516.8
פתח תקווה,מרכז העיר,רוטשילד,170.0,2885000,121,5.0,1.0,2025,8,189268.35,664946.7,34.884704,32.077407,0.492,944.5
חיפה,רמת אלמוגי,סתוונית,13.0,2970000,120,5.0,3.0,2024,4,200991.05,741980.32,35.00736,32.772305,0.366,881.8
ירושלים,קרית מנחם,החרצית,3.0,2778000,112,3.0,3.0,2025,8,215525.9,629486.29,35.162955,31.758014,-0.626,516.8
ירושלים,קרית מנחם,החרצית,7.0,2255500,72,3.0,3.0,2022,12,215599.61,629497.68,35.163733,31.758117,-0.626,516.8
ירושלים,קרית מנחם,החרצית,7.0,2275000,67,4.0,1.0,2022,7,215599.61,629497.68,35.163733,31.758117,-0.626,516.8
קרית מלאכי,,,,1365000,160,6.0,3.0,2022,10,174975.53,627081.93,34.735061,31.735473,-0.538,422.5
קרית מלאכי,,,,1772000,109,4.0,3.0,2022,2,174975.53,627081.93,34.735061,31.735473,-0.538,422.5
קרית מלאכי,,,,2731000,153,6.0,1.0,2022,3,174975.53,627081.93,34.735061,31.735473,-0.538,422.5
ראש העין,פסגות אפק,יפה ירקוני,10.0,3100000,158,5.0,5.0,2026,2,197790.86,665951.86,34.974947,32.086667,0.741,1061.7
ראש העין,פסגות אפק,יפה ירקוני,4.0,2175000,93,3.0,3.0,2025,11,197916.07,666010.15,34.976272,32.087195,0.741,1061.7
ראש העין,פסגות אפק,יפה ירקוני,2.0,2245000,83,3.0,4.0,2024,4,197936.52,666037.27,34.976488,32.08744,0.741,1061.7
טבריה,,,,842000,114,4.0,3.0,2025,11,249036.31,742033.65,35.520151,32.772543,-0.727,381.5
טבריה,,,,842000,114,4.0,1.0,2025,12,249036.31,742033.65,35.520151,32.772543,-0.727,381.5
תל אביב-יפו,נווה שרת,בית אל,16.0,4200000,111,4.0,3.0,2024,9,185095.36,669540.99,34.840342,32.118718,1.064,1197.2
תל אביב-יפו,נווה שרת,בית אל,9.0,3220000,72,4.0,3.0,2025,1,184983.04,669565.21,34.839151,32.118933,1.064,1197.2
רמלה,קרית האומנים,סשה ארגוב,20.0,3300000,126,4.0,0.0,2024,6,188074.67,646980.81,34.872645,31.915359,-0.451,483.2
רמלה,קרית האומנים,סשה ארגוב,4.0,1800000,87,4.0,7.0,2021,12,187955.06,646994.04,34.87138,31.915475,-0.451,483.2
רמלה,קרית האומנים,סשה ארגוב,4.0,1910000,114,3.0,4.0,2025,2,187955.06,646994.04,34.87138,31.915475,-0.451,483.2
רעננה,נווה זמר,נעמי שמר,17.0,3475000,96,4.0,1.0,2022,12,187318.12,678086.11,34.863608,32.195841,1.188,1307.4
קרית אתא,מרכז העיר,הוגו מולר,23.0,660000,66,2.5,3.0,2022,7,210747.95,746447.07,35.111454,32.812702,0.084,723.6
קרית אתא,מרכז העיר,הוגו מולר,19.0,890000,68,3.0,3.0,2025,4,210784.74,746429.74,35.111847,32.812546,0.084,723.6
קרית אתא,מרכז העיר,הוגו מולר,49.0,870000,65,3.0,1.0,2024,1,210350.18,746512.86,35.107206,32.813292,0.084,723.6
נתניה,גבעת האירוסים,רותם,19.0,3900000,166,5.5,1.0,2024,5,185846.94,687937.87,34.847659,32.284637,0.059,717.6
רעננה,מרכז,,,3825000,128,5.0,7.0,2024,11,188476.72,675988.4,34.875963,32.176957,1.188,1307.4
הוד השרון,רמות מנחם,ז'בוטינסקי,45.0,5450000,164,5.5,3.0,2025,10,189580.17,672259.99,34.887779,32.143365,1.498,1427.0
ראשון לציון,ראשונים,נורדאו,37.0,1432000,42,2.0,3.0,2021,8,181913.1,651970.72,34.807307,31.960171,0.763,1102.0
ראשון לציון,ראשונים,נורדאו,54.0,2080000,88,4.0,3.0,2025,4,181912.24,651685.73,34.807309,31.957601,0.763,1102.0
תל אביב-יפו,שפירא,ישראל מסלנט,28.0,1930000,59,3.0,5.0,2021,11,179536.8,661981.99,34.781757,32.05037,1.064,1197.2
תל אביב-יפו,שפירא,ישראל מסלנט,38.0,2950000,72,3.5,1.0,2022,11,179546.39,662115.58,34.781853,32.051575,1.064,1197.2
תל אביב-יפו,שפירא,ישראל מסלנט,28.0,1850000,53,3.0,4.0,2021,7,179536.8,661981.99,34.781757,32.05037,1.064,1197.2
תל אביב-יפו,נופי ים,יחזקאל שטרייכמן,10.0,3900000,89,3.0,3.0,2023,4,180165.91,669034.2,34.78813,32.113987,1.064,1197.2
תל אביב-יפו,נופי ים,יחזקאל שטרייכמן,14.0,835000,154,5.0,7.0,2021,8,180205.04,669072.09,34.788543,32.11433,1.064,1197.2
תל אביב-יפו,נופי ים,יחזקאל שטרייכמן,6.0,3650000,99,4.0,1.0,2021,7,180090.32,668987.47,34.787331,32.113563,1.064,1197.2
פתח תקווה,,,,1900000,96,4.0,7.0,2021,12,190943.68,665488.57,34.902432,32.082337,0.492,944.5
פתח תקווה,,,,2320000,98,4.0,7.0,2022,7,190943.68,665488.57,34.902432,32.082337,0.492,944.5
אשדוד,"רובע י""א",כינרת,104.0,2110000,140,5.0,3.0,2024,12,165495.13,632545.97,34.634722,31.78434,-0.188,654.2
אשדוד,"רובע י""א",כינרת,68.0,1540000,109,4.0,7.0,2021,6,165148.64,631988.24,34.631095,31.779294,-0.188,654.2
אשדוד,"רובע י""א",כינרת,63.0,2530000,135,5.0,8.0,2022,12,165320.78,632352.6,34.632892,31.782588,-0.188,654.2
רכסים,,הכלניות,2.0,1220000,80,3.0,3.0,2024,9,209404.74,740010.25,35.097181,32.75465,0.421,921.9
רכסים,,הכלניות,45.0,1920000,140,5.0,1.0,2023,11,209875.52,739882.25,35.102206,32.7535,0.421,921.9
רכסים,,הכלניות,37.0,800000,60,2.0,3.0,2022,7,209754.59,739837.67,35.100916,32.753097,0.421,921.9
רמת גן,יד לבנים,"הרא""ה",136.0,2295000,51,3.0,3.0,2025,7,183625.15,664809.74,34.82494,32.076007,1.048,1230.5
רמת גן,הלל,"הרא""ה",90.0,3783000,107,5.0,10.0,2025,9,183649.92,665274.73,34.825185,32.080201,1.048,1230.5
רמת גן,הלל,"הרא""ה",54.0,1780000,56,2.0,3.0,2025,7,183528.48,665615.38,34.823886,32.083269,1.048,1230.5
נוף הגליל,צפונית,הצבר,2.0,580000,47,3.0,1.0,2023,1,230231.21,734503.99,35.319356,32.704993,-0.214,576.4
נוף הגליל,צפונית,הצבר,22.0,742000,71,3.0,3.0,2022,7,230417.16,734490.33,35.321339,32.704868,-0.214,576.4
נוף הגליל,צפונית,הצבר,16.0,665000,50,2.0,3.0,2025,3,230362.31,734492.27,35.320754,32.704886,-0.214,576.4
פתח תקווה,כפר גנים ג,,,3670000,133,5.0,3.0,2023,2,187008.01,664496.0,34.860779,32.07328,0.492,944.5
גבעת אבני,,אלון,32.0,2100000,210,7.0,1.0,2021,8,241405.46,742586.63,35.43872,32.777708,0.421,921.9
בית שמש,מרכז העיר,האשל,10.0,3550000,322,6.0,1.0,2025,5,199136.24,629119.56,34.98997,31.754533,-1.193,302.0
בית שמש,מרכז העיר,האשל,54.0,4380000,200,6.0,3.0,2022,3,199732.23,628891.76,34.996265,31.752489,-1.193,302.0
הרצליה,מרכז העיר,העצמאות,3.0,2960000,109,3.0,3.0,2023,7,184879.93,674431.1,34.837883,32.162809,1.247,1317.1
הרצליה,מרכז העיר,העצמאות,46.0,2740000,91,4.0,1.0,2024,6,185704.82,674623.05,34.846621,32.164565,1.247,1317.1
הרצליה,מרכז העיר,העצמאות,40.0,1400000,88,4.0,3.0,2021,12,185260.81,674619.32,34.841914,32.164518,1.247,1317.1
אלעד,,"רשב""י",12.0,3750000,115,8.0,3.0,2022,1,196593.37,661893.9,34.962359,32.050049,-1.419,157.6
אלעד,,"רשב""י",2.0,2000000,116,4.0,3.0,2023,11,196564.37,661722.19,34.962056,32.0485,-1.419,157.6
אלעד,,"רשב""י",24.0,2300000,122,4.0,3.0,2025,3,196554.94,662150.8,34.961946,32.052365,-1.419,157.6
ראשון לציון,רמת אליהו,דוד המלך,25.0,500000,101,4.0,3.0,2025,2,179986.43,654007.04,34.786844,31.978469,0.763,1102.0
ראשון לציון,רמז,האחים סמילצ'נסקי,17.0,1975000,84,4.0,1.0,2025,6,181082.65,651988.66,34.798522,31.960305,0.763,1102.0
ראשון לציון,רמז,האחים סמילצ'נסקי,8.0,1570000,60,2.0,1.0,2022,5,181166.15,652019.73,34.799404,31.960588,0.763,1102.0
ראשון לציון,רמז,האחים סמילצ'נסקי,11.0,3010000,95,3.0,3.0,2025,1,181157.86,651977.95,34.799318,31.960211,0.763,1102.0
ירושלים,כרם אברהם,עמוס,1.0,2000000,51,3.0,1.0,2023,4,220491.81,632957.6,35.215374,31.789326,-0.626,516.8
ירושלים,כרם אברהם,עמוס,9.0,3600000,102,4.0,3.0,2021,5,220522.87,633015.82,35.215702,31.789851,-0.626,516.8
ירושלים,כרם אברהם,עמוס,21.0,2011000,57,3.0,1.0,2021,7,220556.67,633129.92,35.216059,31.79088,-0.626,516.8
באר שבע,נווה מנחם,אפרים לוזון,67.0,2010000,157,6.0,3.0,2023,7,176867.73,575084.85,34.757265,31.266608,-0.188,627.8
באר שבע,נווה מנחם,אפרים לוזון,16.0,623000,60,3.0,1.0,2023,3,177144.25,574905.77,34.760176,31.265003,-0.188,627.8
חולון,קרית בן גוריון,דר,2.0,2780000,110,5.0,1.0,2022,3,178513.97,656001.78,34.771181,31.996405,0.421,921.9
חולון,קרית בן גוריון,דר,2.0,2520000,94,4.0,7.0,2024,6,178513.97,656001.78,34.771181,31.996405,0.421,921.9
חולון,קרית בן גוריון,דר,2.0,2000000,94,4.0,1.0,2022,9,178513.97,656001.78,34.771181,31.996405,0.421,921.9
נס ציונה,שמורת מליבו,יוסף פלדמן,5.0,3650000,149,5.0,3.0,2024,1,179457.65,647898.26,34.781502,31.923362,1.213,1305.7
נס ציונה,שמורת מליבו,יוסף פלדמן,7.0,3825000,182,5.0,3.0,2024,11,179445.19,647929.36,34.781369,31.923642,1.213,1305.7
בת ים,מרכז העיר,מנדלי מוכר ספרים,19.0,1222000,67,2.0,4.0,2024,1,176485.56,658506.83,34.749605,32.01892,-0.115,605.6
בת ים,מרכז העיר,מנדלי מוכר ספרים,13.0,1540000,53,2.0,4.0,2025,7,176457.69,658506.28,34.74931,32.018914,-0.115,605.6
בת ים,מרכז העיר,מנדלי מוכר ספרים,1.0,2270000,102,5.0,4.0,2024,3,176363.76,658525.2,34.748315,32.019081,-0.115,605.6
טבריה,פלוס 200,מבצע צוק איתן,19.0,1690000,100,5.0,3.0,2025,7,248526.4,743510.26,35.514755,32.785871,-0.727,381.5
טבריה,פאר,מבצע צוק איתן,1.0,2900000,194,6.0,1.0,2023,2,248284.42,743513.1,35.512172,32.785903,-0.727,381.5
מודיעין-מכבים-רעות,המגינים,"רא""ל יגאל ידין",43.0,6175000,260,5.0,7.0,2023,1,200529.27,645783.28,35.004349,31.904835,1.465,1403.3
מודיעין-מכבים-רעות,המגינים,"רא""ל יגאל ידין",39.0,3800000,154,5.0,1.0,2022,11,200529.27,645783.28,35.004349,31.904835,1.465,1403.3
מודיעין-מכבים-רעות,המגינים,"רא""ל יגאל ידין",43.0,1733000,160,5.0,11.0,2021,12,200529.27,645783.28,35.004349,31.904835,1.465,1403.3
יבנה,נאות בגין,תלתן,2.0,2100000,128,4.0,1.0,2025,1,175020.65,642224.0,34.734847,31.872027,0.508,929.6
יבנה,נאות בגין,תלתן,42.0,4555000,157,5.0,3.0,2026,1,174831.78,642139.1,34.732855,31.871254,0.508,929.6
יבנה,נאות בגין,תלתן,30.0,3500000,130,6.0,3.0,2021,9,174838.12,642183.65,34.73292,31.871656,0.508,929.6
ירושלים,רמות,אהרון אשכולי,14.0,2490000,60,3.0,1.0,2026,3,218499.06,635370.44,35.194331,31.811086,-0.626,516.8
ירושלים,רמות,אהרון אשכולי,108.0,2265000,60,3.5,3.0,2023,11,218529.08,635511.71,35.194648,31.81236,-0.626,516.8
ירושלים,רמות,אהרון אשכולי,112.0,1970000,80,4.0,3.0,2021,7,218664.1,635459.91,35.196074,31.811893,-0.626,516.8
אור יהודה,שפרינצק,יאיר שטרן,6.0,1625000,72,3.0,4.0,2025,10,186586.06,659023.99,34.856497,32.023922,-0.135,622.8
אור יהודה,שפרינצק,יאיר שטרן,10.0,440000,97,4.0,7.0,2021,7,186571.08,659065.52,34.856337,32.024296,-0.135,622.8
אור יהודה,שפרינצק,יאיר שטרן,6.0,1150000,65,3.0,4.0,2021,6,186586.06,659023.99,34.856497,32.023922,-0.135,622.8
כפר סבא,הדרים,בקעת בית נטופה,8.0,2195000,86,4.0,3.0,2021,7,193553.26,676473.19,34.929776,32.181457,1.164,1298.0
כפר סבא,הדרים,בקעת בית נטופה,12.0,2640000,105,3.5,3.0,2022,6,193544.82,676529.1,34.929685,32.181961,1.164,1298.0
ראשון לציון,"רמב""ם",יוחנן הסנדלר,21.0,2700000,105,5.0,3.0,2024,5,182508.23,652943.94,34.813565,31.968967,0.763,1102.0
רחובות,,,,2358000,80,3.0,5.0,2024,9,179967.36,642995.53,34.787091,31.879167,0.697,1049.1
גבעתיים,"גבעת רמב""ם",המגדל,6.0,1500000,60,3.0,0.0,2022,5,181944.81,664302.36,34.807163,32.071377,1.522,1451.9
גבעתיים,"גבעת רמב""ם",המגדל,2.0,4950000,134,5.0,3.0,2024,12,181940.51,664315.68,34.807117,32.071497,1.522,1451.9
גבעתיים,"גבעת רמב""ם",המגדל,5.0,2100000,61,3.0,1.0,2023,6,181979.85,664305.33,34.807534,32.071405,1.522,1451.9
רמלה,,יעקב דורי,2.0,1965000,101,3.0,13.0,2025,12,185889.71,648451.8,34.849493,31.928562,-0.451,483.2
רמלה,,יעקב דורי,4.0,1945000,100,3.0,14.0,2025,10,185939.2,648434.78,34.850017,31.92841,-0.451,483.2
קרית אתא,גבעה א,ז'בוטינסקי,15.0,805000,50,3.0,0.0,2023,11,211506.35,745995.5,35.119556,32.808636,0.084,723.6
קרית אתא,גבעה א,ז'בוטינסקי,5.0,515000,45,3.0,3.0,2021,12,211428.12,745961.08,35.118721,32.808325,0.084,723.6
קרית אתא,גבעה א,ז'בוטינסקי,25.0,920000,70,4.0,1.0,2024,4,211686.0,746014.32,35.121474,32.808807,0.084,723.6
רחובות,שעריים,חיים קאופמן,1.0,2420000,107,4.0,3.0,2025,7,182996.29,643510.83,34.819083,31.883915,0.697,1049.1
רחובות,שעריים,חיים קאופמן,1.0,2350000,102,4.0,3.0,2023,2,182996.29,643510.83,34.819083,31.883915,0.697,1049.1
רחובות,שעריים,חיים קאופמן,1.0,3612000,125,5.0,3.0,2022,11,182996.29,643510.83,34.819083,31.883915,0.697,1049.1
נתניה,נאות מנחם בגין,משה סנה,31.0,1242000,220,5.0,3.0,2025,6,185675.32,686590.96,34.845885,32.272486,0.059,717.6
באר שבע,נחל בקע,יצחק ויטנברג,15.0,1350000,92,4.0,1.0,2022,5,179018.65,570471.7,34.780035,31.225079,-0.188,627.8
באר שבע,נחל בקע,יצחק ויטנברג,19.0,1020000,60,3.0,1.0,2024,4,179015.21,570494.44,34.779998,31.225284,-0.188,627.8
ירושלים,רמת שלמה,הרב ברים,6.0,2800000,90,4.0,3.0,2022,7,220499.03,635519.37,35.215453,31.812429,-0.626,516.8
ירושלים,רמת שלמה,הרב ברים,5.0,2115000,97,4.0,1.0,2021,6,220506.88,635616.4,35.215536,31.813304,-0.626,516.8
חולון,ג'סי כהן,מקס וג'סי כהן,15.0,2200000,87,3.0,1.0,2023,7,177972.57,656931.9,34.765412,32.004773,0.421,921.9
חולון,שיכון ותיקים,מקס וג'סי כהן,18.0,2570000,101,4.0,3.0,2024,5,177946.39,657046.0,34.76513,32.005801,0.421,921.9
חולון,שיכון ותיקים,מקס וג'סי כהן,6.0,2142800,58,3.0,0.0,2022,8,178139.68,656965.49,34.767179,32.005082,0.421,921.9
תל אביב-יפו,הצפון הישן החלק הדרומי,דיזנגוף,102.0,5900000,75,2.0,3.0,2025,3,178846.74,665216.9,34.774314,32.079517,1.064,1197.2
רחובות,בנימין\ נורדאו,הבנים,18.0,1850000,81,3.0,3.0,2024,2,182454.63,644645.38,34.813315,31.894129,0.697,1049.1
רחובות,בנימין\ נורדאו,הבנים,4.0,1450000,47,3.0,4.0,2024,4,182492.63,644504.42,34.813722,31.892859,0.697,1049.1
רחובות,בנימין\ נורדאו,הבנים,21.0,1700000,113,4.0,4.0,2021,10,182428.12,644639.16,34.813035,31.894072,0.697,1049.1
חיפה,קרית חיים מזרחית,הפלוגות,25.0,250000,78,3.0,1.0,2024,8,207028.5,748101.39,35.071716,32.827583,0.366,881.8
חיפה,קרית חיים מזרחית,הפלוגות,35.0,1000000,38,2.0,0.0,2022,11,207007.34,748178.49,35.071489,32.828278,0.366,881.8
חיפה,קרית חיים מזרחית,הפלוגות,52.0,2500000,58,3.0,1.0,2025,8,207037.24,748425.21,35.071805,32.830503,0.366,881.8
תל אביב-יפו,נחלת יצחק,תוצרת הארץ,9.0,4962500,120,5.0,3.0,2022,3,181061.86,664504.03,34.797804,32.073166,1.064,1197.2
תל אביב-יפו,נחלת יצחק,תוצרת הארץ,9.0,4300000,96,4.0,14.0,2023,3,181061.86,664504.03,34.797804,32.073166,1.064,1197.2
ירושלים,בית הכרם,,,2550000,95,4.0,3.0,2022,4,218011.99,631998.39,35.189192,31.780675,-0.626,516.8
קרית גת,ההעפלה,אדוריים,245.0,1670000,117,4.0,15.0,2023,11,177143.98,612346.52,34.758578,31.602667,-0.47,469.5
קרית גת,ההעפלה,אדוריים,247.0,1210000,110,4.0,9.0,2022,3,177221.56,612333.67,34.759396,31.602554,-0.47,469.5
קרית גת,ההעפלה,אדוריים,227.0,1000000,63,3.0,1.0,2023,6,176741.41,612394.41,34.754334,31.603084,-0.47,469.5
מודיעין-מכבים-רעות,הנביאים,הנביאים,16.0,1800000,83,3.0,3.0,2021,12,200920.59,646511.43,35.008472,31.911408,1.465,1403.3
מודיעין-מכבים-רעות,הנביאים,הנביאים,8.0,1655000,69,2.0,3.0,2021,5,201010.76,646474.89,35.009426,31.91108,1.465,1403.3
מודיעין-מכבים-רעות,הנביאים,הנביאים,28.0,2200000,79,3.0,1.0,2022,1,200741.49,646640.49,35.006576,31.912569,1.465,1403.3
חיפה,רמת בגין,שימקין,26.0,3900000,127,5.0,3.0,2025,9,199608.53,742462.08,34.992594,32.776625,0.366,881.8
חיפה,רמת בגין,שימקין,30.0,3120000,180,5.0,3.0,2022,8,199628.53,742440.31,34.992808,32.776429,0.366,881.8
חיפה,רמת בגין,שימקין,1.0,1570000,100,4.0,3.0,2022,2,199566.75,742701.61,34.992143,32.778784,0.366,881.8
ירושלים,רחביה,מולכו,7.0,1826000,60,3.0,3.0,2025,6,220506.6,630991.96,35.215528,31.771599,-0.626,516.8
ירושלים,רחביה,מולכו,1.0,850000,61,3.0,1.0,2022,9,220504.79,631066.8,35.215509,31.772274,-0.626,516.8
ירושלים,רחביה,מולכו,2.0,2539000,65,3.0,1.0,2021,10,220467.85,631051.28,35.215119,31.772134,-0.626,516.8
מיתר,,זית,6.0,3000000,300,6.0,1.0,2021,12,193995.49,581462.3,34.93694,31.324626,0.421,921.9
קרית עקרון,,הברוש,6.0,850000,327,6.0,1.0,2021,11,183580.07,641508.9,34.825327,31.86588,0.062,721.0
פתח תקווה,כפר גנים ג,,,5050000,250,6.0,1.0,2021,8,187999.66,664482.58,34.871282,32.073187,0.492,944.5
אופקים,בן גוריון,הרב רפאל אלנקווה,21.0,177000,78,3.0,1.0,2022,4,164481.96,579432.42,34.626982,31.305299,-0.795,332.2
אופקים,בן גוריון,הרב רפאל אלנקווה,19.0,800000,72,3.0,1.0,2023,2,164489.77,579450.79,34.627063,31.305465,-0.795,332.2
אופקים,בן גוריון,הרב רפאל אלנקווה,27.0,248000,100,4.0,1.0,2022,2,164533.11,579399.89,34.627521,31.305008,-0.795,332.2
קרית טבעון,,תמר,30.0,2300000,123,5.0,3.0,2021,11,214019.48,737743.04,35.146438,32.734239,1.267,1354.8
קרית טבעון,,תמר,10.0,2545000,80,4.0,3.0,2024,6,213972.18,737634.05,35.145934,32.733256,1.267,1354.8
קרית טבעון,,תמר,60.0,3100000,210,6.0,3.0,2021,9,213802.3,737914.06,35.14412,32.73578,1.267,1354.8
רמת גן,ותיקים,טובים,2.0,1800000,59,2.0,3.0,2022,12,182449.34,666518.14,34.812421,32.091375,1.048,1230.5
רמת גן,ותיקים,טובים,2.0,1800000,59,2.0,3.0,2021,6,182449.34,666518.14,34.812421,32.091375,1.048,1230.5
חולון,רסקו א,קראוזה,60.0,1510000,65,3.0,3.0,2021,7,179461.5,658721.63,34.781095,32.020966,0.421,921.9
חולון,אגרובנק,קראוזה,34.0,1717100,76,4.0,1.0,2021,7,179485.57,659030.48,34.781337,32.023752,0.421,921.9
חולון,רסקו א,קראוזה,60.0,1670000,54,2.0,3.0,2023,9,179461.5,658721.63,34.781095,32.020966,0.421,921.9
פתח תקווה,כפר גנים ב,יטקובסקי אחים,3.0,2000000,95,4.0,3.0,2022,4,188835.01,664956.54,34.880114,32.077484,0.492,944.5
פתח תקווה,כפר גנים א,יטקובסקי אחים,8.0,2620000,112,4.5,3.0,2025,4,188689.66,665005.43,34.878573,32.077921,0.492,944.5
מרכז שפירא,,אחוזת אתרוג,6.0,2370000,125,5.0,3.0,2021,11,172494.52,622497.19,34.709101,31.694028,0.421,921.9
מרכז שפירא,,אחוזת אתרוג,6.0,1600000,85,4.0,0.0,2021,8,172494.52,622497.19,34.709101,31.694028,0.421,921.9
מרכז שפירא,,אחוזת אתרוג,6.0,2325000,85,4.0,0.0,2025,4,172494.52,622497.19,34.709101,31.694028,0.421,921.9
כפר כנא,,אישראקה,1.0,800000,130,4.0,1.0,2024,3,231493.62,738478.92,35.332871,32.740822,0.421,921.9
כפר כנא,,אישראקה,1.0,670000,130,4.0,1.0,2021,11,231493.62,738478.92,35.332871,32.740822,0.421,921.9
ירושלים,הגבעה הצרפתית - גבעת שפירא,,,2310000,104,4.0,4.0,2021,12,223042.05,634621.11,35.242307,31.804323,-0.626,516.8
ירושלים,הגבעה הצרפתית - גבעת שפירא,,,3350000,109,4.0,3.0,2022,2,223042.05,634621.11,35.242307,31.804323,-0.626,516.8
ירושלים,הגבעה הצרפתית - גבעת שפירא,,,2550000,96,3.0,5.0,2023,1,223042.05,634621.11,35.242307,31.804323,-0.626,516.8
תל אביב-יפו,לב העיר,אלנבי,29.0,3900000,50,2.0,4.0,2023,3,178360.64,664456.24,34.769198,32.07264,1.064,1197.2
תל אביב-יפו,לב העיר,אלנבי,100.0,6036000,61,2.0,4.0,2026,2,178598.9,663664.17,34.771755,32.065506,1.064,1197.2
אשקלון,מתחם מ-7,שאנין,5.0,2750000,150,5.0,5.0,2023,6,161384.84,621255.88,34.591998,31.682325,-0.255,589.1
אשקלון,מתחם מ-7,שאנין,28.0,1865000,77,3.0,13.0,2024,9,161617.53,621661.43,34.594428,31.685994,-0.255,589.1
יבנה,רמות ויצמן,דואני,13.0,1690000,96,5.0,3.0,2025,4,175414.55,642459.05,34.738999,31.874162,0.508,929.6
יבנה,נאות בגין,דואני,16.0,1860000,104,4.0,4.0,2024,1,175357.32,642418.49,34.738396,31.873794,0.508,929.6
גבעתיים,"הל""ה","הל""ה",47.0,2400000,60,2.5,1.0,2024,3,181925.74,664561.03,34.806951,32.073709,1.522,1451.9
גבעתיים,"הל""ה","הל""ה",6.0,2880000,97,3.0,1.0,2024,7,181447.72,664467.43,34.801892,32.072849,1.522,1451.9
גבעתיים,"הל""ה","הל""ה",40.0,2190000,55,3.0,0.0,2021,12,181884.21,664486.66,34.806514,32.073037,1.522,1451.9
באר שבע,נווה מנחם,שפרה,5.0,1930000,131,5.0,3.0,2025,5,177486.07,575476.42,34.763741,31.270162,-0.188,627.8
באר שבע,נווה מנחם,שפרה,12.0,1500000,123,4.0,1.0,2022,2,177500.02,575510.74,34.763886,31.270472,-0.188,627.8
ירושלים,תלפיות מזרח,דב גרונר,15.0,1433000,39,2.0,0.0,2022,11,222434.97,628704.8,35.235878,31.750969,-0.626,516.8
ירושלים,תלפיות מזרח,דב גרונר,9.0,1580000,79,4.0,1.0,2022,6,222422.77,628610.88,35.235749,31.750122,-0.626,516.8
ירושלים,תלפיות מזרח,דב גרונר,14.0,1570000,35,2.0,0.0,2024,7,222484.16,628658.02,35.236397,31.750547,-0.626,516.8
רמת גן,קרית קריניצי,מנדס,71.0,3000000,112,4.0,3.0,2022,5,185985.55,662691.45,34.850013,32.056977,1.048,1230.5
רמת גן,קרית קריניצי,מנדס,61.0,2730000,114,4.0,3.0,2022,3,185985.9,662510.92,34.850023,32.055349,1.048,1230.5
ראשון לציון,"רמב""ם",דוד אלעזר,6.0,4494000,178,6.0,1.0,2021,12,183055.91,652568.61,34.819373,31.9656,0.763,1102.0
רעננה,קרית הפרחים - 2005,הקרן,1.0,3375000,100,4.0,3.0,2025,4,186951.4,676466.91,34.859774,32.181229,1.188,1307.4
נהרייה,מרכז העיר,ז'בוטינסקי,64.0,1260000,101,4.0,3.0,2021,12,209060.33,768981.16,35.09318,33.015872,0.137,783.8
נהרייה,מרכז העיר,ז'בוטינסקי,68.0,1150000,90,4.0,3.0,2025,8,209068.7,769031.73,35.093269,33.016328,0.137,783.8
אלעד,,רבי יהודה הנשיא,67.0,299000,90,4.0,0.0,2022,11,196175.63,662215.76,34.957928,32.052943,-1.419,157.6
אלעד,,רבי יהודה הנשיא,75.0,1760000,90,3.0,3.0,2021,10,196319.73,662251.25,34.959453,32.053266,-1.419,157.6
ירושלים,רחביה,בנימין מטודלה,18.0,446000,50,2.0,3.0,2024,5,220143.78,631046.92,35.211698,31.772095,-0.626,516.8
ירושלים,רחביה,בנימין מטודלה,22.0,4200000,84,3.0,1.0,2022,9,220117.45,631021.86,35.21142,31.771869,-0.626,516.8
ירושלים,רחביה,בנימין מטודלה,26.0,2600000,59,2.0,3.0,2025,11,220082.31,631010.0,35.211049,31.771762,-0.626,516.8
תל אביב-יפו,צפון יפו,ברוך ספיר,2.0,1575000,125,5.0,1.0,2022,6,176999.8,662025.18,34.754893,32.050667,1.064,1197.2
תל אביב-יפו,צפון יפו,ברוך ספיר,3.0,4800000,81,3.0,1.0,2024,7,177021.77,662061.23,34.755124,32.050993,1.064,1197.2
תל אביב-יפו,צפון יפו,ברוך ספיר,1.0,3400000,103,4.0,1.0,2021,8,177025.77,662025.73,34.755168,32.050673,1.064,1197.2
נתניה,מרכז העיר,ויצמן,52.0,1520000,100,4.0,5.0,2021,6,187000.17,693474.23,34.859712,32.334595,0.059,717.6
נתניה,מרכז העיר,ויצמן,42.0,1625000,70,3.0,1.0,2025,3,186995.79,693343.61,34.85967,32.333417,0.059,717.6
חיפה,נווה פז,יד לבנים,93.0,1160000,68,3.0,5.0,2026,1,202071.51,744422.77,35.018846,32.794346,0.366,881.8
חיפה,נווה פז,יד לבנים,87.0,770000,67,4.0,6.0,2021,11,202011.18,744473.67,35.018201,32.794804,0.366,881.8
אשדוד,רובע י,הנביאים,25.0,1495000,82,3.0,3.0,2025,6,166976.54,632025.45,34.65039,31.779715,-0.188,654.2
אשדוד,רובע י,הנביאים,16.0,1900000,116,4.0,0.0,2021,8,166859.42,632127.95,34.649148,31.780634,-0.188,654.2
אשדוד,רובע י,הנביאים,25.0,571000,90,3.0,1.0,2023,8,166976.54,632025.45,34.65039,31.779715,-0.188,654.2
ירושלים,רמת שרת,,,6690000,190,6.0,3.0,2023,5,217529.69,629507.68,35.184105,31.758212,-0.626,516.8
רמלה,המרכז האזרחי,בר אילן,4.0,1680000,74,3.0,0.0,2024,7,187044.38,648983.34,34.861685,31.933389,-0.451,483.2
רמלה,משכנות,בר אילן,20.0,1390000,76,3.0,3.0,2022,8,187239.15,648734.01,34.863753,31.931146,-0.451,483.2
רמלה,המרכז האזרחי,בר אילן,8.0,1360000,51,3.0,1.0,2023,10,187084.27,648920.46,34.862109,31.932823,-0.451,483.2
חדרה,מרכז העיר,הרצל,30.0,1150000,94,3.0,1.0,2022,3,192682.62,704894.06,34.919744,32.437723,0.173,777.9
חדרה,מרכז העיר,הרצל,7.0,4300000,315,8.0,3.0,2025,12,192474.42,704479.64,34.917542,32.433981,0.173,777.9
חדרה,מרכז העיר,הרצל,27.0,1520000,104,4.0,4.0,2022,11,192588.49,704860.04,34.918744,32.437414,0.173,777.9
ביתר עילית,התמר,הרב שך,4.0,1760000,87,3.0,3.0,2022,4,210308.03,623315.49,35.107938,31.702333,-1.862,78.5
ביתר עילית,התמר,הרב שך,78.0,2000000,111,4.0,1.0,2022,8,209247.61,622921.51,35.096756,31.698771,-1.862,78.5
ביתר עילית,התמר,הרב שך,8.0,3000000,143,5.0,6.0,2022,12,210238.33,623292.04,35.107203,31.702121,-1.862,78.5
ירושלים,פסגת זאב,סיירת דוכיפת,33.0,1945000,63,3.0,1.0,2024,5,223252.38,637135.39,35.244538,31.826997,-0.626,516.8
ירושלים,פסגת זאב,סיירת דוכיפת,31.0,2740000,87,4.5,0.0,2025,9,223222.66,637116.2,35.244224,31.826824,-0.626,516.8
ירושלים,פסגת זאב,סיירת דוכיפת,27.0,1425000,66,3.0,3.0,2022,2,223135.86,637077.47,35.243307,31.826475,-0.626,516.8
רעננה,לסטר/רבוצקי,רבוצקי,58.0,1970000,79,2.5,3.0,2022,8,189421.67,676630.51,34.885962,32.182773,1.188,1307.4
רעננה,2004,רבוצקי,83.0,3900000,158,5.0,3.0,2023,2,189505.45,677282.1,34.88683,32.188651,1.188,1307.4
רעננה,2004,רבוצקי,83.0,3800000,124,5.0,3.0,2022,2,189505.45,677282.1,34.88683,32.188651,1.188,1307.4
דימונה,גיורא יוספטל,יגאל אלון,47.0,580000,72,4.0,3.0,2025,11,203539.62,552504.65,35.037672,31.063621,-0.577,435.1
דימונה,פרחי ארצנו,יגאל אלון,18.0,470000,57,3.5,1.0,2022,12,203186.2,552441.54,35.03397,31.063047,-0.577,435.1
דימונה,ממשית,יגאל אלון,58.0,430000,82,3.0,3.0,2022,12,203552.82,552461.61,35.037811,31.063233,-0.577,435.1
כפר סבא,מרכז,הכרמל,76.0,2615000,124,4.0,3.0,2022,5,192212.4,675919.8,34.915574,32.176435,1.164,1298.0
כפר סבא,שיכוני מזרחי,הכרמל,41.0,2650000,90,4.0,4.0,2024,10,191662.4,676109.92,34.909737,32.178136,1.164,1298.0
כפר סבא,מרכז,הכרמל,65.0,3300000,149,5.0,3.0,2023,11,191929.41,676043.65,34.91257,32.177545,1.164,1298.0
קרית גת,בני ישראל,,,1666000,102,4.0,3.0,2024,12,178510.61,614014.95,34.772909,31.617763,-0.47,469.5
קרית גת,בני ישראל,,,1981000,102,4.0,3.0,2025,1,178510.61,614014.95,34.772909,31.617763,-0.47,469.5
רמלה,בן גוריון,בן גוריון,33.0,100000,72,3.5,4.0,2024,3,186917.74,647788.59,34.860386,31.922611,-0.451,483.2
רמלה,בן גוריון,בן גוריון,3.0,1100000,62,3.0,1.0,2022,8,186954.42,648111.6,34.860763,31.925525,-0.451,483.2
רמלה,בן גוריון,בן גוריון,19.0,1300000,66,3.0,4.0,2022,10,186931.41,647923.72,34.860526,31.92383,-0.451,483.2
בני ברק,רמת אהרון,הרב מלצר,23.0,2650000,80,4.0,1.0,2022,7,185035.93,665530.44,34.839856,32.08255,-1.577,139.7
בני ברק,רמת אהרון,הרב מלצר,17.0,2480000,88,4.0,1.0,2024,5,184947.49,665507.68,34.83892,32.082342,-1.577,139.7
בני ברק,רמת אהרון,הרב מלצר,19.0,3100000,99,4.0,3.0,2024,7,184978.93,665508.57,34.839253,32.082351,-1.577,139.7
רחובות,וייסבורג\ שקולניק,גורדיסקי,12.0,3330000,147,6.0,3.0,2023,7,182926.88,644958.61,34.818295,31.896969,0.697,1049.1
רחובות,רחובות המדע,גורודיסקי,33.0,2600000,120,5.0,6.0,2021,9,183398.87,645152.77,34.823277,31.898735,0.697,1049.1
רחובות,מילר\ מלצר,גורדיסקי,19.0,1800000,79,3.0,0.0,2025,1,183035.51,645044.17,34.81944,31.897744,0.697,1049.1
צור יצחק,,,,2180000,99,4.0,3.0,2025,2,200419.86,683000.53,35.002456,32.240456,0.421,921.9
צור יצחק,,,,2049000,110,4.0,3.0,2025,6,200419.86,683000.53,35.002456,32.240456,0.421,921.9
אשדוד,רובע י,המייסדים,29.0,1620000,105,4.0,1.0,2022,5,166720.07,632293.12,34.647668,31.782117,-0.188,654.2
אשדוד,רובע י,המייסדים,5.0,1555000,75,3.0,1.0,2022,5,166961.51,632459.1,34.650208,31.783625,-0.188,654.2
אשדוד,רובע י,המייסדים,10.0,2500000,101,4.0,0.0,2025,5,166609.93,632296.79,34.646505,31.782145,-0.188,654.2
חיפה,בת גלים,רציף אהרון,9.0,4161000,116,4.0,3.0,2022,9,198412.36,748931.98,34.97968,32.834941,0.366,881.8
חיפה,בת גלים,רציף אהרון,1.0,2800000,92,3.0,3.0,2023,3,198498.08,748995.68,34.980594,32.835517,0.366,881.8
תל אביב-יפו,קרית שלום,אופטושו יוסף,8.0,2200000,72,3.0,3.0,2022,2,179509.04,661042.18,34.781502,32.041894,1.064,1197.2
תל אביב-יפו,קרית שלום,אופטושו יוסף,10.0,1200000,66,3.0,1.0,2022,2,179509.04,661042.18,34.781502,32.041894,1.064,1197.2
תל אביב-יפו,קרית שלום,יוסף אופטושט,4.0,1033000,74,3.0,0.0,2021,6,179509.04,661042.18,34.781502,32.041894,1.064,1197.2
תל אביב-יפו,הדר יוסף,בנימין מינץ,10.0,4996000,108,5.0,1.0,2026,2,183504.53,668509.64,34.823524,32.109368,1.064,1197.2
תל אביב-יפו,הדר יוסף,בנימין מינץ,8.0,4330000,103,4.0,1.0,2021,12,183515.01,668539.77,34.823634,32.10964,1.064,1197.2
תל אביב-יפו,לב העיר,ביאליק,5.0,6200000,100,3.0,1.0,2022,7,178442.71,664342.36,34.770072,32.071616,1.064,1197.2
תל אביב-יפו,לב העיר,ביאליק,20.0,6650000,94,4.0,1.0,2022,7,178521.26,664459.14,34.770899,32.072672,1.064,1197.2
אשדוד,רובע י,הנביא צפניה,7.0,1220000,75,3.0,3.0,2021,10,166498.22,632511.04,34.645314,31.784072,-0.188,654.2
אשדוד,רובע י,הנביא צפניה,1.0,1720000,97,3.0,1.0,2023,6,166551.86,632481.38,34.645882,31.783807,-0.188,654.2
אשדוד,רובע י,הנביא צפניה,7.0,1550000,78,3.0,3.0,2022,6,166498.22,632511.04,34.645314,31.784072,-0.188,654.2
באר שבע,ד,אבן עזרא,91.0,650000,69,3.0,3.0,2025,5,179322.03,575441.54,34.78302,31.269912,-0.188,627.8
באר שבע,ד,אבן עזרא,89.0,600000,61,3.0,3.0,2022,12,179322.03,575441.54,34.78302,31.269912,-0.188,627.8
באר שבע,ד,אבן עזרא,87.0,815000,87,4.0,3.0,2023,7,179322.03,575441.54,34.78302,31.269912,-0.188,627.8
הרצליה,הרצליה הירוקה,החלוץ,24.0,4400000,126,5.0,5.0,2024,6,185499.55,675240.75,34.844423,32.170129,1.247,1317.1
אור יהודה,עמידר,מרדכי בן פורת,62.0,1650000,96,4.0,3.0,2022,3,186052.69,659432.25,34.850837,32.027588,-0.135,622.8
חיפה,הוד הכרמל-דניה,אנטוורפן,14.0,3900000,106,4.0,1.0,2021,6,199997.88,741497.79,34.99677,32.767937,0.366,881.8
תל אביב-יפו,התקווה,כביר,2.0,360000,60,3.0,1.0,2021,11,180013.72,661998.44,34.786806,32.050535,1.064,1197.2
תל אביב-יפו,התקווה,כביר,10.0,2700000,69,3.0,3.0,2024,7,180080.79,661977.66,34.787517,32.05035,1.064,1197.2
אשדוד,"רובע י""א",כינרת,104.0,1710000,95,4.0,1.0,2024,3,165495.13,632545.97,34.634722,31.78434,-0.188,654.2
אשדוד,"רובע י""א",כינרת,68.0,1830000,109,4.0,3.0,2025,12,165148.64,631988.24,34.631095,31.779294,-0.188,654.2
אשדוד,"רובע י""א",כינרת,68.0,1780000,114,4.0,4.0,2021,12,165148.64,631988.24,34.631095,31.779294,-0.188,654.2
ביתר עילית,התמר,דרכי איש,1.0,2920000,108,4.0,3.0,2025,11,209974.38,622940.0,35.104422,31.698944,-1.862,78.5
ביתר עילית,התמר,דרכי איש,18.0,2600000,107,4.0,3.0,2022,2,209771.85,622913.03,35.102286,31.698699,-1.862,78.5
ביתר עילית,התמר,דרכי איש,5.0,2640000,127,5.0,1.0,2022,7,209904.24,622962.13,35.103682,31.699143,-1.862,78.5
אשדוד,רובע ח,הנורית,11.0,1700000,105,3.0,1.0,2022,6,167560.36,632727.97,34.656516,31.786077,-0.188,654.2
אשדוד,רובע ח,הנורית,19.0,3150000,190,5.0,13.0,2024,10,167487.7,632576.64,34.655757,31.784709,-0.188,654.2
אשדוד,רובע ח,הנורית,11.0,1795000,110,4.0,3.0,2021,12,167560.36,632727.97,34.656516,31.786077,-0.188,654.2
חיפה,כרמל צרפתי,דוד מרכוס,3.0,2331000,97,4.0,1.0,2025,8,198125.58,747283.46,34.976655,32.820071,0.366,881.8
קרית ביאליק,דרום,ההגנה,13.0,500000,33,3.5,0.0,2025,12,207602.44,746649.63,35.077864,32.814499,0.477,957.3
קרית ביאליק,דרום,ההגנה,22.0,745000,33,2.0,1.0,2024,2,207460.99,746462.37,35.076356,32.812809,0.477,957.3
רכסים,,,,1495000,102,4.0,1.0,2022,5,210005.24,739509.16,35.103594,32.750137,0.421,921.9
רכסים,,,,1850000,118,5.0,3.0,2023,9,210005.24,739509.16,35.103594,32.750137,0.421,921.9
רכסים,,,,1400000,101,4.0,3.0,2022,4,210005.24,739509.16,35.103594,32.750137,0.421,921.9
נשר,גבעת עמוס,אופקים,17.0,1107000,85,3.0,4.0,2023,5,203482.63,742018.35,35.033952,32.772687,0.444,933.3
נשר,גבעת עמוס,אופקים,5.0,1240000,60,3.0,3.0,2024,7,203603.28,742003.97,35.03524,32.772559,0.444,933.3
ירושלים,גילה,האנפה,4.0,955000,69,4.0,1.0,2023,3,217973.81,626019.31,35.188798,31.726753,-0.626,516.8
ירושלים,גילה,האנפה,4.0,1880000,63,4.0,3.0,2025,5,217973.81,626019.31,35.188798,31.726753,-0.626,516.8
ירושלים,גילה,האנפה,4.0,1375000,61,3.0,4.0,2021,7,217973.81,626019.31,35.188798,31.726753,-0.626,516.8
נהרייה,גבעת אוסישקין,עזרא,20.0,1400000,35,3.0,1.0,2025,6,209935.41,767563.01,35.10256,33.003093,0.137,783.8
נהרייה,גבעת אוסישקין,עזרא,21.0,1140000,33,2.0,3.0,2022,5,209961.88,767493.55,35.102844,33.002467,0.137,783.8
נהרייה,גבעת אוסישקין,עזרא,21.0,1140000,33,2.0,3.0,2022,5,209961.88,767493.55,35.102844,33.002467,0.137,783.8
באר שבע,נווה זאב,הרב שלמה טנא,24.0,1240000,120,4.0,7.0,2024,6,179522.38,571519.35,34.78528,31.234545,-0.188,627.8
באר שבע,נווה זאב,הרב שלמה טנא,2.0,1370000,117,4.0,3.0,2024,6,179176.67,571527.43,34.781651,31.234606,-0.188,627.8
באר שבע,נווה זאב,הרב שלמה טנא,2.0,1155000,116,4.0,4.0,2025,6,179176.67,571527.43,34.781651,31.234606,-0.188,627.8
עכו,נווה יוני נתניהו,רחמים פיטוסי,5.0,1300000,145,5.0,1.0,2021,10,208560.13,758990.01,35.087945,32.92578,-0.471,467.4
עכו,נווה יוני נתניהו,רחמים פיטוסי,2.0,1625000,186,6.0,3.0,2024,6,208507.66,758984.41,35.087384,32.925729,-0.471,467.4
עכו,נווה יוני נתניהו,רחמים פיטוסי,5.0,1430000,154,5.0,1.0,2023,5,208560.13,758990.01,35.087945,32.92578,-0.471,467.4
חיפה,קריית שפרינצק,ז'ורס,31.0,1240000,74,3.0,4.0,2022,4,196654.22,747678.12,34.960933,32.8236,0.366,881.8
חיפה,קריית שפרינצק,ז'ורס,14.0,1400000,88,3.5,3.0,2026,1,196870.24,747676.62,34.96324,32.823591,0.366,881.8
אשדוד,"הקריה מע""ר",,,3020000,180,5.0,3.0,2021,6,165982.35,633528.35,34.639812,31.793222,-0.188,654.2
אשדוד,"הקריה מע""ר",,,3050000,120,5.0,3.0,2023,3,165982.35,633528.35,34.639812,31.793222,-0.188,654.2
כפר סבא,"הירוקה כ""ס 80",סוסנובסקי,6.0,3750000,135,4.0,0.0,2024,3,190033.99,677991.26,34.892413,32.19506,1.164,1298.0
כפר סבא,"הירוקה כ""ס 80",סוסנובסקי,4.0,4100000,175,5.0,1.0,2025,4,189973.56,677994.32,34.891772,32.195086,1.164,1298.0
כפר סבא,"הירוקה כ""ס 80",סוסנובסקי,6.0,3385000,130,5.0,4.0,2021,11,190033.99,677991.26,34.892413,32.19506,1.164,1298.0
באר יעקב,תלמי מנשה,,,1208906,108,4.0,3.0,2022,1,185962.42,650010.44,34.850208,31.94262,0.421,921.9
באר יעקב,תלמי מנשה,,,2600000,117,4.0,12.0,2024,2,185962.42,650010.44,34.850208,31.94262,0.421,921.9
פתח תקווה,הדר גנים,העוגב,45.0,3300000,157,6.0,3.0,2021,7,191502.25,664983.69,34.908363,32.077798,0.492,944.5
תל אביב-יפו,אפקה,קלצ'קין,3.0,3270000,111,4.0,3.0,2021,11,181487.81,669518.0,34.802117,32.118395,1.064,1197.2
בית שמש,רמת בית שמש ג,משה רבנו,9.0,1820000,101,3.5,3.0,2023,11,198412.75,623489.09,34.982455,31.703742,-1.193,302.0
בית שמש,רמת בית שמש ג,משה רבנו,7.0,1492000,80,3.0,6.0,2022,1,198412.75,623489.09,34.982455,31.703742,-1.193,302.0
בית שמש,רמת בית שמש ג,משה רבנו,7.0,1620000,111,5.0,0.0,2021,6,198412.75,623489.09,34.982455,31.703742,-1.193,302.0
ירושלים,ארנונה,בית הערבה,30.0,5050000,173,4.0,3.0,2022,2,220941.68,628390.89,35.220117,31.748141,-0.626,516.8
ירושלים,תלפיות,בית הערבה,2.0,2500000,73,4.0,1.0,2022,3,221176.6,628742.77,35.222597,31.751314,-0.626,516.8
ירושלים,ארנונה,בית הערבה,34.0,5200000,115,5.0,1.0,2022,2,220938.08,628341.55,35.220079,31.747696,-0.626,516.8
כפר סבא,קרית ספיר,כינרת,3.0,2870000,92,4.0,3.0,2025,7,191490.56,675901.47,34.907921,32.176252,1.164,1298.0
כפר סבא,קרית ספיר,כינרת,18.0,3030000,130,5.0,5.0,2025,1,191516.34,676017.28,34.908191,32.177297,1.164,1298.0
כפר סבא,קרית ספיר,כינרת,20.0,2500000,104,4.0,5.0,2024,9,191523.31,676048.98,34.908264,32.177583,1.164,1298.0
קרית גת,מלכי ישראל,עוזיהו,61.0,3000000,310,5.0,1.0,2023,1,176937.06,613704.26,34.756339,31.614904,-0.47,469.5
תל אביב-יפו,תל ברוך צפון,סטפן צווייג,18.0,3838000,92,4.0,5.0,2024,11,183013.06,670036.61,34.818259,32.123122,1.064,1197.2
תל אביב-יפו,תל ברוך צפון,סטפן צווייג,18.0,4000000,74,3.0,6.0,2024,2,183013.06,670036.61,34.818259,32.123122,1.064,1197.2
תל אביב-יפו,תל ברוך צפון,סטפן צווייג,19.0,3500000,89,3.0,5.0,2023,9,182936.46,670096.43,34.817445,32.123659,1.064,1197.2
ראשון לציון,"רמב""ם",ברנדיס,20.0,1850000,94,3.0,1.0,2024,4,181998.22,653247.53,34.808158,31.971688,0.763,1102.0
ראשון לציון,"רמב""ם",ברנדייס,8.0,1860000,76,3.0,4.0,2023,3,182002.42,653050.57,34.80821,31.969912,0.763,1102.0
ראשון לציון,"רמב""ם",ברנדיס,11.0,1835000,60,3.0,3.0,2023,11,181963.15,653169.92,34.80779,31.970987,0.763,1102.0
טירת כרמל,גיורא,ש גיורא,53.0,1090000,61,3.0,3.0,2026,2,197535.27,739963.38,34.970524,32.754055,-0.027,688.9
טירת כרמל,גיורא,ש גיורא,57.0,1160000,50,3.0,3.0,2024,10,197511.07,739910.42,34.970267,32.753577,-0.027,688.9
ראשון לציון,רמת אליהו,שניאור זלמן,9.0,1800000,79,4.0,1.0,2021,11,179949.47,654617.42,34.786428,31.983972,0.763,1102.0
ראשון לציון,רמת אליהו,זלמן שניאור,38.0,1400000,55,2.0,1.0,2022,1,180064.06,655069.74,34.787622,31.988055,0.763,1102.0
ראשון לציון,רמת אליהו,זלמן שניאור,40.0,1100000,80,4.0,3.0,2024,8,180067.76,655096.56,34.78766,31.988297,0.763,1102.0
חדרה,יוספטל,הנרייטה סאלד,10.0,850000,80,3.0,3.0,2021,7,193532.51,704643.53,34.928788,32.435484,0.173,777.9
חדרה,יוספטל,הנרייטה סאלד,10.0,810000,52,3.0,3.0,2021,7,193532.51,704643.53,34.928788,32.435484,0.173,777.9
חדרה,יוספטל,הנרייטה סאלד,7.0,900000,42,3.0,1.0,2022,2,193467.06,704612.87,34.928093,32.435206,0.173,777.9
קרית אתא,אברמסקי,מנדלי מוכר ספרים,11.0,1265000,71,4.0,3.0,2025,6,209917.14,745929.48,35.102588,32.808028,0.084,723.6
קרית אתא,אברמסקי,מנדלי מוכר ספרים,3.0,1120000,98,4.0,3.0,2023,11,210011.63,745926.39,35.103597,32.808001,0.084,723.6
קרית אתא,אברמסקי,מנדלי מוכר ספרים,29.0,2400000,141,5.0,3.0,2023,5,209691.62,745938.24,35.10018,32.808105,0.084,723.6
ירושלים,בית חנינא,,,2400000,63,3.0,1.0,2025,2,221955.37,637956.99,35.23084,31.83441,-0.626,516.8
תל אביב-יפו,הצפון הישן החלק הדרומי,טוסקניני,6.0,5475000,104,3.0,3.0,2021,11,179507.69,664481.4,34.781345,32.072908,1.064,1197.2
כפר סבא,מעוז,צביה לובטקין,10.0,2750000,209,8.0,3.0,2021,5,190923.04,676528.26,34.901885,32.18189,1.164,1298.0
ראשון לציון,קריית ראשון,התורמוס,4.0,2730000,123,5.0,3.0,2021,7,179968.64,653633.52,34.786671,31.9751,0.763,1102.0
ראשון לציון,קריית ראשון,התורמוס,6.0,2535000,93,4.0,3.0,2022,5,179943.34,653642.49,34.786403,31.97518,0.763,1102.0
ראשון לציון,קריית ראשון,התורמוס,2.0,2763000,104,4.0,3.0,2022,5,179995.36,653626.1,34.786954,31.975034,0.763,1102.0
הר אדר,,הגיא,180.0,4492000,190,5.0,1.0,2022,7,212194.47,636970.81,35.127736,31.825496,0.421,921.9
נהרייה,גבעת טרומפלדור,החלוץ,7.0,164000,58,3.0,1.0,2025,8,210484.04,769585.42,35.108411,33.021333,0.137,783.8
נהרייה,גבעת טרומפלדור,החלוץ,7.0,600000,70,3.0,1.0,2021,11,210484.04,769585.42,35.108411,33.021333,0.137,783.8
רמת גן,נחלת גנים,"רש""י",36.0,2500000,70,3.0,1.0,2024,12,182950.86,666719.04,34.817726,32.093203,1.048,1230.5
דימונה,נאות קטיף,הרכס,14.0,1800000,225,5.0,1.0,2022,3,204055.08,553076.32,35.043064,31.068784,-0.577,435.1
דימונה,נאות קטיף,הרכס,15.0,1900000,184,5.0,1.0,2023,5,204000.61,553095.47,35.042493,31.068956,-0.577,435.1
דימונה,נאות קטיף,הרכס,7.0,2230000,174,5.0,1.0,2022,9,204014.62,553014.95,35.042641,31.06823,-0.577,435.1
קרית מוצקין,לב העיר,החשמונאים,50.0,900000,68,3.0,6.0,2023,7,207760.33,749735.43,35.079511,32.842325,0.419,922.3
קרית מוצקין,לב העיר,החשמונאים,40.0,1130000,67,3.0,6.0,2024,3,207698.5,749630.92,35.078852,32.841382,0.419,922.3
קרית מוצקין,לב העיר,החשמונאים,39.0,1500000,116,4.0,12.0,2024,11,207614.94,749660.3,35.077959,32.841646,0.419,922.3
אשדוד,רובע ב,המעפילים,15.0,1604000,104,4.0,4.0,2023,3,167102.54,635140.26,34.651553,31.80781,-0.188,654.2
אשדוד,רובע ב,המעפילים,1.0,186000,63,3.0,3.0,2025,3,167179.5,635377.5,34.652353,31.809953,-0.188,654.2
אשדוד,רובע ב,המעפילים,8.0,1950000,78,3.0,4.0,2024,4,167106.62,635309.45,34.651587,31.809336,-0.188,654.2
אשקלון,גני ברנע,אלעד,8.0,3350000,157,5.0,0.0,2021,10,159881.9,620946.51,34.576167,31.679458,-0.255,589.1
אשקלון,גני ברנע,אלעד,10.0,2980000,104,4.0,0.0,2022,7,159904.73,620959.79,34.576407,31.679579,-0.255,589.1
אשקלון,נווה אילן,אלי כהן,44.0,525000,69,3.0,5.0,2025,11,160133.81,619830.85,34.578891,31.66941,-0.255,589.1
אשקלון,מרכז נפתי,אלי כהן,12.0,1460000,103,4.0,3.0,2025,12,158893.3,619484.41,34.565832,31.666221,-0.255,589.1
אשקלון,נווה אילן,אלי כהן,44.0,1250000,75,3.0,5.0,2024,11,160133.81,619830.85,34.578891,31.66941,-0.255,589.1
לוד,נווה זית,אנילביץ,18.0,330000,84,4.0,4.0,2022,6,189520.35,650278.53,34.887828,31.945137,-0.502,490.2
עפולה,,,,1470000,132,5.0,3.0,2025,1,227972.58,725013.76,35.295181,32.619438,-0.331,551.2
עפולה,,,,1295000,126,4.0,1.0,2023,11,227972.58,725013.76,35.295181,32.619438,-0.331,551.2
גבעתיים,תל גנים,טבנקין,20.0,4100000,112,4.0,3.0,2024,11,183031.31,663051.88,34.818717,32.060136,1.522,1451.9
גבעתיים,תל גנים,טבנקין,20.0,3500000,83,4.0,1.0,2022,11,183031.31,663051.88,34.818717,32.060136,1.522,1451.9
גבעתיים,תל גנים,טבנקין,20.0,1708000,108,4.0,0.0,2023,11,183031.31,663051.88,34.818717,32.060136,1.522,1451.9
תל יצחק,,,,752000,84,3.0,3.0,2025,5,187876.79,684488.38,34.869321,32.25359,0.421,921.9
צור הדסה,הוותיקה,יסמין,287.0,492000,160,6.0,1.0,2024,4,209603.86,624993.46,35.100493,31.71746,0.421,921.9
נבטים,,,,2750000,200,5.0,3.0,2025,1,188131.88,570617.28,34.875675,31.226672,0.421,921.9
נבטים,,,,1980000,197,6.0,1.0,2022,5,188131.88,570617.28,34.875675,31.226672,0.421,921.9
חיפה,בת גלים,רחף,1.0,2100000,75,3.0,3.0,2024,5,198052.02,748601.71,34.975839,32.831956,0.366,881.8
מיתר,,חצב,52.0,2600000,141,5.0,1.0,2022,9,193599.83,582004.79,34.932769,31.32951,0.421,921.9
אשדוד,רובע ו,שלמה בן יוסף,23.0,1960000,75,3.0,1.0,2023,6,167601.79,633469.95,34.656914,31.79277,-0.188,654.2
אשדוד,רובע ו,שלמה בן יוסף,17.0,2000000,100,5.0,4.0,2024,3,167611.58,633572.14,34.657012,31.793692,-0.188,654.2
אשדוד,רובע ו,שלמה בן יוסף,5.0,2040000,110,4.0,0.0,2025,12,167680.98,633755.98,34.657735,31.795353,-0.188,654.2
נתניה,נאות שקד,מוצקין,17.0,1000000,71,3.0,7.0,2021,12,185900.89,689350.06,34.848182,32.297373,0.059,717.6
נתניה,נאות שקד,מוצקין,21.0,1500000,72,3.0,3.0,2023,5,185931.88,689406.62,34.848509,32.297884,0.059,717.6
נתיבות,קרית משה,החידא,182.0,950000,85,3.0,3.0,2024,1,160498.95,592378.41,34.58438,31.421857,-0.8,328.9
נתיבות,בבא סאלי,"החיד""א",340.0,1115000,74,3.5,1.0,2026,1,160832.14,592734.8,34.587863,31.425088,-0.8,328.9
נתיבות,נווה נוי,גפן,36.0,1680000,90,4.0,1.0,2024,1,160493.57,591576.63,34.584371,31.414626,-0.8,328.9
נתיבות,נווה נוי,גפן,66.0,1770000,160,6.0,1.0,2021,12,160317.73,591457.65,34.582529,31.413544,-0.8,328.9
נהרייה,גבעת אוסישקין,שאול המלך,34.0,1320000,160,3.0,1.0,2022,1,210036.3,766945.38,35.103646,32.997525,0.137,783.8
נהרייה,גבעת אוסישקין,שאול המלך,52.0,1650000,46,3.0,1.0,2023,9,210073.69,767149.97,35.104044,32.99937,0.137,783.8
נהרייה,גבעת אוסישקין,שאול המלך,29.0,1450000,36,3.0,1.0,2023,6,210006.97,766957.95,35.103332,32.997638,0.137,783.8
הזורעים,,,,2150000,161,5.0,1.0,2021,6,246912.45,739424.76,35.497406,32.749074,0.421,921.9
הזורעים,,,,1650000,124,4.0,1.0,2021,10,246912.45,739424.76,35.497406,32.749074,0.421,921.9
גזר,,,,368000,60,3.0,1.0,2022,4,192443.37,642720.04,34.918953,31.877047,0.421,921.9
גבעתיים,פועלי הרכבת,פועלי הרכבת,45.0,2275000,80,2.0,3.0,2025,5,183042.85,664961.29,34.818767,32.077355,1.522,1451.9
גבעתיים,פועלי הרכבת,פועלי הרכבת,12.0,2600000,89,3.5,3.0,2025,9,182900.67,665043.19,34.817258,32.078089,1.522,1451.9
רחובות,היובל,משה פורר,8.0,1900000,84,4.0,3.0,2022,1,184041.35,643988.2,34.830111,31.888253,0.697,1049.1
רחובות,היובל,משה פורר,10.0,1800000,97,4.0,1.0,2021,7,184109.29,644017.8,34.830828,31.888522,0.697,1049.1
קרית אתא,מרכז העיר,אתא,7.0,895000,85,3.0,7.0,2021,7,209986.75,744982.08,35.103341,32.799486,0.084,723.6
קרית אתא,מרכז העיר,אתא,7.0,900000,110,4.0,1.0,2021,11,209986.75,744982.08,35.103341,32.799486,0.084,723.6
קרית אתא,מרכז העיר,אתא,7.0,1290000,109,4.0,6.0,2023,3,209986.75,744982.08,35.103341,32.799486,0.084,723.6
תל אביב-יפו,הצפון הישן-החלק הצפוני,עמנואל הרומי,30.0,3250000,60,2.0,1.0,2024,10,179546.27,666160.05,34.781684,32.088047,1.064,1197.2
תל אביב-יפו,הצפון הישן-החלק הצפוני,עמנואל הרומי,9.0,3750000,59,2.5,4.0,2025,5,179471.95,666009.86,34.780903,32.08669,1.064,1197.2
קרית אתא,קרית פרוסטיג,שיבת ציון,3.0,1130000,89,3.0,3.0,2025,4,209056.48,745528.99,35.093403,32.804409,0.084,723.6
קרית אתא,קרית פרוסטיג,שיבת ציון,5.0,250000,35,2.0,3.0,2025,4,209079.18,745555.47,35.093645,32.804648,0.084,723.6
קרית אתא,קרית פרוסטיג,שיבת ציון,15.0,750000,124,5.0,1.0,2021,11,209057.48,745674.82,35.093412,32.805724,0.084,723.6
נס ציונה,מרכז מזרחי,העצמאות,1.0,2550000,135,5.0,1.0,2021,7,181216.39,648611.56,34.80007,31.929855,1.213,1305.7
תל אביב-יפו,הצפון הישן החלק הדרומי,חובבי ציון,51.0,4800000,92,3.0,1.0,2024,4,178533.43,665044.05,34.771003,32.077947,1.064,1197.2
תל אביב-יפו,הצפון הישן החלק הדרומי,חובבי ציון,46.0,2770000,56,2.0,0.0,2024,4,178580.91,665040.31,34.771506,32.077915,1.064,1197.2
תל אביב-יפו,לב העיר,חובבי ציון,5.0,5120000,75,3.0,3.0,2022,7,178302.7,664675.38,34.768575,32.074614,1.064,1197.2
נוף הגליל,הר יונה,דליה,6.0,900000,90,4.0,3.0,2022,4,231601.22,737019.59,35.334,32.727662,-0.214,576.4
נוף הגליל,הר יונה,דליה,15.0,1105000,82,3.5,3.0,2024,5,231280.09,737237.45,35.330577,32.72963,-0.214,576.4
נוף הגליל,הר יונה,דליה,13.0,1150000,98,3.0,3.0,2022,9,231335.81,737205.36,35.331171,32.72934,-0.214,576.4
אופקים,"הרי""ף",יהלום,6.0,1100000,75,4.0,4.0,2024,12,163978.39,579984.82,34.621662,31.310257,-0.795,332.2
אופקים,"הרי""ף",יהלום,6.0,1250000,85,3.5,1.0,2023,5,163978.39,579984.82,34.621662,31.310257,-0.795,332.2
אופקים,"הרי""ף",יהלום,8.0,1195000,83,4.0,3.0,2025,2,163950.17,579958.58,34.621367,31.310019,-0.795,332.2
רכסים,,,,1177000,80,4.0,3.0,2024,4,209991.64,740089.74,35.103443,32.755372,0.421,921.9
רכסים,,,,1273000,90,4.0,1.0,2021,12,209991.64,740089.74,35.103443,32.755372,0.421,921.9
חדרה,בית אליעזר,שקצר,7.0,1410000,84,3.0,2.0,2025,7,195472.28,702546.2,34.949467,32.416615,0.173,777.9
חדרה,בית אליעזר,שקצר,40.0,965000,78,3.0,1.0,2021,9,195592.37,702373.58,34.950748,32.415061,0.173,777.9
רעננה,קריית דוד רמז,אחוזה,82.0,1830000,90,4.0,4.0,2022,2,188789.95,676303.38,34.879274,32.179806,1.188,1307.4
רעננה,מרכז,אחוזה,163.0,2350000,135,4.0,1.0,2021,5,187864.91,676475.56,34.86946,32.181333,1.188,1307.4
תל אביב-יפו,פלורנטין,אפרים קישון,73.0,2250000,51,3.0,3.0,2021,8,178474.19,662544.44,34.770482,32.055404,1.064,1197.2
תל אביב-יפו,פלורנטין,הרצל,110.0,2750000,39,2.0,1.0,2025,3,178474.19,662544.44,34.770482,32.055404,1.064,1197.2
ראשון לציון,נאות שיקמה,קאפח,5.0,2580000,111,5.0,9.0,2021,7,178545.41,653964.25,34.7716,31.978032,0.763,1102.0
ראשון לציון,נאות שיקמה,קאפח,5.0,2070700,71,3.0,12.0,2023,11,178545.41,653964.25,34.7716,31.978032,0.763,1102.0
הרצליה,וייצמן,תור הזהב,7.0,1020000,60,2.0,3.0,2023,1,184562.45,674493.95,34.834515,32.163366,1.247,1317.1
הרצליה,וייצמן,תור הזהב,9.0,2840000,39,3.0,1.0,2023,1,184497.62,674513.36,34.833827,32.163539,1.247,1317.1
הרצליה,וייצמן,תור הזהב,7.0,1087000,59,2.0,3.0,2022,6,184562.45,674493.95,34.834515,32.163366,1.247,1317.1
אשקלון,נוה דקלים,עמיעד,8.0,1400000,69,3.0,1.0,2022,6,160518.69,620468.37,34.582911,31.675179,-0.255,589.1
אשקלון,נוה דקלים,עמיעד,9.0,1690000,69,3.0,1.0,2024,10,160454.23,620440.24,34.582233,31.674922,-0.255,589.1
נתניה,רסקו,הרב ריינס,11.0,2050000,106,5.0,3.0,2024,2,187494.78,693397.02,34.864968,32.333913,0.059,717.6
נתניה,נאות הרצל,הרב ריינס,44.0,1140000,48,2.0,3.0,2021,11,187605.8,693670.02,34.866138,32.336378,0.059,717.6
נתניה,רסקו,הרב ריינס,39.0,2150000,102,4.0,4.0,2022,8,187526.21,693658.3,34.865293,32.33627,0.059,717.6
חולון,נווה ארזים,יאיר הגלעדי,5.0,2205000,65,3.0,3.0,2022,9,180506.62,658482.16,34.792167,32.018843,0.421,921.9
חולון,נווה ארזים,יאיר הגלעדי,5.0,2606000,83,3.0,3.0,2023,8,180506.62,658482.16,34.792167,32.018843,0.421,921.9
נוף הגליל,דרומית,יזרעאל,9.0,615000,78,3.0,7.0,2025,3,230141.03,733698.09,35.318385,32.697727,-0.214,576.4
נוף הגליל,אשכול,יזרעאל,20.0,850000,72,3.0,4.0,2025,9,230023.0,733054.63,35.317119,32.691926,-0.214,576.4
נוף הגליל,דרומית,יזרעאל,16.0,1195000,86,4.0,3.0,2025,8,230070.69,733272.05,35.31763,32.693886,-0.214,576.4
גן יבנה,,חשמונאים,25.0,766000,112,4.0,3.0,2024,1,171053.85,632536.43,34.693409,31.784503,0.764,1111.8
באר שבע,נווה זאב,ישראל שוחט,4.0,2060000,225,5.0,5.0,2021,8,177943.27,571434.09,34.768709,31.233721,-0.188,627.8
באר שבע,נווה זאב,ישראל שוחט,19.0,1887000,130,5.0,3.0,2022,9,177803.75,571449.06,34.767244,31.233851,-0.188,627.8
חיפה,רוממה,משמר הגבול,9.0,775000,27,1.0,1.0,2024,12,199867.29,743973.62,34.995324,32.790259,0.366,881.8
חיפה,רוממה,משמר הגבול,9.0,450000,31,1.0,3.0,2024,11,199867.29,743973.62,34.995324,32.790259,0.366,881.8
חיפה,רוממה,משמר הגבול,9.0,800000,26,2.0,3.0,2025,4,199867.29,743973.62,34.995324,32.790259,0.366,881.8
לוחמי הגטאות,,,,2100000,85,4.0,1.0,2025,9,209504.4,763210.27,35.097995,32.963842,0.421,921.9
חיפה,קרית חיים מזרחית,,,280000,78,4.0,3.0,2024,9,207417.06,747691.34,35.075871,32.82389,0.366,881.8
אשדוד,רובע ז,מאיר בעל הנס,26.0,2400000,109,4.0,3.0,2021,5,167951.21,633003.9,34.660628,31.788583,-0.188,654.2
אשדוד,רובע ז,מאיר בעל הנס,7.0,1986000,94,3.0,3.0,2022,7,167977.28,633064.87,34.6609,31.789134,-0.188,654.2
אשדוד,רובע ז,מאיר בעל הנס,18.0,2515000,130,5.0,3.0,2021,11,167837.28,633043.5,34.659423,31.788935,-0.188,654.2
בית שמש,רמת בית שמש ב,נהר הירדן,50.0,2115000,71,3.0,1.0,2025,7,199505.05,626064.2,34.993925,31.726985,-1.193,302.0
רמת גן,חרוזים,אנה פרנק,13.0,3764000,72,3.0,1.0,2024,6,181606.44,666448.93,34.803495,32.090723,1.048,1230.5
רמת גן,חרוזים,אנה פרנק,25.0,1750000,105,3.0,5.0,2024,12,181645.29,666310.62,34.803912,32.089477,1.048,1230.5
רמת גן,חרוזים,אנה פרנק,13.0,4656000,100,3.0,3.0,2025,12,181606.44,666448.93,34.803495,32.090723,1.048,1230.5
עפולה,עפולה הצעירה,הארז,5.0,1030000,91,3.0,3.0,2023,7,230472.1,726959.49,35.321836,32.636961,-0.331,551.2
עפולה,עפולה הצעירה,הארז,65.0,1165000,67,4.0,3.0,2025,8,230270.87,726478.75,35.319686,32.632628,-0.331,551.2
עפולה,עפולה הצעירה,הארז,23.0,392000,94,4.0,3.0,2023,4,230327.21,726880.49,35.320291,32.63625,-0.331,551.2
נשר,רמות יצחק,הערמונים,1.0,1000000,90,4.0,1.0,2021,10,203704.15,741391.4,35.036327,32.767037,0.444,933.3
נשר,רמות יצחק,הערמונים,15.0,1800000,107,5.0,3.0,2022,7,203521.03,741427.96,35.034372,32.767364,0.444,933.3
נשר,רמות יצחק,הערמונים,5.0,1615000,97,5.0,3.0,2021,5,203610.09,741399.21,35.035323,32.767106,0.444,933.3
ראש העין,מצפה אפק,פלח הלימון,10.0,1690000,87,3.0,1.0,2022,5,196019.02,666022.1,34.956177,32.087265,0.741,1061.7
ראש העין,מצפה אפק,פלח הלימון,12.0,2078200,109,5.0,3.0,2024,11,196032.18,666079.06,34.956315,32.087779,0.741,1061.7
ראש העין,מצפה אפק,פלח הלימון,10.0,630000,78,4.0,0.0,2024,2,196019.02,666022.1,34.956177,32.087265,0.741,1061.7
אשדוד,"רובע ט""ו",נחמן סירקין,16.0,2640000,154,5.0,3.0,2025,12,165521.24,631002.47,34.635083,31.770422,-0.188,654.2
אשדוד,"רובע ט""ו",נחמן סירקין,12.0,3800000,160,5.0,3.0,2024,3,165420.2,631081.62,34.634012,31.771131,-0.188,654.2
אשדוד,"רובע ט""ו",נחמן סירקין,17.0,2730000,145,5.0,3.0,2024,11,165546.14,631107.46,34.63534,31.77137,-0.188,654.2
תל אביב-יפו,תכנית ל,איינשטיין,2.0,6372000,95,4.0,8.0,2025,12,179930.97,668735.59,34.785653,32.111286,1.064,1197.2
תל אביב-יפו,תכנית ל,איינשטיין,2.0,5039000,73,3.0,12.0,2025,7,179930.97,668735.59,34.785653,32.111286,1.064,1197.2
קרית מלאכי,,בר יהודה,55.0,1340000,90,3.5,3.0,2024,8,175974.15,627049.4,34.7456,31.735218,-0.538,422.5
קרית מלאכי,,בר יהודה,1.0,950000,97,4.0,1.0,2021,9,175518.67,627000.43,34.740796,31.734759,-0.538,422.5
נתניה,נאות גולדה,גולדה מאיר,14.0,1720000,70,3.0,3.0,2026,2,186155.2,687177.11,34.850958,32.277786,0.059,717.6
נתניה,נאות גולדה,גולדה מאיר,27.0,1320000,68,3.0,3.0,2021,11,186481.54,687002.71,34.854428,32.276223,0.059,717.6
נתניה,נאות גולדה,גולדה מאיר,16.0,1980000,108,4.0,3.0,2024,9,186223.77,687142.06,34.851687,32.277472,0.059,717.6
קרית גת,מלכי ישראל,אסא,9.0,3600000,231,5.0,3.0,2025,2,177072.37,613980.92,34.757753,31.617404,-0.47,469.5
חבצלת השרון,,,,2017000,103,4.0,10.0,2026,2,187047.79,695489.72,34.860149,32.352771,0.421,921.9
בית העמק,,,,1000000,74,3.0,3.0,2025,8,213932.59,764059.88,35.145354,32.971534,0.421,921.9
פתח תקווה,עין גנים,יהושע שטמפפר,46.0,1590000,51,2.5,3.0,2023,5,189722.29,666623.71,34.88946,32.092542,0.492,944.5
פתח תקווה,מרכז העיר,יהושע שטמפפר,32.0,1595000,65,3.0,3.0,2024,8,189596.78,666509.3,34.888134,32.091507,0.492,944.5
פתח תקווה,קרית חזני,יהושע שטמפפר,80.0,2260000,97,4.0,3.0,2023,12,189995.09,666843.7,34.892343,32.094533,0.492,944.5
טבריה,רמת אגוז,יצחק בן צבי,24.0,620000,45,3.0,1.0,2024,6,248626.88,742539.82,35.515797,32.777118,-0.727,381.5
טבריה,רמת אגוז,יצחק בן צבי,13.0,109000,40,3.0,1.0,2023,1,248520.02,742492.15,35.514655,32.776691,-0.727,381.5
שפרעם,,,,1800000,291,6.0,1.0,2023,6,217013.81,744662.9,35.178365,32.796646,0.421,921.9
מסד,,,,950000,184,5.0,1.0,2021,7,240004.61,749815.52,35.423928,32.842917,0.421,921.9
בית שמש,רמת בית שמש ג,מרים הנביאה,3.0,1965000,89,3.0,3.0,2024,8,199484.64,623497.16,34.993762,31.703834,-1.193,302.0
בית שמש,רמת בית שמש ג,מרים הנביאה,30.0,2300000,85,4.0,3.0,2025,8,199617.49,623366.62,34.995166,31.702659,-1.193,302.0
בית שמש,רמת בית שמש ג,מרים הנביאה,21.0,1930000,110,3.0,3.0,2024,7,199482.55,623197.23,34.993746,31.701129,-1.193,302.0
קרית מלאכי,קיבוץ גלויות,סאן דייגו,17.0,1130000,110,5.0,1.0,2022,9,176478.45,626513.7,34.750945,31.730406,-0.538,422.5
קרית מלאכי,קיבוץ גלויות,סאן דייגו,18.0,910000,53,3.0,0.0,2024,11,176476.41,626433.98,34.750927,31.729687,-0.538,422.5
קרית מלאכי,קיבוץ גלויות,סאן דייגו,20.0,239000,49,2.0,3.0,2021,6,176524.81,626426.46,34.751438,31.729621,-0.538,422.5
תל אביב-יפו,הצפון החדש החלק הצפוני,פנקס,25.0,6546000,123,5.0,7.0,2021,8,179988.21,666507.64,34.786351,32.091197,1.064,1197.2
בת ים,עמידר,קרן קיימת לישראל,19.0,1730000,81,3.0,3.0,2025,5,177332.89,659023.38,34.758551,32.02361,-0.115,605.6
בת ים,רמת יוסף,קרן קיימת לישראל,10.0,1250000,52,3.0,4.0,2022,1,177086.06,658984.37,34.75594,32.023249,-0.115,605.6
בת ים,עמידר,קרן קיימת לישראל,27.0,1730000,81,3.0,3.0,2024,7,177478.09,659022.68,34.760088,32.023609,-0.115,605.6
נהרייה,מרכז העיר,אברהם קיי,12.0,2015000,103,4.0,1.0,2022,7,208981.31,766987.27,35.092357,32.997893,0.137,783.8
נתיבות,,,,1356000,82,3.0,5.0,2026,2,158433.85,592448.03,34.562658,31.422378,-0.8,328.9
ראש העין,פסגות אפק,בן גוריון,3.0,2470000,124,5.0,3.0,2024,12,196504.87,665622.78,34.961333,32.083674,0.741,1061.7
ראש העין,פסגות אפק,בן גוריון,5.0,2405000,134,5.0,3.0,2024,6,196523.11,665589.59,34.961527,32.083375,0.741,1061.7
ראש העין,פסגות אפק,בן גוריון,21.0,2500000,134,5.0,3.0,2024,4,196776.56,665441.53,34.964215,32.082045,0.741,1061.7
טבריה,קריית שמואל,אחד העם,46.0,808000,80,3.0,0.0,2021,11,249892.67,744965.1,35.529387,32.798952,-0.727,381.5
טבריה,קריית שמואל,אחד העם,46.0,750000,74,3.0,11.0,2023,6,249892.67,744965.1,35.529387,32.798952,-0.727,381.5
טבריה,קריית שמואל,אחד העם,65.0,2436000,195,5.0,3.0,2023,1,250109.35,744928.17,35.531699,32.798613,-0.727,381.5
חיפה,כרמליה,רות,19.0,4325000,150,6.0,3.0,2021,10,198230.48,744492.35,34.977839,32.794906,0.366,881.8
מבשרת ציון,,הברוש,19.0,3900000,159,6.0,3.0,2023,11,214729.7,634471.98,35.154527,31.802974,1.204,1303.2
מודיעין-מכבים-רעות,מורשת - תכנון בעתיד,,,4480000,197,6.0,3.0,2023,6,198879.07,646046.82,34.986898,31.907183,1.465,1403.3
מודיעין-מכבים-רעות,מורשת - תכנון בעתיד,,,1905000,94,4.0,3.0,2021,9,198879.07,646046.82,34.986898,31.907183,1.465,1403.3
מודיעין-מכבים-רעות,מורשת - תכנון בעתיד,,,932000,74,3.0,3.0,2021,11,198879.07,646046.82,34.986898,31.907183,1.465,1403.3
צפת,,,,1040000,225,7.0,1.0,2022,9,246505.65,763489.29,35.493769,32.966068,-1.044,312.2
הרצליה,,דליה רביקוביץ,12.0,3226000,78,3.0,3.0,2023,4,184280.86,675959.16,34.831476,32.17657,1.247,1317.1
הרצליה,,דליה רביקוביץ,9.0,5008000,145,5.0,3.0,2024,12,184175.39,675923.15,34.830359,32.176242,1.247,1317.1
הרצליה,,דליה רביקוביץ,16.0,3700000,110,5.0,4.0,2021,8,184184.89,675971.36,34.830458,32.176677,1.247,1317.1
קרית אתא,אברמסקי,ברדיצ'בסקי,27.0,1200000,97,4.0,3.0,2021,12,209990.51,746558.78,35.103365,32.813703,0.084,723.6
קרית אתא,אברמסקי,ברדיצ'בסקי,27.0,1600000,134,5.0,3.0,2025,8,209990.51,746558.78,35.103365,32.813703,0.084,723.6
חולון,קרית פנחס איילון,תמר,6.0,3090000,109,5.0,4.0,2023,11,179588.53,656993.44,34.782511,32.005386,0.421,921.9
חולון,קרית פנחס איילון,תמר,10.0,2800000,124,5.0,6.0,2022,4,179683.0,657010.93,34.78351,32.005547,0.421,921.9
חולון,קרית פנחס איילון,תמר,6.0,3535300,110,5.0,8.0,2024,11,179588.53,656993.44,34.782511,32.005386,0.421,921.9
מבשרת ציון,,האורן,49.0,1600000,69,3.0,0.0,2021,11,214896.34,634210.44,35.156288,31.800616,1.204,1303.2
מבשרת ציון,,האורן,57.0,679000,81,4.0,0.0,2023,1,214979.62,634288.25,35.157167,31.801318,1.204,1303.2
אריאל,,הפסגה,32.0,1620000,113,4.0,1.0,2022,3,216932.83,668027.5,35.177705,32.10559,0.343,889.8
באר שבע,מרכז אזרחי,,,1450000,130,4.0,1.0,2021,7,180847.84,573028.99,34.799134,31.248205,-0.188,627.8
קרית טבעון,,,,1550000,72,3.0,1.0,2024,4,212512.48,736470.84,35.13037,32.722759,1.267,1354.8
קרית טבעון,,,,1500000,80,3.0,3.0,2025,5,212512.48,736470.84,35.13037,32.722759,1.267,1354.8
אשדוד,,,,2210000,101,4.0,1.0,2024,9,168442.96,633479.72,34.665795,31.792896,-0.188,654.2
מגדל העמק,רמת בלפור,חטיבת גולני,17.0,910000,87,3.0,3.0,2024,8,223214.59,731206.12,35.24451,32.675302,-0.286,578.2
מגדל העמק,רמת בלפור,חטיבת גולני,12.0,770000,66,3.0,3.0,2023,9,223122.68,731162.5,35.24353,32.674909,-0.286,578.2
מגדל העמק,רמת בלפור,חטיבת גולני,8.0,420000,44,3.0,3.0,2022,2,222998.88,731133.18,35.24221,32.674645,-0.286,578.2
תל שבע,,,,600000,75,4.0,1.0,2022,10,186402.63,571951.65,34.857482,31.238659,0.421,921.9
רעננה,מרכז,עגנון,5.0,2845000,154,5.0,3.0,2021,5,187989.21,676017.07,34.870793,32.177202,1.188,1307.4
רעננה,פרדס משותף,עגנון,18.0,1960000,95,4.0,1.0,2022,2,187903.27,675890.92,34.869886,32.176062,1.188,1307.4
קרית אתא,מרכז העיר,כצנלסון,29.0,1670000,100,4.0,1.0,2024,1,210376.21,745278.38,35.107496,32.802161,0.084,723.6
קרית אתא,מרכז העיר,כצנלסון,1.0,1230000,110,4.0,3.0,2024,5,210529.87,745546.62,35.109134,32.804581,0.084,723.6
קרית אתא,מרכז העיר,כצנלסון,18.0,860000,70,4.0,3.0,2023,4,210342.49,745383.99,35.107135,32.803113,0.084,723.6
פתח תקווה,מרכז העיר,גוטמן,11.0,1795000,84,4.0,12.0,2021,12,189015.53,666375.07,34.881981,32.090281,0.492,944.5
פתח תקווה,מרכז העיר,גוטמן,11.0,2050000,131,5.0,6.0,2021,8,189015.53,666375.07,34.881981,32.090281,0.492,944.5
כפר המכבי,,,,129000,68,3.0,3.0,2024,11,210967.64,744132.9,35.113821,32.791837,0.421,921.9
פתח תקווה,מחנה יהודה,שפרינצק,13.0,1600000,65,3.0,3.0,2025,11,189951.4,664895.8,34.89194,32.076966,0.492,944.5
פתח תקווה,אחדות,שפרינצק,20.0,1635000,70,3.0,3.0,2023,10,189899.98,664745.91,34.8914,32.075613,0.492,944.5
פתח תקווה,אחדות,שפרינצק,32.0,1820000,82,3.0,3.0,2023,12,189902.86,664533.44,34.891437,32.073697,0.492,944.5
כרמיה,,,,2900000,500,1.0,1.0,2022,12,156608.05,613031.08,34.542149,31.607902,0.421,921.9
מעלה אדומים,מגדים,הר גדור,14.0,1745000,93,3.0,3.0,2021,8,228495.26,631016.61,35.299861,31.771786,0.226,817.5
מעלה אדומים,מגדים,הר גדור,14.0,2245000,93,3.0,3.0,2025,5,228495.26,631016.61,35.299861,31.771786,0.226,817.5
מעלה אדומים,מגדים,הר גדור,12.0,1820000,114,4.0,3.0,2021,12,228524.27,630986.69,35.300167,31.771516,0.226,817.5
מגדל העמק,רמת בלפור,הלילך,7.0,625000,35,2.0,0.0,2023,1,223058.33,730923.27,35.242843,32.672752,-0.286,578.2
מגדל העמק,רמת בלפור,הלילך,7.0,850000,35,2.0,0.0,2023,6,223058.33,730923.27,35.242843,32.672752,-0.286,578.2
נתניה,רמת אפרים,,,2196000,129,5.0,9.0,2022,1,187429.74,691416.4,34.864344,32.316051,0.059,717.6
נתניה,"מע""ר - מרכז עירוני ראשי",,,3154000,136,5.0,6.0,2023,6,186476.47,691507.74,34.854218,32.316847,0.059,717.6
ביתר עילית,הדקל,הרבי מזוועהיל,22.0,2780000,168,5.0,1.0,2021,5,210865.36,622523.97,35.113824,31.695199,-1.862,78.5
ביתר עילית,הדקל,הרבי מזוועהיל,29.0,3900000,206,7.0,3.0,2026,2,210908.33,622552.54,35.114277,31.695457,-1.862,78.5
ביתר עילית,הדקל,הרבי מזוועהיל,13.0,3200000,144,5.0,1.0,2024,7,210750.67,622439.46,35.112615,31.694436,-1.862,78.5
מודיעין עילית,אחוזת ברכפלד,רבי שמעון בר יוחאי,14.0,4300000,174,5.0,3.0,2024,12,203974.16,649373.13,35.04071,31.937261,-2.243,32.3
מודיעין עילית,אחוזת ברכפלד,רבי שמעון בר יוחאי,42.0,1150000,75,3.0,5.0,2021,9,204542.49,649457.34,35.046719,31.938028,-2.243,32.3
מודיעין עילית,אחוזת ברכפלד,רבי שמעון בר יוחאי,33.0,1760000,95,3.0,3.0,2026,2,204260.33,649396.43,35.043736,31.937475,-2.243,32.3
באר שבע,ב,טשרניחובסקי,8.0,1050000,72,3.0,3.0,2023,3,180494.5,573975.53,34.795388,31.25673,-0.188,627.8
באר שבע,ב,טשרניחובסקי,10.0,1050000,56,3.0,1.0,2023,2,180511.6,574014.38,34.795566,31.257081,-0.188,627.8
באר שבע,ב,טשרניחובסקי,14.0,1165000,88,3.0,3.0,2025,3,180501.01,574088.71,34.795452,31.257751,-0.188,627.8
רחובות,שעריים,ישעיהו,4.0,1800000,101,3.0,3.0,2024,4,182477.56,643499.82,34.813601,31.883799,0.697,1049.1
רחובות,שעריים,ישעיהו,4.0,1300000,65,3.0,3.0,2021,5,182477.56,643499.82,34.813601,31.883799,0.697,1049.1
נתניה,רמת אפרים,פתח תקווה,45.0,2300000,125,5.0,3.0,2022,3,186986.77,691973.63,34.859621,32.321063,0.059,717.6
נתניה,רמת אפרים,פתח תקווה,45.0,2265200,126,5.0,1.0,2021,11,186986.77,691973.63,34.859621,32.321063,0.059,717.6
עכו,נווה אלון,אברהם בן שושן,42.0,1060600,80,3.0,1.0,2024,11,209010.03,759263.34,35.092752,32.928249,-0.471,467.4
עכו,"אברהם דנינו, בן גירוין",אברהם בן שושן,28.0,600000,73,3.0,0.0,2023,8,208990.31,759010.28,35.092544,32.925967,-0.471,467.4
עכו,נווה אלון,בן שושן אברהם,78.0,890000,139,4.5,1.0,2022,8,209057.19,759635.82,35.093252,32.931608,-0.471,467.4
תל מונד,,האחווה,23.0,4470000,203,7.0,3.0,2024,12,192987.57,684548.13,34.923554,32.254261,0.421,921.9
תל מונד,,האחווה,20.0,6450000,348,8.0,3.0,2022,6,193009.83,684484.42,34.923792,32.253687,0.421,921.9
קרית אתא,,,,1103000,104,4.0,1.0,2025,11,212485.52,746533.75,35.130007,32.813496,0.084,723.6
קרית אתא,,,,2546000,113,4.0,1.0,2025,11,212485.52,746533.75,35.130007,32.813496,0.084,723.6
עפולה,עפולה הצעירה,הרצל,19.0,900000,65,3.0,1.0,2024,8,231215.61,726510.98,35.329754,32.632909,-0.331,551.2
עפולה,עפולה הצעירה,הרצל,23.0,965000,70,3.0,3.0,2025,12,231295.78,726485.35,35.330608,32.632677,-0.331,551.2
מתן,,כלנית,26.0,3700000,141,5.5,3.0,2025,9,197487.2,674053.56,34.971545,32.159721,0.421,921.9
מתן,,כלנית,28.0,3700000,148,5.0,3.0,2025,6,197480.72,674067.32,34.971476,32.159845,0.421,921.9
ראש העין,פסגות אפק,,,3520000,115,4.5,1.0,2024,12,197504.37,665618.14,34.97192,32.083652,0.741,1061.7
ראש העין,פסגות אפק,,,1273000,128,5.0,1.0,2022,11,197504.37,665618.14,34.97192,32.083652,0.741,1061.7
ראש העין,פסגות אפק,,,3850000,131,5.0,3.0,2023,1,197504.37,665618.14,34.97192,32.083652,0.741,1061.7
חדרה,ניסן,יצחק רבין,16.0,2060000,132,5.0,3.0,2024,5,193050.83,703688.19,34.923693,32.426858,0.173,777.9
חדרה,מרכז העיר,יצחק רבין,37.0,1600000,70,4.0,6.0,2024,12,193152.06,704272.13,34.924753,32.432126,0.173,777.9
חדרה,מרכז העיר,יצחק רבין,62.0,1150000,104,4.0,7.0,2022,3,193273.63,704477.52,34.92604,32.433981,0.173,777.9
אשדוד,רובע ח,הרותם,18.0,1830000,110,4.0,4.0,2025,7,167224.52,633127.1,34.652949,31.789661,-0.188,654.2
אשדוד,רובע ח,הרותם,17.0,1530000,78,3.0,3.0,2022,11,167385.48,633003.75,34.654655,31.788556,-0.188,654.2
אשדוד,רובע ח,הרותם,21.0,1600000,100,4.0,3.0,2021,7,167223.07,633064.67,34.652937,31.789098,-0.188,654.2
אשדוד,רובע ז,,,1800000,130,5.0,4.0,2021,7,168404.88,632962.39,34.66542,31.788229,-0.188,654.2
הרצליה,הרצליה הצעירה,"א""ד גורדון",44.0,3350000,102,5.0,3.0,2021,12,185438.5,673544.17,34.843836,32.154828,1.247,1317.1
הרצליה,הרצליה הצעירה,"א""ד גורדון",50.0,2800000,48,3.0,4.0,2023,6,185501.29,673474.43,34.844504,32.154201,1.247,1317.1
טבריה,מורדות טבריה,"קק""ל",37.0,750000,77,2.0,0.0,2021,6,249492.85,743499.39,35.525071,32.785747,-0.727,381.5
טבריה,מורדות טבריה,"קק""ל",31.0,1275000,141,5.0,3.0,2025,1,249426.16,743525.92,35.52436,32.785988,-0.727,381.5
טבריה,מורדות טבריה,"קק""ל",17.0,1000000,219,5.0,1.0,2021,8,249353.03,743577.6,35.523581,32.786456,-0.727,381.5
הוד השרון,שרת,האוטהקר,6.0,2600000,66,3.0,3.0,2024,9,189964.75,673957.62,34.891803,32.158684,1.498,1427.0
הוד השרון,שרת,האוטהקר,6.0,2450000,62,2.0,3.0,2024,10,189964.75,673957.62,34.891803,32.158684,1.498,1427.0
נתניה,מרכז העיר,היהלום,18.0,1385000,70,3.0,1.0,2024,12,187175.12,692832.35,34.861592,32.328812,0.059,717.6
נתניה,מרכז העיר,היהלום,18.0,1350000,79,3.0,1.0,2022,7,187175.12,692832.35,34.861592,32.328812,0.059,717.6
נתניה,מרכז העיר,היהלום,8.0,996000,37,1.0,6.0,2021,12,187012.27,692847.63,34.859862,32.328945,0.059,717.6
מבשרת ציון,,הכרמים,1.0,677000,120,5.0,3.0,2026,2,213846.94,633241.94,35.145212,31.791877,1.204,1303.2
בית שמש,רמת נריה,אוהל יהושע,10.0,2200000,106,4.0,3.0,2025,9,199106.89,627019.36,34.989704,31.735592,-1.193,302.0
קרית ביאליק,מרכז העיר,זינגר,29.0,950000,114,4.0,0.0,2025,11,208427.83,748046.83,35.086661,32.827106,0.477,957.3
עפולה,,,,1825000,120,4.0,5.0,2025,11,230513.97,725504.76,35.322265,32.623843,-0.331,551.2
עפולה,,,,1450000,77,3.0,6.0,2026,1,230513.97,725504.76,35.322265,32.623843,-0.331,551.2
הרצליה,,,,4150000,83,4.0,7.0,2024,9,183000.7,674006.41,34.817977,32.15892,1.247,1317.1
הרצליה,,,,5650000,130,4.0,8.0,2023,5,183000.7,674006.41,34.817977,32.15892,1.247,1317.1
הרצליה,,,,3825000,80,4.0,6.0,2025,6,183000.7,674006.41,34.817977,32.15892,1.247,1317.1
הר אדר,,נוף הרים,37.0,3600000,236,6.0,1.0,2021,10,212668.71,637440.75,35.132742,31.829737,0.421,921.9
בית שמש,,,,2295000,99,4.0,7.0,2024,3,200519.64,622980.61,35.00469,31.699193,-1.193,302.0
בית שמש,,,,1840000,99,4.0,4.0,2021,10,200519.64,622980.61,35.00469,31.699193,-1.193,302.0
באר שבע,ד,יעקב אבינו,2.0,750000,48,3.0,3.0,2021,11,180704.4,574613.74,34.797567,31.262493,-0.188,627.8
באר שבע,ד,יעקב אבינו,14.0,1200000,74,1.5,0.0,2025,11,180466.46,574582.14,34.79507,31.2622,-0.188,627.8
רמת גן,יד לבנים,עוזיאל,15.0,2795000,88,3.0,4.0,2024,5,183506.43,664985.92,34.823676,32.077592,1.048,1230.5
רמת גן,אזור הבילוים,עוזיאל,151.0,5556000,132,5.0,1.0,2026,2,183204.39,663473.32,34.820534,32.063942,1.048,1230.5
נס ציונה,וואלי,עומרים,6.0,2750000,103,5.0,3.0,2021,7,180066.69,646956.67,34.78798,31.914892,1.213,1305.7
נס ציונה,וואלי,עומרים,22.0,2850000,148,4.0,4.0,2021,7,179977.08,646995.38,34.787031,31.915238,1.213,1305.7
נס ציונה,וואלי,עומרים,11.0,2550000,96,4.0,1.0,2021,11,180001.14,646906.13,34.787289,31.914434,1.213,1305.7
אשקלון,מצפה ברנע,אברהם בלסבלג,10.0,1990000,134,5.0,3.0,2024,5,160006.91,621991.7,34.577422,31.68889,-0.255,589.1
אשקלון,מצפה ברנע,אברהם בלסבלג,10.0,1820000,115,4.0,12.0,2022,7,160006.91,621991.7,34.577422,31.68889,-0.255,589.1
אשקלון,מצפה ברנע,אברהם בלסבלג,10.0,1920000,134,5.0,8.0,2024,7,160006.91,621991.7,34.577422,31.68889,-0.255,589.1
שוהם,גבעולים,הבשור,76.0,5000000,234,7.0,3.0,2024,2,194470.08,656524.82,34.940016,32.001586,1.706,1516.5
אשדוד,"רובע י""א",נעמן,3.0,1770800,112,4.0,1.0,2023,11,165540.15,632496.94,34.6352,31.7839,-0.188,654.2
אשדוד,"רובע י""א",נעמן,5.0,1800000,120,4.0,3.0,2022,12,165583.31,632473.43,34.635657,31.78369,-0.188,654.2
אשדוד,"רובע י""א",נעמן,1.0,2015000,136,4.0,4.0,2024,6,165540.15,632496.94,34.6352,31.7839,-0.188,654.2
קרית אונו,קיראון,"צה""ל",29.0,2850000,101,4.0,3.0,2024,2,186885.62,662185.75,34.859561,32.052443,1.421,1380.2
קרית אונו,קיראון,"צה""ל",21.0,2700000,71,3.0,3.0,2025,12,186874.49,662221.16,34.859442,32.052762,1.421,1380.2
קרית אונו,קיראון,"צה""ל",21.0,3150000,121,5.0,3.0,2025,10,186874.49,662221.16,34.859442,32.052762,1.421,1380.2
באר שבע,נאות לון,,,4700000,361,6.0,1.0,2022,7,177367.0,572352.45,34.762622,31.241983,-0.188,627.8
ירוחם,,ההגנה,751.0,950000,143,3.0,3.0,2024,1,193713.1,544343.56,34.934922,30.989839,0.421,921.9
ירוחם,,ההגנה,226.0,730000,74,3.0,0.0,2022,2,193319.3,544698.31,34.93079,30.99303,0.421,921.9
חולון,קרית שרת מערב,מפרץ שלמה,25.0,1820000,62,3.0,6.0,2023,5,180399.64,656867.77,34.7911,32.004281,0.421,921.9
חולון,קריית שרת,מפרץ שלמה,62.0,1950000,57,3.0,3.0,2025,1,180647.09,656936.8,34.793716,32.004912,0.421,921.9
חולון,קריית שרת,מפרץ שלמה,70.0,1900000,61,3.0,5.0,2024,3,180505.97,656950.2,34.792222,32.005028,0.421,921.9
רמת גן,יד לבנים,,,2930000,100,4.0,8.0,2024,2,183504.9,665007.11,34.823659,32.077783,1.048,1230.5
רמת גן,יד לבנים,,,2990000,100,5.0,8.0,2024,2,183504.9,665007.11,34.823659,32.077783,1.048,1230.5
דימונה,ממשית,,,895346,117,4.0,3.0,2025,6,203968.99,552487.38,35.042171,31.063471,-0.577,435.1
מודיעין-מכבים-רעות,הנחלים,כליל החורש,22.0,3600000,160,4.5,3.0,2026,2,201510.91,645487.77,35.014732,31.902186,1.465,1403.3
מודיעין-מכבים-רעות,הנחלים,כליל החורש,30.0,3390000,134,4.0,3.0,2026,1,201563.61,645390.21,35.015291,31.901307,1.465,1403.3
מודיעין-מכבים-רעות,הנחלים,כליל החורש,22.0,3400000,130,4.5,6.0,2025,8,201510.91,645487.77,35.014732,31.902186,1.465,1403.3
נתניה,רמת יגאל ידין - דורה,ירמיהו,11.0,1050000,99,3.0,3.0,2021,7,186594.11,689632.89,34.855532,32.299944,0.059,717.6
נתניה,רמת יגאל ידין - דורה,ירמיהו,25.0,440000,99,4.0,1.0,2022,8,186555.1,689483.75,34.855123,32.298598,0.059,717.6
נתניה,רמת יגאל ידין - דורה,ירמיהו,15.0,1650000,84,2.0,1.0,2023,12,186583.04,689587.46,34.855416,32.299534,0.059,717.6
אשדוד,רובע ב,אבן גבירול,23.0,1100000,54,2.5,1.0,2025,3,167475.06,634875.23,34.655501,31.805437,-0.188,654.2
אשדוד,רובע ב,אבן גבירול,16.0,1230000,45,2.0,0.0,2026,1,167418.62,634969.55,34.6549,31.806285,-0.188,654.2
אשדוד,רובע ב,אבן גבירול,20.0,1000000,45,2.0,0.0,2022,6,167442.52,634920.63,34.655155,31.805845,-0.188,654.2
באר שבע,נווה זאב,נחום גוטמן,8.0,965000,96,4.0,1.0,2025,12,178968.42,571953.11,34.779448,31.238438,-0.188,627.8
באר שבע,נווה זאב,נחום גוטמן,14.0,735000,82,3.0,1.0,2021,8,178978.06,571984.23,34.779548,31.238719,-0.188,627.8
באר שבע,נווה זאב,נחום גוטמן,11.0,750000,89,3.0,7.0,2021,9,178910.47,572022.74,34.778837,31.239064,-0.188,627.8
נתניה,מרכז העיר,הרב קוק,41.0,1700000,103,4.0,1.0,2025,7,186472.11,693429.14,34.854105,32.334173,0.059,717.6
נתניה,מרכז העיר,הרב קוק,23.0,1500000,58,2.0,0.0,2026,1,186449.46,693268.31,34.85387,32.332722,0.059,717.6
נתניה,מרכז העיר,הרב קוק,7.0,1700000,95,4.0,4.0,2024,2,186380.27,693070.25,34.853142,32.330934,0.059,717.6
רמת גן,שיכון המזרחי,הרבי מריז'ין,9.0,1285000,84,4.0,3.0,2023,9,184047.56,663988.33,34.829444,32.068613,1.048,1230.5
רמת גן,שיכון המזרחי,הרבי מריז'ין,10.0,2400000,72,3.0,5.0,2025,2,184071.88,663949.88,34.829703,32.068267,1.048,1230.5
אופקים,שפירא,הכנסת הגדולה,10.0,2360000,223,5.0,1.0,2024,8,164011.4,579133.08,34.622056,31.302577,-0.795,332.2
אופקים,שפירא,הכנסת הגדולה,28.0,1850000,93,4.0,1.0,2024,6,164004.38,579029.0,34.621988,31.301638,-0.795,332.2
נתניה,מרכז העיר,החלוצים,2.0,700000,38,2.0,3.0,2022,10,186825.28,692556.24,34.857886,32.326312,0.059,717.6
קרית ים,א,שבזי,7.0,600000,57,3.0,3.0,2022,5,205953.21,749489.75,35.060212,32.840089,-0.334,541.1
קרית ים,א,שבזי,13.0,1600000,105,5.0,3.0,2025,4,205981.55,749542.61,35.060514,32.840566,-0.334,541.1
רחובות,דניה,ההגנה,20.0,1400000,81,3.0,3.0,2021,5,183185.58,644493.52,34.821047,31.892783,0.697,1049.1
רחובות,וייסבורג\ שקולניק,ההגנה,15.0,2135000,72,3.0,3.0,2022,8,183112.64,644520.05,34.820275,31.89302,0.697,1049.1
רחובות,קריית דוד,ההגנה,48.0,1900000,100,5.0,3.0,2022,1,183440.54,644545.84,34.82374,31.893263,0.697,1049.1
לוד,ממשלתית,איינשטיין,32.0,1275000,82,4.0,5.0,2025,9,188880.59,650365.03,34.881059,31.9459,-0.502,490.2
לוד,חסכון ג,איינשטיין,2.0,920000,40,2.0,3.0,2023,2,189371.51,650658.54,34.886242,31.94856,-0.502,490.2
אשקלון,האגמים,אגם זוהר,4.0,1335000,107,4.0,5.0,2021,7,158495.98,617513.91,34.561765,31.64843,-0.255,589.1
אשקלון,האגמים,אגם זוהר,4.0,1400000,102,4.0,3.0,2021,11,158495.98,617513.91,34.561765,31.64843,-0.255,589.1
אשקלון,האגמים,אגם זוהר,4.0,1420000,97,4.0,1.0,2021,6,158495.98,617513.91,34.561765,31.64843,-0.255,589.1
תל אביב-יפו,כרם התימנים,הכובשים,20.0,9770200,100,4.0,3.0,2024,12,178139.89,664272.61,34.766868,32.070976,1.064,1197.2
מגאר,,,,340000,105,3.0,3.0,2025,4,239042.43,755595.56,35.413773,32.895052,0.421,921.9
קרית ים,קריית ים ד,גולן,3.0,1070000,60,3.0,5.0,2024,4,207996.71,751023.07,35.08202,32.853938,-0.334,541.1
קרית ים,קריית ים ד,גולן,1.0,720000,60,3.0,3.0,2021,11,207961.49,751001.71,35.081644,32.853745,-0.334,541.1
קרית אתא,גבעת הרקפות,יצחק שדה,17.0,615000,48,2.5,1.0,2022,11,211870.08,746326.82,35.123437,32.811626,0.084,723.6
קרית אתא,גבעת הרקפות,יצחק שדה,25.0,600000,87,3.0,0.0,2022,7,211985.58,746480.77,35.124669,32.813015,0.084,723.6
קרית אתא,גבעת הרקפות,יצחק שדה,6.0,750000,38,2.0,3.0,2023,6,211939.94,746188.91,35.124184,32.810383,0.084,723.6
כורזים,,,,2850000,165,6.0,3.0,2025,10,251514.24,757493.19,35.547133,32.911868,0.421,921.9
אשדוד,"רובע י""ב",כסלו,11.0,4100000,175,5.0,1.0,2024,5,166142.02,632098.93,34.641576,31.780339,-0.188,654.2
אשדוד,"רובע י""ב",כסלו,11.0,3600000,170,6.0,1.0,2023,5,166142.02,632098.93,34.641576,31.780339,-0.188,654.2
באר שבע,ו,בר לב חיים,21.0,1080000,63,3.0,1.0,2025,1,178310.62,574983.75,34.772419,31.265748,-0.188,627.8
באר שבע,ו,בר לב חיים,23.0,900000,90,4.0,3.0,2022,2,178310.62,574983.75,34.772419,31.265748,-0.188,627.8
אילת,,,,1620000,48,1.0,3.0,2021,10,168808.91,586469.92,34.672074,31.368964,0.212,801.9
אילת,,,,1390000,46,1.0,3.0,2021,6,168808.91,586469.92,34.672074,31.368964,0.212,801.9
דימונה,ממשית,,,1300000,185,7.0,1.0,2022,3,203524.07,551491.63,35.037525,31.054484,-0.577,435.1
הוד השרון,רמתיים,עקלתון,15.0,5430000,170,6.0,1.0,2021,12,189023.6,673960.29,34.881826,32.158683,1.498,1427.0
בית שמש,פסגת השבע,התבור,4.0,1300000,112,4.0,3.0,2021,11,199506.72,628250.83,34.993898,31.746705,-1.193,302.0
בית שמש,פסגת השבע,התבור,12.0,2000000,127,4.0,3.0,2025,5,199532.41,628111.96,34.994172,31.745453,-1.193,302.0
בית שמש,פסגת השבע,התבור,12.0,1840000,92,3.5,3.0,2025,9,199532.41,628111.96,34.994172,31.745453,-1.193,302.0
פתח תקווה,מרכז העיר,מיכל לייב כץ,3.0,2340000,75,3.0,4.0,2024,11,188708.29,665357.01,34.878759,32.081092,0.492,944.5
פתח תקווה,כפר גנים ב,מיכל לייב כץ,96.0,2200000,74,3.0,3.0,2026,1,189674.95,664345.81,34.889029,32.071999,0.492,944.5
הרצליה,מרכז העיר,שחרית,5.0,4398000,124,5.0,3.0,2023,2,184470.17,675580.58,34.833497,32.173162,1.247,1317.1
אשקלון,מתחם מ-7,הגיתות,22.0,1218000,129,5.0,3.0,2021,7,161494.79,621535.26,34.593141,31.68485,-0.255,589.1
מגדל העמק,גן ישראל,שומרון,10.0,207000,40,1.0,0.0,2022,7,222049.72,732003.23,35.232093,32.682493,-0.286,578.2
מגדל העמק,פנחס ספיר,שומרון,1.0,185000,27,2.0,0.0,2022,10,221881.89,731811.33,35.230303,32.680763,-0.286,578.2
מגדל העמק,פנחס ספיר,שומרון,1.0,540000,70,3.0,4.0,2024,2,221881.89,731811.33,35.230303,32.680763,-0.286,578.2
מיתר,,ממשית,2.0,2900000,243,5.0,1.0,2025,1,194450.83,581576.85,34.941721,31.325669,0.421,921.9
נוף הגליל,ספיר,לולב,52.0,1040000,61,3.0,1.0,2021,12,230479.28,734029.72,35.321996,32.700714,-0.214,576.4
נוף הגליל,ספיר,לולב,15.0,1320000,111,4.0,1.0,2023,11,230328.91,733827.49,35.32039,32.698892,-0.214,576.4
אופקים,,,,1725000,130,5.0,3.0,2025,8,166485.3,578875.26,34.648054,31.300367,-0.795,332.2
פתח תקווה,מרכז העיר,צבי הרמן שפירא,10.0,2325000,104,4.0,1.0,2024,12,189315.87,665689.98,34.885184,32.084111,0.492,944.5
פתח תקווה,מרכז העיר,צבי הרמן שפירא,1.0,1053000,52,2.0,3.0,2024,5,189334.07,665778.53,34.885374,32.08491,0.492,944.5
פתח תקווה,מרכז העיר,צבי הרמן שפירא,15.0,1595000,78,3.0,3.0,2021,6,189399.36,665602.9,34.886071,32.083328,0.492,944.5
אחוזת ברק,,אלון,31.0,2250000,111,4.0,0.0,2022,11,232212.84,727767.04,35.340398,32.644224,0.421,921.9
אחוזת ברק,,אלון,18.0,2290000,110,4.0,0.0,2024,2,232078.09,727848.49,35.338963,32.64496,0.421,921.9
אחוזת ברק,,אלון,47.0,2550000,121,4.0,0.0,2024,11,232187.06,727818.9,35.340124,32.644692,0.421,921.9
רמת השרון,הדר,ביאליק,26.0,3750000,125,4.0,1.0,2025,10,185235.36,672414.86,34.841723,32.144638,1.744,1496.9
גבעת שמואל,רמת הדר,יוני נתניהו,38.0,2100000,84,3.0,3.0,2021,10,186478.34,665120.14,34.855148,32.078893,1.151,1292.0
גבעת שמואל,רמת הדר,יוני נתניהו,2.0,2900000,89,4.0,3.0,2022,7,186461.99,664240.93,34.855005,32.070964,1.151,1292.0
גבעת שמואל,רמת הדר,יוני נתניהו,26.0,3100000,132,5.0,5.0,2024,5,186522.91,664915.84,34.855627,32.077052,1.151,1292.0
חולון,נאות רחל,ההסתדרות,3.0,2097000,65,4.0,1.0,2024,7,177976.82,658488.58,34.76539,32.018811,0.421,921.9
חולון,קרית עבודה,ההסתדרות,81.0,1500000,45,2.0,4.0,2023,12,179094.51,658351.03,34.777226,32.017611,0.421,921.9
גבעתיים,ארלוזרוב,ז'בוטינסקי,38.0,2700000,95,3.0,1.0,2021,10,182461.34,664468.58,34.812627,32.072893,1.522,1451.9
גבעתיים,ארלוזרוב,ז'בוטינסקי,14.0,3225000,83,4.0,3.0,2024,9,182215.22,664530.36,34.810018,32.073442,1.522,1451.9
גבעתיים,ארלוזרוב,זבוטינסקי,29.0,7000000,124,3.0,3.0,2025,2,182327.93,664573.86,34.81121,32.073838,1.522,1451.9
אשקלון,מצפה ברנע,קדש,7.0,1415000,128,5.0,3.0,2021,9,160516.15,622004.2,34.582792,31.689029,-0.255,589.1
אשקלון,ברנע ב,קדש,36.0,1600000,100,4.0,1.0,2025,2,159892.27,622303.29,34.576194,31.691694,-0.255,589.1
אשקלון,מצפה ברנע,קדש,7.0,1860000,134,5.0,4.0,2023,3,160516.15,622004.2,34.582792,31.689029,-0.255,589.1
בני ברק,אהרונוביץ- סוקולוב,הרב קוטלר,12.0,2450000,59,3.0,3.0,2022,10,184516.86,665943.84,34.834343,32.086262,-1.577,139.7
בני ברק,אהרונוביץ- סוקולוב,הרב קוטלר,12.0,1960000,61,3.0,3.0,2025,5,184516.86,665943.84,34.834343,32.086262,-1.577,139.7
בני ברק,אהרונוביץ- סוקולוב,הרב קוטלר,14.0,2500000,53,2.0,3.0,2025,1,184535.07,665942.11,34.834536,32.086247,-1.577,139.7
אשקלון,,קונדיטון,2.0,1606000,105,4.0,3.0,2022,1,161397.17,622101.67,34.592078,31.689953,-0.255,589.1
גבעתיים,"הל""ה","הל""ה",2.0,2550000,79,3.0,3.0,2025,3,181391.9,664438.7,34.801302,32.072588,1.522,1451.9
גבעתיים,"הל""ה","הל""ה",2.0,2050000,54,2.0,0.0,2024,9,181391.9,664438.7,34.801302,32.072588,1.522,1451.9
נהרייה,מרכז העיר,עגנון,16.0,1570000,118,5.0,4.0,2022,11,209050.77,767718.4,35.093092,33.004486,0.137,783.8
נהרייה,מרכז העיר,עגנון,3.0,1869000,118,4.0,3.0,2025,4,209120.48,767797.18,35.093837,33.005197,0.137,783.8
נהרייה,מרכז העיר,עגנון,17.0,1900000,130,5.0,5.0,2024,7,209082.06,767606.57,35.093428,33.003478,0.137,783.8
קרית ביאליק,מרכז העיר,העצמאות,35.0,980000,84,4.0,3.0,2022,5,209112.26,749519.21,35.093954,32.840389,0.477,957.3
קרית ביאליק,מרכז העיר,העצמאות,40.0,810000,70,3.0,3.0,2023,5,209162.46,749443.97,35.094491,32.839711,0.477,957.3
כפר סבא,מרכז,ויצמן,52.0,2150000,102,3.0,5.0,2024,4,190914.48,675933.57,34.901812,32.176527,1.164,1298.0
כפר סבא,מרכז,ויצמן,16.0,1818100,94,3.0,3.0,2023,8,190549.2,676030.75,34.897936,32.177394,1.164,1298.0
עפולה,גבעת המורה,הרוגי מלכות,2.0,265000,50,2.0,7.0,2021,9,230980.06,725473.68,35.327231,32.623558,-0.331,551.2
עפולה,גבעת המורה,הרוגי מלכות,5.0,450000,63,3.0,5.0,2022,2,230931.69,725499.25,35.326716,32.623789,-0.331,551.2
עפולה,גבעת המורה,הרוגי מלכות,2.0,425000,39,2.0,3.0,2022,1,230980.06,725473.68,35.327231,32.623558,-0.331,551.2
חולון,קרית שרת מערב,שער ציון,11.0,1500000,75,4.0,4.0,2023,4,180120.71,657435.16,34.788125,32.009388,0.421,921.9
חולון,קרית שרת מערב,שער ציון,11.0,2100000,75,4.0,3.0,2026,1,180120.71,657435.16,34.788125,32.009388,0.421,921.9
חולון,קרית שרת מערב,שער ציון,14.0,1725000,52,3.0,1.0,2023,4,180146.03,657483.53,34.788391,32.009825,0.421,921.9
הרצליה,הרצליה הצעירה,המתמיד,2.0,4200000,98,4.0,3.0,2022,1,185495.44,674012.39,34.844423,32.159052,1.247,1317.1
הרצליה,מרכז העיר,"רמב""ם",13.0,2580000,79,4.0,1.0,2024,10,185488.68,674529.4,34.844333,32.163714,1.247,1317.1
הרצליה,מרכז העיר,"רמב""ם",18.0,3050000,89,4.0,3.0,2025,11,185534.01,674488.88,34.844815,32.16335,1.247,1317.1
הרצליה,מרכז העיר,"רמב""ם",15.0,2875000,88,4.0,3.0,2022,11,185510.29,674530.66,34.844562,32.163726,1.247,1317.1
כפר סבא,הדרים,קדומים,4.0,2242000,240,7.0,3.0,2025,4,193776.49,676551.58,34.932141,32.182169,1.164,1298.0
כפר סבא,הדרים,קדומים,5.0,3885000,177,6.0,3.0,2021,11,193818.06,676579.31,34.932581,32.18242,1.164,1298.0
כפר סבא,הדרים,קדומים,2.0,2310000,78,3.0,3.0,2025,1,193717.24,676541.97,34.931513,32.182081,1.164,1298.0
פתח תקווה,כפר אברהם,שמואל חיים לנדוי,29.0,4555000,190,6.0,1.0,2023,2,190651.34,666807.78,34.899296,32.094226,0.492,944.5
גבעתיים,ארלוזרוב,גולומב,25.0,4235000,96,4.0,7.0,2024,11,182493.7,664069.81,34.812985,32.069298,1.522,1451.9
גבעתיים,ארלוזרוב,גולומב,58.0,3600000,75,4.0,1.0,2023,8,182706.56,664024.02,34.815241,32.068892,1.522,1451.9
רעננה,קריית דוד רמז,בורוכוב,20.0,2350000,146,4.0,4.0,2022,3,188586.22,676607.85,34.877104,32.182546,1.188,1307.4
רעננה,מרכז,בורוכוב,17.0,2850000,106,4.0,3.0,2022,7,188498.54,676523.84,34.876177,32.181786,1.188,1307.4
רעננה,מרכז,בורוכוב,19.0,220000,117,4.0,1.0,2024,6,188507.67,676548.54,34.876273,32.182009,1.188,1307.4
הרצליה,מרכז העיר,קהילת ציון,4.0,2770000,70,3.0,3.0,2024,8,185875.46,674854.14,34.848422,32.166654,1.247,1317.1
נהרייה,גבעת טרומפלדור,יהודה המכבי,30.0,675000,40,2.0,1.0,2025,11,210282.86,770069.93,35.106253,33.0257,0.137,783.8
נהרייה,גבעת טרומפלדור,יהודה המכבי,23.0,800000,38,2.0,1.0,2025,5,210364.25,769984.9,35.107125,33.024934,0.137,783.8
נהרייה,גבעת טרומפלדור,יהודה המכבי,1.0,570000,45,2.0,3.0,2022,1,210551.74,769851.98,35.109133,33.023737,0.137,783.8
קרית ים,קריית ים ד,פנחס לבון,1.0,1150000,60,3.0,4.0,2025,7,207486.19,751191.25,35.076564,32.855449,-0.334,541.1
קרית ים,קריית ים ד,פנחס לבון,27.0,1075000,79,4.0,7.0,2024,7,207497.16,750820.49,35.076686,32.852106,-0.334,541.1
קרית ים,קריית ים ד,פנחס לבון,23.0,765000,84,3.0,3.0,2021,11,207503.14,750886.36,35.076749,32.8527,-0.334,541.1
ביתר עילית,,כנסת מרדכי,7.0,3345000,120,5.0,3.0,2025,11,210225.01,622704.04,35.107068,31.696818,-1.862,78.5
ביתר עילית,,כנסת מרדכי,7.0,2950000,126,4.0,3.0,2023,1,210225.01,622704.04,35.107068,31.696818,-1.862,78.5
ביתר עילית,התמר,כנסת מרדכי,24.0,2900000,127,5.0,3.0,2022,12,210022.61,622501.97,35.104935,31.694994,-1.862,78.5
רמת גן,שיכון המזרחי,מטולה,1.0,4525000,125,2.0,1.0,2025,9,184061.56,663668.69,34.829604,32.065731,1.048,1230.5
רמת גן,שיכון המזרחי,מטולה,1.0,2180000,61,2.0,1.0,2026,1,184061.56,663668.69,34.829604,32.065731,1.048,1230.5
רחובות,קרית משה,יעקב טוכמן,20.0,2400000,70,3.5,1.0,2026,2,179999.75,644036.21,34.787391,31.888553,0.697,1049.1
רחובות,קרית משה,טוכמן יעקב,108.0,950000,71,3.0,1.0,2025,6,179796.26,643967.13,34.785243,31.887923,0.697,1049.1
רחובות,קרית משה,יעקב טוכמן,108.0,1290000,71,4.0,1.0,2021,10,179796.26,643967.13,34.785243,31.887923,0.697,1049.1
קרית אונו,קיראון,,,2225000,77,3.0,1.0,2022,5,187486.29,662462.52,34.865912,32.054956,1.421,1380.2
קרית אונו,קיראון,,,3280000,121,5.0,9.0,2021,10,187486.29,662462.52,34.865912,32.054956,1.421,1380.2
קרית ביאליק,מרכז העיר,הדקלים,23.0,1100000,74,4.0,3.0,2023,8,208553.7,748745.71,35.087997,32.833409,0.477,957.3
קרית ביאליק,מרכז העיר,הדקלים,4.0,950000,80,4.0,3.0,2022,2,208453.76,748464.57,35.086933,32.830873,0.477,957.3
קרית ביאליק,מרכז העיר,הדקלים,12.0,1480000,145,5.0,3.0,2022,3,208498.12,748528.51,35.087406,32.83145,0.477,957.3
אשקלון,אפרידר,בר כוכבא,5.0,1165000,77,4.0,3.0,2022,5,159529.46,621001.99,34.572447,31.67994,-0.255,589.1
אשקלון,אפרידר,בר כוכבא,33.0,1170000,76,3.0,3.0,2022,5,159143.06,621363.85,34.56835,31.683183,-0.255,589.1
אשדוד,רובע ט,"הגר""א",1.0,3265000,142,6.0,3.0,2023,5,168529.41,632613.8,34.666753,31.785091,-0.188,654.2
הוד השרון,מגדיאל,סוקולוב,24.0,3230000,109,4.0,14.0,2024,7,190987.29,674518.26,34.902626,32.163766,1.498,1427.0
הוד השרון,מגדיאל,סוקולוב,24.0,3200000,109,4.0,4.0,2025,12,190987.29,674518.26,34.902626,32.163766,1.498,1427.0
הוד השרון,מגדיאל,סוקולוב,24.0,3130000,101,4.0,13.0,2024,2,190987.29,674518.26,34.902626,32.163766,1.498,1427.0
רחובות,חבצלת,הגליל,28.0,4200000,144,6.0,1.0,2022,2,182766.12,642407.86,34.816692,31.873961,0.697,1049.1
אופקים,,,,921000,128,5.0,5.0,2025,8,166584.33,580030.25,34.649033,31.310788,-0.795,332.2
נצרת,,,,862000,113,4.0,3.0,2025,9,227018.17,736008.95,35.285101,32.71859,-0.66,379.7
נצרת,,,,835000,113,4.0,3.0,2025,9,227018.17,736008.95,35.285101,32.71859,-0.66,379.7
באר שבע,,,,1736000,116,5.0,3.0,2024,4,182524.47,571501.85,34.816791,31.234486,-0.188,627.8
מודיעין-מכבים-רעות,מורשת - תכנון בעתיד,אריאל שרון,13.0,2300000,88,3.0,4.0,2025,7,198851.13,645748.92,34.986609,31.904496,1.465,1403.3
מודיעין-מכבים-רעות,מורשת - תכנון בעתיד,אריאל שרון,14.0,3556000,120,5.0,3.0,2024,12,199024.4,645832.74,34.988439,31.905255,1.465,1403.3
מודיעין-מכבים-רעות,מורשת - תכנון בעתיד,אריאל שרון,8.0,3476000,140,5.0,5.0,2023,8,198942.2,645737.43,34.987572,31.904394,1.465,1403.3
פתח תקווה,קרית אליעזר פרי,עין גנים,81.0,2000000,92,4.0,1.0,2024,6,190595.08,665477.69,34.89874,32.08223,0.492,944.5
אופקים,בן גוריון,הרצל,77.0,720000,70,3.0,3.0,2021,8,163913.69,579846.23,34.62099,31.309004,-0.795,332.2
אופקים,בן גוריון,הרצל,89.0,930000,58,3.0,4.0,2023,12,163840.24,579639.27,34.62023,31.307134,-0.795,332.2
טבריה,דון יוסף הנשיא,גוש עציון,8.0,1300000,117,4.0,4.0,2023,2,250473.58,744434.12,35.535571,32.794148,-0.727,381.5
טבריה,דון יוסף הנשיא,גוש עציון,1.0,1240000,99,5.0,3.0,2024,3,250453.18,744514.57,35.535356,32.794874,-0.727,381.5
כפר סבא,מעוז,טשרניחובסקי,82.0,2450000,123,4.0,3.0,2025,4,190948.54,676844.35,34.902146,32.184741,1.164,1298.0
כפר סבא,הפרחים,טשרניחובסקי,32.0,3470000,163,5.0,3.0,2025,4,190247.35,676080.62,34.894734,32.177836,1.164,1298.0
כפר סבא,מעוז,טשרניחובסקי,82.0,2260000,143,5.0,3.0,2021,10,190948.54,676844.35,34.902146,32.184741,1.164,1298.0
יהוד-מונוסון,,מוהליבר,6.0,2160000,77,3.0,3.0,2025,3,190468.63,659649.74,34.897576,32.029671,0.975,1188.4
יהוד-מונוסון,,מוהליבר,8.0,2314000,61,3.0,3.0,2025,7,190468.63,659649.74,34.897576,32.029671,0.975,1188.4
יהוד-מונוסון,,מוהליבר,6.0,2250000,80,3.0,1.0,2025,3,190468.63,659649.74,34.897576,32.029671,0.975,1188.4
אבן יהודה,,באר גנים,95.0,1895000,189,6.0,1.0,2021,5,188477.98,686540.62,34.875634,32.272113,0.421,921.9
נתניה,קריית השרון,אשר,11.0,1900000,99,4.0,6.0,2023,1,188164.57,689566.58,34.872208,32.299391,0.059,717.6
מזרע,,,,900000,90,3.0,1.0,2023,8,227100.57,728458.7,35.285918,32.650508,0.421,921.9
ראש העין,,אלישע הנביא,4.0,2960000,117,5.0,1.0,2024,7,198986.23,665529.45,34.987618,32.08288,0.741,1061.7
ראש העין,,אלישע הנביא,2.0,2900000,118,5.0,1.0,2023,10,198985.67,665578.46,34.987611,32.083322,0.741,1061.7
מגדל העמק,שלום עליכם,סטרומה,6.0,515000,70,3.0,3.0,2021,5,222561.02,731502.11,35.237543,32.677973,-0.286,578.2
אלעד,,"ריטב""א",6.0,1650000,106,4.0,3.0,2022,4,195495.42,661472.59,34.950744,32.046227,-1.419,157.6
אלעד,,"ריטב""א",10.0,2800000,142,3.0,0.0,2024,4,195547.05,661539.67,34.951289,32.046833,-1.419,157.6
אלעד,,"ריטב""א",4.0,1362000,97,3.0,3.0,2021,12,195432.76,661458.22,34.950081,32.046096,-1.419,157.6
בני ברק,קרית ויז'ניץ,הרב בן יעקב,24.0,1970000,64,4.0,3.0,2022,5,185044.97,664964.97,34.839972,32.077451,-1.577,139.7
בני ברק,קרית ויז'ניץ,הרב בן יעקב,24.0,1550000,36,2.0,3.0,2022,2,185044.97,664964.97,34.839972,32.077451,-1.577,139.7
בני ברק,קרית ויז'ניץ,הרב בן יעקב,24.0,2400000,36,2.0,3.0,2023,8,185044.97,664964.97,34.839972,32.077451,-1.577,139.7
בני ברק,גבעת רוקח,רבי עקיבא,65.0,2250000,94,4.0,3.0,2024,11,184096.74,665997.74,34.829891,32.086735,-1.577,139.7
בני ברק,גבעת סוקולוב,רבי עקיבא,81.0,1820000,60,2.0,3.0,2024,8,184238.39,665954.56,34.831393,32.08635,-1.577,139.7
בני ברק,הפועל המזרחי ד,רבי עקיבא,98.0,2247400,93,3.0,3.0,2024,12,184294.01,665874.52,34.831985,32.08563,-1.577,139.7
באר יעקב,,,,2170000,132,5.0,5.0,2025,1,185790.05,651535.63,34.848332,31.956369,0.421,921.9
חולון,קרית פנחס איילון,דבורה ברטונוב,2.0,2800000,105,5.0,3.0,2024,8,178555.85,656927.11,34.771585,32.004751,0.421,921.9
חולון,קרית פנחס איילון,דבורה ברטונוב,2.0,3250000,115,5.0,12.0,2024,3,178555.85,656927.11,34.771585,32.004751,0.421,921.9
ניר צבי,,,,1743000,122,5.0,1.0,2024,3,187789.49,653092.12,34.86943,31.970463,0.421,921.9
ניר צבי,,,,1433000,103,4.0,1.0,2024,4,187789.49,653092.12,34.86943,31.970463,0.421,921.9
ניר צבי,,,,1159000,83,3.0,1.0,2024,4,187789.49,653092.12,34.86943,31.970463,0.421,921.9
אשקלון,גולדה,פלוגות,9.0,2500000,220,5.0,3.0,2021,6,157535.98,618017.72,34.551613,31.652922,-0.255,589.1
אשקלון,גולדה,עמיעוז,11.0,1150000,65,3.0,3.0,2025,3,158017.07,617518.73,34.556716,31.648448,-0.255,589.1
אשקלון,גולדה,עמיעוז,9.0,1615000,90,4.0,0.0,2022,4,157984.08,617570.16,34.556365,31.64891,-0.255,589.1
אשקלון,גולדה,עמיעוז,1.0,1165000,62,3.0,3.0,2023,11,157808.22,617652.6,34.554506,31.649644,-0.255,589.1
מודיעין עילית,נאות הפיסגה,"רשב""א",19.0,2094000,58,3.0,4.0,2024,9,204925.04,648971.66,35.050772,31.933653,-2.243,32.3
מודיעין עילית,נאות הפיסגה,"רשב""א",23.0,1945000,78,3.0,3.0,2025,5,204983.31,648982.22,35.051388,31.933749,-2.243,32.3
מודיעין עילית,נאות הפיסגה,"רשב""א",23.0,1973000,90,3.0,3.0,2025,6,204983.31,648982.22,35.051388,31.933749,-2.243,32.3
"בני עי""ש",,הדקל,9.0,1650000,202,6.0,3.0,2021,8,177003.55,633063.19,34.756201,31.78949,0.421,921.9
"בני עי""ש",,החצב,5.0,1480000,87,3.0,4.0,2023,4,177008.16,632941.75,34.756255,31.788395,0.421,921.9
"בני עי""ש",,הדקל,10.0,1250000,122,4.0,1.0,2021,6,177070.11,633149.75,34.7569,31.790273,0.421,921.9
תל אביב-יפו,המשתלה,סשה ארגוב,64.0,492000,104,4.0,3.0,2025,7,184729.79,670382.57,34.836438,32.126296,1.064,1197.2
תל אביב-יפו,המשתלה,סשה ארגוב,68.0,4500000,84,4.0,3.0,2022,6,184743.57,670435.87,34.836582,32.126777,1.064,1197.2
תל אביב-יפו,המשתלה,סשה ארגוב,68.0,5283000,136,5.0,1.0,2021,8,184743.57,670435.87,34.836582,32.126777,1.064,1197.2
רעננה,מרכז,"החי""ל",27.0,1880000,103,4.0,3.0,2022,10,187671.88,676873.16,34.8674,32.184913,1.188,1307.4
רעננה,קריית ויצמן,"החי""ל",30.0,3935000,184,5.0,4.0,2024,3,187640.36,676957.09,34.867063,32.185669,1.188,1307.4
בני ברק,נוה אחיעזר,הרב נסים יצחק,15.0,2260000,84,4.0,1.0,2023,5,185005.24,664468.2,34.839569,32.07297,-1.577,139.7
בני ברק,נוה אחיעזר,הרב ניסים יצחק,8.0,1400000,66,4.0,5.0,2021,7,185106.08,664466.64,34.840637,32.072959,-1.577,139.7
בני ברק,קרית ויז'ניץ,הרב ניסים יצחק,24.0,700000,40,1.5,1.0,2023,7,184867.42,664531.77,34.838107,32.073539,-1.577,139.7
תל אביב-יפו,ניר אביב,רוטנשטרייך,30.0,2145000,76,4.0,1.0,2024,2,182508.36,661576.35,34.813236,32.046813,1.064,1197.2
תל אביב-יפו,ניר אביב,רוטנשטרייך,16.0,1350000,64,3.0,1.0,2023,4,182434.62,661503.1,34.812458,32.04615,1.064,1197.2
תל אביב-יפו,ניר אביב,רוטנשטרייך,26.0,1950000,62,3.0,3.0,2023,1,182500.31,661517.39,34.813153,32.046281,1.064,1197.2
בני ברק,קרית הישיבה,סעדיה גאון,4.0,2070000,90,4.0,1.0,2021,5,184468.65,665485.02,34.833849,32.082123,-1.577,139.7
קרית אתא,,,,1960000,106,4.0,4.0,2026,2,211862.77,745706.1,35.123364,32.806029,0.084,723.6
קרית אתא,,,,2320000,125,5.0,10.0,2025,11,211862.77,745706.1,35.123364,32.806029,0.084,723.6
תל אביב-יפו,נחלת יצחק,יגאל אלון,158.0,800000,52,2.5,1.0,2021,9,181021.95,665036.58,34.79736,32.077967,1.064,1197.2
צפת,נוף הכינרת,,,800000,95,5.0,3.0,2022,4,250003.04,761994.85,35.531128,32.952501,-1.044,312.2
אשקלון,גבעת ציון,אבימלך,1.0,533000,84,4.0,0.0,2021,8,160478.37,618002.98,34.582634,31.652944,-0.255,589.1
כפר סבא,דובדבן הכפר,הרב אסף שמחה,10.0,1300000,135,3.0,0.0,2025,5,192463.68,676498.87,34.918222,32.181663,1.164,1298.0
הרצליה,נווה אמירים,אברהם שטרן,9.0,4000000,112,4.0,7.0,2024,8,185064.6,673476.23,34.839875,32.154204,1.247,1317.1
הרצליה,נווה אמירים,אברהם שטרן,11.0,3642000,170,5.0,9.0,2024,4,185030.9,673440.53,34.839519,32.153881,1.247,1317.1
הרצליה,נווה אמירים,אברהם שטרן,11.0,850000,127,5.0,7.0,2024,3,185030.9,673440.53,34.839519,32.153881,1.247,1317.1
משמר השרון,,,,152000,88,4.0,3.0,2025,4,191055.8,695909.46,34.902715,32.356665,0.421,921.9
אשדוד,בקמה,,,1454756,100,4.0,3.0,2023,12,166988.58,635577.74,34.650326,31.81175,-0.188,654.2
אשדוד,בקמה,,,1115000,73,3.0,3.0,2024,1,166988.58,635577.74,34.650326,31.81175,-0.188,654.2
אשדוד,בקמה,,,2582000,100,4.0,16.0,2024,10,166988.58,635577.74,34.650326,31.81175,-0.188,654.2
רמת השרון,הדר,סאלד,48.0,3150000,113,4.0,4.0,2024,2,185155.88,671843.91,34.840901,32.139487,1.744,1496.9
רמת השרון,הדר,סאלד,15.0,6408000,145,5.0,3.0,2024,12,184948.07,671995.99,34.838693,32.140852,1.744,1496.9
טבריה,שיכון ג,לימונית,6.0,625000,34,3.0,3.0,2022,7,248034.89,743012.1,35.509493,32.781392,-0.727,381.5
טבריה,שיכון ג,לימונית,6.0,700000,50,3.0,1.0,2023,11,248034.89,743012.1,35.509493,32.781392,-0.727,381.5
טבריה,שיכון ג,לימונית,6.0,790000,50,3.0,1.0,2024,2,248034.89,743012.1,35.509493,32.781392,-0.727,381.5
רעננה,מרכז,גורדון,16.0,4200000,180,5.0,5.0,2024,4,187417.42,676388.58,34.864718,32.180536,1.188,1307.4
קרית מוצקין,לב העיר,יודפת,9.0,750000,68,3.0,3.0,2022,10,207990.62,749078.06,35.081979,32.8364,0.419,922.3
קרית מוצקין,לב העיר,יודפת,2.0,1460000,146,4.0,3.0,2025,5,207910.57,748996.52,35.081125,32.835664,0.419,922.3
קרית מוצקין,לב העיר,יודפת,7.0,1425000,101,3.0,4.0,2023,5,207951.59,749089.3,35.081562,32.836501,0.419,922.3
באר שבע,ג,ארלוזורוב,3.0,1050000,100,4.0,1.0,2025,2,181624.84,573496.85,34.807273,31.25245,-0.188,627.8
גבעתיים,בורוכוב,בורוכוב,32.0,3300000,67,3.0,3.0,2024,6,181882.85,665065.97,34.806477,32.078261,1.522,1451.9
גבעתיים,בורוכוב,בורוכוב,52.0,2775000,79,3.0,1.0,2024,9,182149.33,665127.75,34.809297,32.078827,1.522,1451.9
הרצליה,יד התשעה,זיסו,27.0,2185000,58,3.0,3.0,2024,9,186529.29,676063.73,34.855312,32.177581,1.247,1317.1
הרצליה,יד התשעה,זיסו,44.0,319000,64,3.0,3.0,2022,7,186564.61,675993.42,34.855689,32.176948,1.247,1317.1
הרצליה,יד התשעה,זיסו,25.0,2150000,60,3.0,3.0,2023,8,186485.38,676076.96,34.854846,32.177699,1.247,1317.1
רעננה,קריית ויצמן,הר סיני,39.0,2650000,124,4.0,1.0,2021,5,187908.57,676987.52,34.869906,32.185951,1.188,1307.4
רעננה,מרכז,הר סיני,23.0,3200000,140,1.0,3.0,2022,11,187851.23,676744.4,34.869306,32.183757,1.188,1307.4
רעננה,מרכז,הר סיני,4.0,3609000,133,5.0,3.0,2024,10,187896.94,676615.62,34.869795,32.182597,1.188,1307.4
אור יהודה,נווה סביון,הארז,35.0,4000000,285,7.0,3.0,2021,10,186416.26,659537.86,34.854682,32.028551,-0.135,622.8
רמת גן,רמת שקמה,עזריאל,6.0,1636300,38,2.0,3.0,2022,6,182870.14,661954.85,34.817052,32.050238,1.048,1230.5
רמת גן,רמת שקמה,עזריאל,4.0,1750000,41,2.0,3.0,2024,2,182835.75,661951.32,34.816688,32.050205,1.048,1230.5
רמת גן,רמת שקמה,עזריאל,5.0,2210000,76,3.0,1.0,2022,4,182845.35,661995.75,34.816788,32.050606,1.048,1230.5
בני ברק,הפועל המזרחי א,שמואל וינברג,19.0,3663000,420,1.0,1.0,2023,4,184057.57,665430.22,34.829497,32.081616,-1.577,139.7
בני ברק,הפועל המזרחי א,שמואל וינברג,11.0,1900000,100,6.0,1.0,2022,2,184047.04,665468.29,34.829384,32.081959,-1.577,139.7
אור יהודה,נווה סביון,משה דיין,3.0,2070000,141,4.0,1.0,2021,8,187166.37,659639.91,34.862619,32.029493,-0.135,622.8
אור יהודה,נווה סביון,משה דיין,7.0,3025000,183,5.0,3.0,2021,11,187098.14,659573.93,34.861899,32.028896,-0.135,622.8
אור יהודה,נווה סביון,משה דיין,2.0,1910000,85,4.0,3.0,2021,5,187056.9,659676.74,34.861459,32.029822,-0.135,622.8
בית שמש,מרכז העיר,"רמב""ם",19.0,562000,62,3.0,1.0,2023,3,199155.77,628980.47,34.990179,31.753279,-1.193,302.0
בית שמש,מרכז העיר,"רמב""ם",68.0,1980000,97,2.0,3.0,2025,10,199679.62,628585.82,34.995716,31.749729,-1.193,302.0
בית שמש,מרכז העיר,"רמב""ם",15.0,1400000,50,3.0,6.0,2022,5,199059.29,629018.48,34.98916,31.75362,-1.193,302.0
טבריה,העיר העתיקה,הקישון,6.0,450000,50,2.0,1.0,2025,9,250999.31,743506.96,35.541152,32.785773,-0.727,381.5
עפולה,עפולה הצעירה,יצחק שדה,34.0,800000,78,3.0,0.0,2021,7,230400.34,726679.51,35.321068,32.634437,-0.331,551.2
עפולה,עפולה הצעירה,יצחק שדה,28.0,2100000,66,2.0,0.0,2025,6,230386.28,726575.02,35.320917,32.633495,-0.331,551.2
עפולה,מרכז העיר,תאשור,5.0,1455000,100,4.0,3.0,2025,3,227116.68,724702.54,35.286059,32.616638,-0.331,551.2
עפולה,מרכז העיר,תאשור,5.0,1540000,133,4.0,3.0,2024,10,227116.68,724702.54,35.286059,32.616638,-0.331,551.2
רחובות,סלע,עמוס דניאלי,39.0,1925000,91,4.0,1.0,2022,7,181474.57,644553.49,34.802959,31.893268,0.697,1049.1
אשדוד,רובע ב,קיבוץ גלויות,25.0,1218000,48,2.0,3.0,2024,5,167091.09,634584.42,34.651462,31.802797,-0.188,654.2
בת ים,דרום-מערב,בלפור,115.0,1700000,78,3.0,4.0,2025,11,175990.75,658167.27,34.744383,32.015839,-0.115,605.6
בת ים,מרכז העיר,בלפור,90.0,1920000,95,4.0,4.0,2025,4,176075.94,658383.03,34.745275,32.017788,-0.115,605.6
רמת גן,מרכז העיר א,המעגל,40.0,2700000,101,4.0,3.0,2023,11,182520.96,665313.25,34.813226,32.080512,1.048,1230.5
רמת גן,מרכז העיר א,המעגל,30.0,1836000,61,3.0,7.0,2023,6,182497.81,665411.03,34.812977,32.081393,1.048,1230.5
רמת גן,מרכז העיר א,המעגל,12.0,2000000,60,2.0,3.0,2021,9,182435.36,665580.92,34.812309,32.082923,1.048,1230.5
קרית מלאכי,גני שמואל,הוורדים,15.0,1200000,80,3.0,3.0,2024,6,175981.92,625990.5,34.745729,31.725669,-0.538,422.5
קרית מלאכי,גני שמואל,הוורדים,5.0,880000,77,3.0,3.0,2022,2,175909.44,625952.66,34.744966,31.725325,-0.538,422.5
קרית מלאכי,גני שמואל,הוורדים,10.0,1415000,102,4.0,3.0,2022,7,175913.91,625843.64,34.745018,31.724342,-0.538,422.5
בני ברק,אהרונוביץ- סוקולוב,"ביל""ו",13.0,2500000,75,4.0,1.0,2023,11,184513.99,666510.06,34.834292,32.091368,-1.577,139.7
בני ברק,אהרונוביץ- סוקולוב,"ביל""ו",12.0,1995000,74,3.0,3.0,2022,1,184481.6,666507.4,34.833949,32.091343,-1.577,139.7
בני ברק,אהרונוביץ- סוקולוב,"ביל""ו",8.0,1700000,42,2.0,3.0,2023,12,184478.0,666530.15,34.83391,32.091548,-1.577,139.7
יבנה,נאות אשכול,החבצלת,5.0,1400000,74,3.0,0.0,2022,9,175827.74,642159.33,34.743379,31.871475,0.508,929.6
יבנה,נאות אשכול,החבצלת,5.0,1590000,74,3.0,0.0,2024,10,175827.74,642159.33,34.743379,31.871475,0.508,929.6
רמלה,משכנות,הלל אברהם,14.0,1410000,93,4.0,3.0,2024,6,186958.43,648540.28,34.860791,31.929391,-0.451,483.2
רמלה,משכנות,אברהם הלל,4.0,1390000,94,4.0,3.0,2023,3,187240.55,648668.47,34.86377,31.930555,-0.451,483.2
רמלה,וייצמן,הלל אברהם,5.0,184000,54,3.0,3.0,2023,9,187247.93,648579.95,34.863851,31.929757,-0.451,483.2
מבוא ביתר,,,,1312000,103,4.0,1.0,2021,11,209960.35,625625.61,35.104248,31.723164,0.421,921.9
אשקלון,נוה דקלים,כנפי נשרים,13.0,1090000,70,3.0,1.0,2022,5,160304.84,620716.2,34.580641,31.677403,-0.255,589.1
אשקלון,נוה דקלים,כנפי נשרים,11.0,2460000,132,5.0,6.0,2022,1,160272.97,620682.34,34.580307,31.677096,-0.255,589.1
אשקלון,נוה דקלים,כנפי נשרים,41.0,1460000,101,4.0,1.0,2021,10,160458.55,620915.7,34.58225,31.67921,-0.255,589.1
צפת,דרום,אנילביץ,28.0,1460000,156,5.0,3.0,2022,12,247071.24,762466.86,35.499788,32.956835,-1.044,312.2
צפת,דרום,אנילביץ,27.0,1950000,161,5.0,3.0,2023,8,247039.11,762455.79,35.499444,32.956736,-1.044,312.2
צפת,דרום,אנילביץ,29.0,600000,41,3.0,3.0,2021,11,247092.63,762477.01,35.500017,32.956926,-1.044,312.2
משמר הנגב,,,,125000,140,6.0,3.0,2025,11,173000.39,585807.6,34.716161,31.363166,0.421,921.9
משמר הנגב,,,,130000,73,3.0,3.0,2026,2,173000.39,585807.6,34.716161,31.363166,0.421,921.9
פתח תקווה,מרכז העיר,פינסקר,10.0,1650000,64,4.0,3.0,2023,10,189248.97,666466.08,34.884451,32.091108,0.492,944.5
פתח תקווה,קרול,פינסקר,69.0,2624000,90,4.0,3.0,2024,12,189044.03,666813.67,34.882269,32.094237,0.492,944.5
פתח תקווה,קרול,פינסקר,69.0,2710000,90,4.0,3.0,2026,2,189044.03,666813.67,34.882269,32.094237,0.492,944.5
פתח תקווה,עין גנים,סוקולוב,31.0,2490000,107,4.0,3.0,2023,12,190118.88,666529.52,34.893664,32.091703,0.492,944.5
פתח תקווה,עין גנים,סוקולוב,12.0,1740000,76,2.5,3.0,2023,1,189922.07,666370.63,34.891584,32.090265,0.492,944.5
אשקלון,נוה דקלים,,,2025000,209,5.0,3.0,2025,8,161003.66,621005.87,34.587993,31.680051,-0.255,589.1
ירוחם,,צבי ברונשטיין,658.0,440000,80,4.0,4.0,2024,11,193495.72,543998.61,34.932655,30.986723,0.421,921.9
ירוחם,,צבי ברונשטיין,657.0,520000,85,4.0,4.0,2025,1,193399.14,544035.88,34.931643,30.987057,0.421,921.9
ירוחם,,צבי ברונשטיין,310.0,435000,60,3.0,3.0,2026,1,192786.78,544230.42,34.925227,30.988798,0.421,921.9
קרית ים,בנה ביתך,סביון,3.0,2400000,255,6.0,1.0,2024,7,207583.65,750194.44,35.077618,32.846462,-0.334,541.1
קרית גת,שער הדרום,שיזפון,4.0,1800000,65,3.0,0.0,2022,9,176998.29,612065.13,34.757055,31.600124,-0.47,469.5
בת ים,עמידר,"הפלמ""ח",21.0,1420000,44,2.0,3.0,2022,11,177117.4,659662.57,34.756242,32.029366,-0.115,605.6
בת ים,עמידר,"הפלמ""ח",30.0,1260000,35,2.0,3.0,2021,6,177259.79,659668.86,34.757749,32.029428,-0.115,605.6
בת ים,עמידר,הפלמח,1.0,600000,50,2.0,1.0,2024,4,176996.48,659458.37,34.754971,32.02752,-0.115,605.6
רעננה,לב הפארק,העיט,4.0,2600000,126,4.0,1.0,2021,5,186056.9,677505.56,34.850253,32.190569,1.188,1307.4
רעננה,לב הפארק,העיט,8.0,2660000,104,3.5,1.0,2022,11,186040.84,677611.96,34.850079,32.191528,1.188,1307.4
כפר סבא,פועלים ב,בוסל,3.0,4270000,134,5.0,5.0,2025,1,190936.25,676027.77,34.90204,32.177377,1.164,1298.0
כפר סבא,פועלים ב,בוסל,5.0,2300000,83,3.0,3.0,2022,12,190941.58,676043.83,34.902096,32.177522,1.164,1298.0
רמת גן,מרום נווה,הגאון אליהו,2.0,3100000,120,5.0,8.0,2023,6,184065.41,664450.8,34.829616,32.072784,1.048,1230.5
רמת גן,מרום נווה,הגאון אליהו,10.0,605000,81,3.0,8.0,2024,5,184065.41,664450.8,34.829616,32.072784,1.048,1230.5
רמת גן,מרום נווה,הגאון אליהו,7.0,1840000,62,3.0,4.0,2021,11,184059.76,664538.2,34.829553,32.073572,1.048,1230.5
קרית מלאכי,"נחלת הר חב""ד",בן גוריון,83.0,1500000,112,5.0,3.0,2024,5,175388.38,626557.99,34.739441,31.730764,-0.538,422.5
קרית מלאכי,קיבוץ גלויות,בן גוריון,2.0,1165000,96,4.0,3.0,2022,6,176289.82,626257.12,34.748966,31.728085,-0.538,422.5
יהוד-מונוסון,,מוהליבר,22.0,2836000,120,5.0,3.0,2025,7,190482.06,659790.64,34.897714,32.030942,0.975,1188.4
יהוד-מונוסון,,מוהליבר,12.0,3233000,120,5.0,3.0,2025,3,190471.8,659703.62,34.897608,32.030157,0.975,1188.4
יהוד-מונוסון,,מוהליבר,4.0,2675000,95,4.0,3.0,2025,3,190511.25,659623.12,34.898028,32.029432,0.975,1188.4
תל אביב-יפו,קרית שלום,הכינור,7.0,2510000,108,4.0,1.0,2021,10,179479.66,661499.17,34.781172,32.046014,1.064,1197.2
חולון,קריית שרת,שרת משה,1.0,1675000,44,2.0,0.0,2024,1,180611.69,657667.27,34.793312,32.011498,0.421,921.9
חולון,קריית שרת,משה שרת,23.0,1530000,78,3.0,3.0,2022,1,180529.39,657267.37,34.792457,32.007889,0.421,921.9
חולון,קריית שרת,משה שרת,29.0,2070000,65,3.0,4.0,2023,3,180522.83,657157.73,34.792392,32.0069,0.421,921.9
רחובות,סלע,יעקב תמרי,3.0,2450000,95,4.0,15.0,2022,5,180395.89,644334.98,34.791566,31.891261,0.697,1049.1
רחובות,סלע,יעקב תמרי,3.0,2570000,120,5.0,14.0,2021,9,180395.89,644334.98,34.791566,31.891261,0.697,1049.1
הרצליה,מרכז העיר,השושנים,4.0,2825000,96,4.0,3.0,2022,6,185021.31,675062.71,34.839359,32.168509,1.247,1317.1
הרצליה,מרכז העיר,השושנים,5.0,2350000,110,5.0,3.0,2023,7,185026.38,675028.54,34.839414,32.168201,1.247,1317.1
נתיבות,נטעים,הרב מזוז,11.0,1300000,76,3.0,4.0,2025,8,160512.37,592986.98,34.584485,31.427346,-0.8,328.9
נתיבות,נטעים,הרב מזוז,11.0,1350000,86,4.0,3.0,2025,7,160512.37,592986.98,34.584485,31.427346,-0.8,328.9
נתיבות,נטעים,הרב מזוז,1.0,1900000,131,5.0,0.0,2025,5,160423.65,592935.69,34.583555,31.426879,-0.8,328.9
בת ים,צפון-מערב,הרצל,23.0,2560000,86,4.0,1.0,2024,9,175890.17,659461.03,34.74326,32.027502,-0.115,605.6
בת ים,צפון-מערב,הרצל,44.0,2280000,82,3.0,3.0,2024,6,175850.9,659180.42,34.742857,32.02497,-0.115,605.6
בת ים,צפון-מערב,הרצל,25.0,1760000,43,2.0,3.0,2025,5,175894.88,659412.88,34.743312,32.027068,-0.115,605.6
אבן יהודה,,הנוטע,20.0,3500000,174,6.0,3.0,2023,12,189459.23,686221.5,34.886059,32.269262,0.421,921.9
אבן יהודה,,הנוטע,22.0,3550000,109,4.0,3.0,2023,11,189459.23,686221.5,34.886059,32.269262,0.421,921.9
נהרייה,מרכז העיר,ויצמן,111.0,2100000,141,5.0,4.0,2025,4,208897.25,767212.94,35.091455,32.999927,0.137,783.8
חולון,נאות יהודית,מרבד הקסמים,4.0,2324000,83,3.0,3.0,2024,12,180535.43,657936.13,34.792494,32.01392,0.421,921.9
חולון,נאות יהודית,מרבד הקסמים,10.0,343000,94,4.0,3.0,2025,3,180573.17,657873.12,34.792896,32.013353,0.421,921.9
חולון,נאות יהודית,מרבד הקסמים,4.0,2230000,82,3.0,3.0,2024,3,180535.43,657936.13,34.792494,32.01392,0.421,921.9
בית שמש,"שז""ר",נחל ניצנים,10.0,1950000,86,3.0,3.0,2023,5,198991.28,624530.35,34.988536,31.713143,-1.193,302.0
בית שמש,"שז""ר",נחל ניצנים,10.0,1930000,73,3.0,1.0,2024,11,198991.28,624530.35,34.988536,31.713143,-1.193,302.0
בית שמש,"שז""ר",נחל ניצנים,10.0,1750000,73,3.0,3.0,2022,6,198991.28,624530.35,34.988536,31.713143,-1.193,302.0
רכסים,,הרימונים,15.0,1250000,133,5.0,0.0,2023,8,209543.31,739512.94,35.098665,32.750167,0.421,921.9
אשקלון,בן גוריון,ברגסון,5.0,1537000,110,4.0,3.0,2023,8,158993.25,619075.75,34.566911,31.662541,-0.255,589.1
אשקלון,בן גוריון,ברגסון,5.0,436000,74,4.0,3.0,2023,1,158993.25,619075.75,34.566911,31.662541,-0.255,589.1
אשקלון,בן גוריון,ברגסון,3.0,980000,41,3.0,3.0,2026,2,158984.1,619053.07,34.566816,31.662336,-0.255,589.1
עפולה,עפולה הצעירה,העולים,3.0,1022000,89,4.0,1.0,2022,9,230445.57,726082.03,35.321543,32.629049,-0.331,551.2
עפולה,עפולה הצעירה,העולים,12.0,400000,47,2.0,1.0,2022,6,230532.0,725998.06,35.322463,32.628291,-0.331,551.2
מבשרת ציון,,,,2200000,99,4.0,3.0,2024,5,213439.26,632970.84,35.140909,31.78943,1.204,1303.2
חדרה,מרכז העיר,"רמב""ם",27.0,1700000,130,4.0,3.0,2022,2,192079.49,704847.89,34.913332,32.437292,0.173,777.9
חדרה,מרכז העיר,"רמב""ם",18.0,2042000,117,5.0,3.0,2022,11,192153.56,704869.09,34.914119,32.437485,0.173,777.9
חדרה,"רמב""ם","רמב""ם",33.0,1490000,136,4.0,3.0,2025,4,192120.02,704985.95,34.913759,32.438538,0.173,777.9
מודיעין-מכבים-רעות,אבני חן,תכלת,45.0,3900000,128,4.0,3.0,2022,9,199852.83,645282.01,34.997208,31.900303,1.465,1403.3
מודיעין-מכבים-רעות,אבני חן,תכלת,65.0,2650000,105,3.0,3.0,2025,5,199670.3,645451.91,34.995275,31.901832,1.465,1403.3
מודיעין-מכבים-רעות,אבני חן,תכלת,69.0,2600000,75,3.0,1.0,2023,3,199599.65,645458.25,34.994528,31.901888,1.465,1403.3
אלומות,,,,607000,100,4.0,3.0,2025,7,251497.37,734985.86,35.546175,32.708925,0.421,921.9
יבנה,,הרצל,16.0,2425000,128,4.0,3.0,2025,3,174344.67,641589.0,34.727733,31.866274,0.508,929.6
יבנה,,הרצל,2.0,2770000,153,5.0,3.0,2025,9,174519.96,641875.21,34.729572,31.868862,0.508,929.6
יבנה,,הרצל,6.0,2700000,114,4.0,3.0,2024,8,174473.6,641791.47,34.729086,31.868105,0.508,929.6
אשדוד,רובע סיטי,"תש""ח",2.0,3285000,167,5.5,7.0,2024,4,166493.5,633012.29,34.645237,31.788592,-0.188,654.2
אשדוד,רובע סיטי,"תש""ח",2.0,2550000,132,5.0,10.0,2021,8,166493.5,633012.29,34.645237,31.788592,-0.188,654.2
אור יהודה,נווה רבין,ניצן,21.0,3360000,213,5.0,3.0,2026,2,188104.54,659067.9,34.872569,32.024361,-0.135,622.8
חולון,קריית שרת,מפרץ שלמה,2.0,1620000,46,2.0,8.0,2023,9,181109.0,657047.28,34.7986,32.005924,0.421,921.9
חולון,קריית שרת,מפרץ שלמה,10.0,1510000,57,3.0,3.0,2024,4,181020.39,657001.93,34.797664,32.005512,0.421,921.9
חולון,קרית שרת מערב,מפרץ שלמה,39.0,1885000,89,4.0,4.0,2021,12,180158.59,656917.49,34.788547,32.004721,0.421,921.9
רמת גן,רמת עמידר,הרב לוין,5.0,1100000,80,3.0,4.0,2024,9,184432.39,664221.54,34.833511,32.070728,1.048,1230.5
רמת גן,רמת עמידר,הרב לוין,11.0,1747000,65,4.0,3.0,2022,3,184515.49,664196.74,34.834392,32.070507,1.048,1230.5
רמת גן,רמת עמידר,הרב לוין,6.0,2320000,58,3.0,3.0,2022,10,184427.99,664176.42,34.833466,32.070321,1.048,1230.5
נוף הגליל,צפונית,ציפורי,11.0,790000,70,3.0,1.0,2021,5,230160.58,734791.37,35.318606,32.707585,-0.214,576.4
נוף הגליל,צפונית,ציפורי,3.0,610000,48,3.0,0.0,2025,11,230293.51,734903.41,35.320025,32.708594,-0.214,576.4
רחובות,היובל,חכם אברהם עפג'ין,11.0,2555000,103,4.0,5.0,2025,8,183444.4,643974.53,34.823802,31.888111,0.697,1049.1
רחובות,היובל,חכם אברהם עפג'ין,11.0,2135000,103,4.0,3.0,2021,10,183444.4,643974.53,34.823802,31.888111,0.697,1049.1
רחובות,היובל,חכם אברהם עפג'ין,3.0,2215000,129,5.0,6.0,2021,5,183470.19,643829.18,34.82408,31.886801,0.697,1049.1
זיקים,,,,2200000,228,5.0,1.0,2023,9,154555.68,613251.63,34.520508,31.609777,0.421,921.9
זיקים,,,,3500000,500,5.0,1.0,2024,6,154555.68,613251.63,34.520508,31.609777,0.421,921.9
פרדסייה,,,,2600000,171,4.0,3.0,2023,11,192022.3,690990.68,34.913125,32.312334,0.421,921.9
יפעת,,,,630000,58,3.0,1.0,2024,12,221048.54,731432.55,35.221417,32.677349,0.421,921.9
נוף הגליל,בן גוריון,אורה,3.0,1000000,80,4.0,3.0,2023,12,229551.51,733589.79,35.312097,32.696756,-0.214,576.4
נוף הגליל,בן גוריון,אורה,3.0,840000,76,3.0,3.0,2023,7,229551.51,733589.79,35.312097,32.696756,-0.214,576.4
נוף הגליל,בן גוריון,אורה,3.0,1200000,100,4.0,1.0,2022,1,229551.51,733589.79,35.312097,32.696756,-0.214,576.4
אחוזת ברק,,נוריות,33.0,2300000,123,4.0,3.0,2025,7,231998.83,727528.33,35.338114,32.642074,0.421,921.9
אחוזת ברק,,נוריות,1.0,2300000,117,4.5,3.0,2023,2,232167.49,727568.47,35.339912,32.642434,0.421,921.9
רכסים,,הרב עוזיאל,15.0,1300000,96,4.0,0.0,2023,6,209405.28,739152.32,35.097196,32.746914,0.421,921.9
רכסים,,הרב עוזיאל,15.0,1300000,100,4.0,0.0,2023,4,209405.28,739152.32,35.097196,32.746914,0.421,921.9
רכסים,,הרב עוזיאל,6.0,400000,38,2.5,0.0,2022,10,209461.92,739091.15,35.097801,32.746363,0.421,921.9
מעלה אדומים,צמח השדה,צמח השדה,49.0,3600000,176,7.0,1.0,2024,12,228976.24,630758.01,35.304936,31.76945,0.226,817.5
מעלה אדומים,צמח השדה,צמח השדה,27.0,1940000,102,4.0,3.0,2025,7,228603.51,630502.31,35.300999,31.767147,0.226,817.5
מעלה אדומים,צמח השדה,צמח השדה,39.0,1560000,80,3.0,3.0,2024,1,228843.96,630689.48,35.303539,31.768833,0.226,817.5
אשקלון,בן גוריון,טשרניחובסקי,8.0,955000,69,3.0,3.0,2022,8,158451.54,618456.84,34.561238,31.656931,-0.255,589.1
אשקלון,בן גוריון,טשרניחובסקי,2.0,1080000,44,3.0,3.0,2025,12,158483.43,618524.07,34.56157,31.657539,-0.255,589.1
אשקלון,בן גוריון,טשרניחובסקי,3.0,950000,80,2.0,1.0,2021,11,158529.06,618477.23,34.562054,31.657119,-0.255,589.1
הוד השרון,רמות מנחם,שבו,6.0,104000,155,5.0,3.0,2023,4,189480.96,672565.12,34.886718,32.146114,1.498,1427.0
הוד השרון,רמות מנחם,שבו,4.0,3960000,108,4.0,3.0,2023,2,189482.12,672541.16,34.886731,32.145898,1.498,1427.0
ראש העין,נווה אפק,כינור,5.0,1450000,83,4.0,4.0,2021,6,197504.88,666555.72,34.971904,32.092107,0.741,1061.7
ראש העין,נווה אפק,כינור,9.0,1780000,64,2.0,0.0,2022,6,197504.88,666555.72,34.971904,32.092107,0.741,1061.7
ראש העין,נווה אפק,כינור,7.0,1340000,82,3.0,4.0,2021,12,197504.88,666555.72,34.971904,32.092107,0.741,1061.7
בית שמש,מרכז העיר,הרצל,6.0,1670000,80,4.0,1.0,2023,2,198923.66,628612.13,34.987737,31.749953,-1.193,302.0
בית שמש,מרכז העיר,הרצל,4.0,1635000,63,3.0,1.0,2025,9,198883.66,628607.0,34.987315,31.749906,-1.193,302.0
רמת גן,מרכז העיר ג,הילד,1.0,3518000,78,3.0,14.0,2024,6,182494.9,666040.36,34.812922,32.087068,1.048,1230.5
נתיבות,,,,1552000,116,5.0,3.0,2025,3,158448.94,593517.32,34.562751,31.432022,-0.8,328.9
תל מונד,,היהלום,29.0,4080000,236,5.0,1.0,2021,12,191614.1,683927.26,34.908997,32.248629,0.421,921.9
קרית אתא,גבעת הרקפות,גוש עציון,3.0,900000,49,3.0,1.0,2024,4,212060.94,746075.48,35.125477,32.809361,0.084,723.6
קרית אתא,גבעת הרקפות,גוש עציון,1.0,565000,49,3.0,3.0,2022,8,212057.32,746107.97,35.125438,32.809654,0.084,723.6
קרית גת,מגדים,הדקל,15.0,1000000,58,3.0,3.0,2025,12,178010.65,612518.22,34.767703,31.604247,-0.47,469.5
קרית גת,מגדים,הדקל,7.0,800000,60,2.0,1.0,2021,11,177999.91,612537.55,34.767589,31.604421,-0.47,469.5
יהוד-מונוסון,אזור תעשיה,,,1900000,65,3.0,1.0,2022,3,189508.69,659526.21,34.887418,32.028532,0.975,1188.4
פתח תקווה,הדר המושבות,חדרה,38.0,2340000,72,3.0,3.0,2025,7,187922.24,667773.97,34.870354,32.102866,0.492,944.5
פתח תקווה,הדר המושבות,חדרה,8.0,2450000,101,3.5,4.0,2025,6,188205.4,668110.76,34.873343,32.105911,0.492,944.5
פתח תקווה,הדר המושבות,חדרה,17.0,2350000,85,3.0,3.0,2025,5,188012.18,667924.51,34.871302,32.104226,0.492,944.5
קרית אתא,מרכז העיר,זבולון,7.0,1150000,115,4.0,3.0,2022,4,209957.46,745594.51,35.103022,32.805008,0.084,723.6
קרית אתא,קרית פרוסטיג,זבולון,70.0,990000,67,3.0,3.0,2025,1,209249.54,745552.52,35.095464,32.804623,0.084,723.6
קרית אתא,מרכז העיר,זבולון,15.0,1290000,80,4.0,3.0,2023,9,209843.63,745560.69,35.101807,32.804702,0.084,723.6
אשקלון,,קונדיטון,10.0,831000,96,3.0,5.0,2022,2,161863.55,621960.34,34.597005,31.688702,-0.255,589.1
אשקלון,,קונדיטון,2.0,2490000,141,5.0,6.0,2022,1,161397.17,622101.67,34.592078,31.689953,-0.255,589.1
אשקלון,,קונדיטון,2.0,1305097,126,5.0,1.0,2021,5,161397.17,622101.67,34.592078,31.689953,-0.255,589.1
מבשרת ציון,,כרמל,1.0,1730000,80,3.0,3.0,2021,10,214677.77,635010.02,35.153976,31.807826,1.204,1303.2
מבשרת ציון,,כרמל,11.0,1600000,139,4.5,5.0,2024,6,214482.28,634901.34,35.151912,31.806845,1.204,1303.2
נחשון,,,,140000,50,2.0,1.0,2022,1,195965.65,633895.03,34.956391,31.797539,0.421,921.9
נחשון,,,,2400000,90,5.0,1.0,2021,10,195965.65,633895.03,34.956391,31.797539,0.421,921.9
רחובות,החלוץ\ העבודה,הרצל,188.0,1480000,81,3.0,1.0,2024,1,182238.93,645034.61,34.81102,31.897632,0.697,1049.1
רחובות,אייזנבר\ אהרוני,הרצל,208.0,1960000,102,4.0,5.0,2024,11,182156.76,645331.64,34.81014,31.900308,0.697,1049.1
נצרת עילית,,,,1494000,128,4.0,8.0,2026,2,231234.39,734435.37,35.330054,32.704364,-0.214,576.4
נצרת עילית,,,,1432000,130,4.0,8.0,2026,2,231234.39,734435.37,35.330054,32.704364,-0.214,576.4
נצרת עילית,,,,960000,80,3.0,5.0,2026,2,231234.39,734435.37,35.330054,32.704364,-0.214,576.4
אשקלון,נווה ים,הרב ניסים יצחק,104.0,1520000,120,4.0,3.0,2023,5,157825.36,618841.78,34.554612,31.660369,-0.255,589.1
אשקלון,נווה ים,הרב ניסים יצחק,13.0,2500000,489,7.0,3.0,2021,7,157520.68,618519.47,34.55142,31.657446,-0.255,589.1
תל אביב-יפו,נאות אפקה ב,גליקסברג,1.0,1244000,111,4.0,4.0,2022,9,183329.06,669385.43,34.821632,32.11726,1.064,1197.2
תל אביב-יפו,נאות אפקה ב,גליקסברג,18.0,3900000,97,4.0,3.0,2021,6,183558.1,669514.8,34.824054,32.118434,1.064,1197.2
תל אביב-יפו,נאות אפקה ב,גליקסברג,4.0,4100000,109,4.0,4.0,2024,3,183404.77,669390.26,34.822434,32.117306,1.064,1197.2
תל אביב-יפו,הצפון הישן-החלק הצפוני,דיזנגוף,230.0,128000,52,3.0,1.0,2025,7,178984.75,666280.7,34.775731,32.089115,1.064,1197.2
תל אביב-יפו,הצפון הישן החלק הדרומי,דיזנגוף,50.0,3450000,61,3.0,3.0,2025,9,178959.9,664778.31,34.775531,32.075566,1.064,1197.2
בת ים,בית וגן,ברל כצנלסון,4.0,1660000,60,2.0,4.0,2025,1,176928.15,659179.09,34.75426,32.024999,-0.115,605.6
בת ים,רמת יוסף,ברל כצנלסון,41.0,3265000,111,4.5,8.0,2024,7,176985.17,658646.91,34.754887,32.020202,-0.115,605.6
הרצליה,נווה ישראל,סנש חנה,26.0,3927000,114,5.0,3.0,2023,6,184987.18,674013.89,34.839035,32.15905,1.247,1317.1
הרצליה,נווה ישראל,סנש חנה,24.0,3595900,112,5.0,3.0,2024,5,184987.18,674013.89,34.839035,32.15905,1.247,1317.1
הרצליה,נווה ישראל,סנש חנה,25.0,3600000,102,4.0,4.0,2022,8,184969.41,673974.14,34.838848,32.158691,1.247,1317.1
בית שמש,רמת בית שמש א,נחל לכיש,34.0,3300000,147,6.0,3.0,2021,5,199427.21,624485.14,34.993136,31.712743,-1.193,302.0
בית שמש,רמת בית שמש א,נחל לכיש,13.0,2450000,83,4.0,3.0,2025,2,199266.15,624622.5,34.991434,31.713979,-1.193,302.0
בית שמש,רמת בית שמש א,נחל לכיש,31.0,2340000,122,4.0,3.0,2025,2,199494.01,624565.62,34.993839,31.71347,-1.193,302.0
אשקלון,מתחם מ-7,דוריף,39.0,3850000,172,6.0,15.0,2026,2,161673.54,621605.67,34.595022,31.685494,-0.255,589.1
אשקלון,מתחם מ-7,דוריף,39.0,2020000,109,4.0,3.0,2025,3,161673.54,621605.67,34.595022,31.685494,-0.255,589.1
מודיעין-מכבים-רעות,הנביאים,עמק בית שאן,40.0,2650000,110,4.0,1.0,2022,12,200274.56,646708.44,35.001638,31.913174,1.465,1403.3
מודיעין-מכבים-רעות,המגינים,עמק בית שאן,25.0,1720000,73,3.0,3.0,2021,5,200312.24,646474.62,35.002041,31.911066,1.465,1403.3
מודיעין-מכבים-רעות,המגינים,עמק בית שאן,45.0,2350000,90,3.0,3.0,2024,4,200168.15,646704.76,35.000513,31.913139,1.465,1403.3
רחובות,נווה אלון,לוין אפשטין,16.0,2440000,90,4.0,1.0,2022,5,182125.08,644944.53,34.80982,31.896816,0.697,1049.1
רחובות,נווה אלון,לוין אפשטין,42.0,3425000,130,5.0,6.0,2024,4,181869.09,644997.92,34.807112,31.897289,0.697,1049.1
רחובות,מתחם התחנה המרכזית,לוין אפשטין,15.0,1900000,94,4.0,3.0,2024,7,182079.35,644909.88,34.809338,31.896502,0.697,1049.1
בני ברק,קרית נדבורנא,חזון איש,85.0,3025000,109,5.0,3.0,2024,2,184459.92,664867.5,34.833779,32.076554,-1.577,139.7
בני ברק,קרית הישיבה,חזון איש,8.0,2790000,65,2.5,3.0,2024,7,184673.23,665760.22,34.836006,32.084611,-1.577,139.7
בני ברק,קרית נדבורנא,חזון איש,59.0,218000,78,3.0,3.0,2023,2,184517.87,665163.93,34.834382,32.079229,-1.577,139.7
ראש העין,נווה אפק,מבצע חירם,1.0,2720000,83,4.0,-1.0,2022,2,197536.59,667030.93,34.972229,32.096393,0.741,1061.7
ראש העין,נווה אפק,מבצע חירם,1.0,2860000,97,4.5,-1.0,2025,5,197536.59,667030.93,34.972229,32.096393,0.741,1061.7
ראש העין,נווה אפק,מבצע חירם,8.0,2395000,146,5.0,3.0,2025,5,197539.79,666984.13,34.972264,32.095971,0.741,1061.7
אשדוד,רובע ג,הבעל שם טוב,1.0,2000000,114,4.0,3.0,2025,9,168100.36,634004.15,34.66215,31.79761,-0.188,654.2
אשדוד,רובע ג,הבעל שם טוב,4.0,1645000,70,3.0,4.0,2025,9,168015.86,633982.07,34.661259,31.797407,-0.188,654.2
אשדוד,רובע ג,הבעל שם טוב,2.0,1670000,70,3.0,4.0,2025,1,168040.32,634006.23,34.661516,31.797626,-0.188,654.2
בת ים,צפון-מערב,הלפר,35.0,2275000,113,4.0,4.0,2022,7,176287.41,659640.21,34.747457,32.029133,-0.115,605.6
בת ים,צפון-מערב,הלפר,12.0,2510000,85,4.0,3.0,2022,6,175918.28,659496.29,34.743556,32.027821,-0.115,605.6
בת ים,צפון-מערב,הלפר,14.0,2505000,92,4.0,3.0,2022,2,175947.0,659496.94,34.74386,32.027828,-0.115,605.6
קרית ביאליק,מרכז העיר,עכו,72.0,1535000,79,3.0,1.0,2025,4,207932.8,748388.42,35.08137,32.830181,0.477,957.3
להבים,,ורד,65.0,2300000,191,6.0,1.0,2025,1,182643.93,586975.42,34.817475,31.374044,0.421,921.9
עפולה,,,,1710000,144,4.0,3.0,2026,1,227505.78,724970.34,35.290207,32.61905,-0.331,551.2
עפולה,,,,1650000,101,4.0,3.0,2025,2,227505.78,724970.34,35.290207,32.61905,-0.331,551.2
מבשרת ציון,,הזמיר,16.0,347000,169,7.0,3.0,2022,12,213960.48,635000.84,35.146401,31.80774,1.204,1303.2
בני ברק,פרדס כץ,אברבנאל,123.0,2400000,88,3.0,4.0,2025,6,184350.44,667099.35,34.832538,32.096677,-1.577,139.7
בני ברק,פרדס כץ,אברבנאל,123.0,1045000,92,3.0,5.0,2024,9,184350.44,667099.35,34.832538,32.096677,-1.577,139.7
נוף הגליל,פינת עדן,הגליל,44.0,1950000,48,2.0,3.0,2025,2,230987.43,734015.21,35.327415,32.700578,-0.214,576.4
רחובות,מילר\ מלצר,הרב מלצר,12.0,1300000,70,3.0,4.0,2023,3,182829.91,645459.73,34.817251,31.901485,0.697,1049.1
רחובות,מילר\ מלצר,הרב מלצר,1.0,950000,104,3.0,1.0,2025,7,182675.59,645478.03,34.815619,31.901645,0.697,1049.1
רחובות,מילר\ מלצר,הרב מלצר,2.0,130000,75,3.0,3.0,2025,5,182681.8,645442.85,34.815686,31.901328,0.697,1049.1
בני ברק,אהרונוביץ- סוקולוב,ראובן אהרונוביץ,22.0,3800000,120,5.0,3.0,2024,6,184912.41,666159.95,34.838525,32.088223,-1.577,139.7
רמת גן,מרכז העיר א,מצפה,2.0,4550000,111,4.0,3.0,2023,12,181873.42,665477.63,34.806361,32.081973,1.048,1230.5
רמת גן,מרכז העיר א,מצפה,1.0,3600000,97,3.0,4.0,2024,8,181895.08,665514.26,34.806589,32.082304,1.048,1230.5
רמת גן,מרכז העיר א,מצפה,2.0,700000,111,4.0,3.0,2024,11,181873.42,665477.63,34.806361,32.081973,1.048,1230.5
נהרייה,,,,1750000,154,5.0,4.0,2021,5,210511.59,768451.49,35.108717,33.011109,0.137,783.8
קרית מוצקין,מוצקין הותיקה,אושה,34.0,1550000,102,5.0,1.0,2024,12,207468.97,748103.17,35.07642,32.827604,0.419,922.3
קרית מוצקין,מוצקין הותיקה,אושה,12.0,1090000,105,5.0,3.0,2021,10,207564.52,747902.32,35.077443,32.825794,0.419,922.3
קרית מוצקין,מוצקין הותיקה,אושה,13.0,1300000,97,3.0,0.0,2021,6,207537.69,747864.2,35.077157,32.82545,0.419,922.3
בני ברק,הר שלום,טבריה,13.0,2075000,96,3.0,3.0,2023,7,183632.13,665988.5,34.82497,32.086637,-1.577,139.7
בית שמש,,נהר הירקון,11.0,5090000,226,5.0,3.0,2025,2,199495.03,623968.51,34.993862,31.708085,-1.193,302.0
בית שמש,,נהר הירקון,11.0,3850000,227,6.0,3.0,2022,3,199495.16,623986.25,34.993863,31.708245,-1.193,302.0
בית שמש,,נהר הירקון,27.0,4150000,173,5.0,3.0,2025,9,199674.68,623976.59,34.995757,31.708161,-1.193,302.0
רמת גן,מרכז העיר ב,"האש""ל",16.0,3600000,87,4.0,7.0,2025,11,182977.71,665516.54,34.818056,32.08236,1.048,1230.5
רמת גן,מרכז העיר ב,"האש""ל",24.0,3800000,114,4.0,3.0,2024,11,183004.33,665436.71,34.818341,32.081641,1.048,1230.5
כפר סבא,פועלים א,אמבר,5.0,1700000,113,4.0,3.0,2021,6,190956.91,675558.85,34.902273,32.173149,1.164,1298.0
כפר סבא,פועלים א,אמבר,17.0,1990000,56,2.0,3.0,2024,6,191089.81,675528.43,34.903683,32.172878,1.164,1298.0
אשקלון,גבעת ציון,זמורה,6.0,3000000,165,5.0,1.0,2022,3,159965.74,617994.83,34.57723,31.652844,-0.255,589.1
בית שמש,רמת בית שמש ג,נריה הנביא,20.0,2350000,110,4.0,3.0,2022,5,198002.16,623477.07,34.978124,31.703626,-1.193,302.0
בית שמש,רמת בית שמש ג,נריה הנביא,28.0,2423000,98,4.0,3.0,2023,7,198057.99,623428.72,34.978714,31.703191,-1.193,302.0
בית שמש,רמת בית שמש ג,נריה הנביא,11.0,3950000,166,6.0,0.0,2025,6,198055.26,623481.95,34.978684,31.703671,-1.193,302.0
אשקלון,רמת אשכול,הרב יחיה משה קאפח,10.0,1490000,101,6.0,1.0,2024,3,161419.5,619523.27,34.592466,31.666702,-0.255,589.1
קרית אתא,קרית בנימין,יצחק בן צבי,51.0,878700,66,3.0,1.0,2022,10,208989.93,744772.81,35.092701,32.79759,0.084,723.6
קרית אתא,קרית בנימין,יצחק בן צבי,68.0,970000,65,3.0,3.0,2024,4,208930.15,744571.59,35.092065,32.795775,0.084,723.6
כפר סבא,קפלן,תרי עשר,20.0,154000,145,5.0,3.0,2023,4,194503.39,677575.52,34.939822,32.191419,1.164,1298.0
רחובות,נווה אלון,ברוך שפינוזה,1.0,2100000,82,4.0,1.0,2024,5,181332.8,644947.89,34.801445,31.89682,0.697,1049.1
קדימה-צורן,,אחד העם,34.0,4050000,322,6.0,1.0,2021,7,191527.76,687503.73,34.907976,32.280878,1.222,1319.6
כפר הנשיא,,,,163000,70,3.0,1.0,2023,3,256808.53,764531.48,35.604012,32.975161,0.421,921.9
כפר הנשיא,,,,487000,79,3.0,1.0,2021,7,256808.53,764531.48,35.604012,32.975161,0.421,921.9
כפר הנשיא,,,,609000,110,4.0,1.0,2024,7,256808.53,764531.48,35.604012,32.975161,0.421,921.9
נתיבות,ברית כהונה,ירושלים,20.0,980000,63,4.0,3.0,2025,12,161742.26,592608.31,34.597442,31.423993,-0.8,328.9
נתיבות,לוי אשכול,ירושלים,143.0,935000,128,4.0,4.0,2024,12,160853.77,592097.87,34.588128,31.419345,-0.8,328.9
רחובות,סלע,דב קליין,3.0,4100000,153,6.0,1.0,2024,7,180911.35,644572.0,34.797005,31.893416,0.697,1049.1
חולון,רסקו א,השיטה,33.0,1000000,66,2.0,3.0,2021,6,180018.95,658464.96,34.787006,32.018671,0.421,921.9
חולון,רסקו א,השיטה,34.0,1850000,73,4.0,3.0,2021,11,179992.94,658408.95,34.786733,32.018165,0.421,921.9
מודיעין-מכבים-רעות,השבטים,יוסף,88.0,8600000,206,6.5,3.0,2023,10,200432.75,644082.45,35.003362,31.889495,1.465,1403.3
מודיעין-מכבים-רעות,השבטים,יוסף,95.0,3650000,225,6.5,3.0,2024,1,200433.43,644037.43,35.00337,31.889089,1.465,1403.3
טירת כרמל,נאות כרמל,מוצקין,43.0,1365000,68,4.0,3.0,2024,1,198057.84,741754.2,34.976059,32.770213,-0.027,688.9
טירת כרמל,נאות כרמל,מוצקין,35.0,1060000,99,5.0,3.0,2021,11,198022.78,741704.37,34.975686,32.769763,-0.027,688.9
טירת כרמל,ביאליק,מוצקין,24.0,1320000,48,3.0,3.0,2025,11,197640.94,741478.08,34.971616,32.767715,-0.027,688.9
א-רינה,,אל-ג'ליל,17.0,1000000,167,5.0,3.0,2023,11,229488.44,735496.89,35.311445,32.713953,0.421,921.9
הרצליה,הרצליה הצעירה,ברנר,4.0,3100000,100,4.0,1.0,2025,10,185367.7,673783.05,34.843077,32.15698,1.247,1317.1
הרצליה,הרצליה הצעירה,ברנר,2.0,4200000,100,7.0,3.0,2022,4,185335.38,673794.47,34.842734,32.157082,1.247,1317.1
תל מונד,,ההדס,11.0,2600000,171,5.0,3.0,2025,9,192174.07,684031.53,34.914936,32.249583,0.421,921.9
תל מונד,,ההדס,10.0,5850000,192,6.0,3.0,2025,3,192255.54,684084.87,34.915799,32.250066,0.421,921.9
ביתר עילית,הגפן,"חב""ד",12.0,2680000,120,4.0,3.0,2024,5,210517.82,622983.65,35.110154,31.699342,-1.862,78.5
ביתר עילית,,"חב""ד",23.0,1247000,78,3.0,3.0,2022,1,210487.21,622894.53,35.109832,31.698538,-1.862,78.5
ביתר עילית,,"חב""ד",17.0,793000,77,3.0,3.0,2021,7,210576.0,622950.34,35.110768,31.699042,-1.862,78.5
יפיע (יאפת א-נאס'רה),,רח' 602,1.0,550000,100,3.0,1.0,2024,8,226003.68,731498.9,35.274248,32.677929,0.421,921.9
יפיע (יאפת א-נאס'רה),,רח' 602,1.0,430000,106,3.0,1.0,2024,4,226003.68,731498.9,35.274248,32.677929,0.421,921.9
קרית גת,כרמי גת,נחל גוברין,7.0,2200000,144,4.0,3.0,2025,10,177777.3,615024.81,34.765138,31.626844,-0.47,469.5
קרית גת,כרמי גת,נחל גוברין,9.0,1550000,78,3.0,3.0,2025,6,177777.3,615024.81,34.765138,31.626844,-0.47,469.5
קרית גת,כרמי גת,נחל גוברין,13.0,1660000,93,4.0,3.0,2024,12,177738.58,614973.41,34.764732,31.626379,-0.47,469.5
צפת,,,,1812000,120,5.0,1.0,2022,9,247992.45,762489.12,35.509641,32.957012,-1.044,312.2
קרית טבעון,,יזרעאל,45.0,3150000,100,4.0,1.0,2024,4,212379.67,734797.44,35.128966,32.707669,1.267,1354.8
קרית טבעון,,יזרעאל,6.0,3800000,170,6.0,3.0,2025,12,212327.91,734928.01,35.128413,32.708846,1.267,1354.8
קרית ביאליק,צור שלום,חיים,18.0,1200000,100,4.0,3.0,2022,6,209514.22,750680.51,35.098235,32.850864,0.477,957.3
קרית ביאליק,צור שלום,חיים,87.0,1160000,80,3.0,3.0,2025,1,209494.35,751023.56,35.098019,32.853957,0.477,957.3
קרית ביאליק,צור שלום,חיים,5.0,959500,89,4.0,1.0,2022,8,209435.79,750508.14,35.097399,32.849309,0.477,957.3
גבעתיים,בורוכוב,בלוך,12.0,3250000,100,4.0,3.0,2023,5,182485.01,664929.59,34.81286,32.077051,1.522,1451.9
גבעתיים,בורוכוב,בלוך,9.0,2500000,81,2.5,1.0,2024,1,182444.94,664942.82,34.812435,32.077169,1.522,1451.9
מבשרת ציון,,השלום,53.0,2780000,117,4.0,3.0,2023,3,215001.62,634584.19,35.157398,31.803987,1.204,1303.2
מבשרת ציון,,השלום,111.0,4250000,152,6.0,1.0,2024,11,214592.52,634548.89,35.153078,31.803667,1.204,1303.2
מבשרת ציון,,השלום,10.0,3675000,108,4.0,3.0,2024,2,215385.24,634380.34,35.16145,31.80215,1.204,1303.2
קרית טבעון,,השקדים,6.0,1075000,51,3.0,-1.0,2021,11,212855.96,736601.25,35.134033,32.723937,1.267,1354.8
קרית טבעון,,השקדים,9.0,2000000,86,4.0,1.0,2024,6,212886.71,736753.94,35.13436,32.725314,1.267,1354.8
קרית מוצקין,לב העיר,הרקפת,9.0,615000,57,2.0,3.0,2021,7,207562.37,749000.15,35.077406,32.835693,0.419,922.3
אופקים,קרית מנחם,יקינתון,6.0,3180000,176,5.0,1.0,2024,7,163508.66,579016.32,34.616782,31.3015,-0.795,332.2
